surface,group,name,type,default_literal,has_default,allowed_tokens,display_name,description,source,source_line,status
RendererConfig,Renderer creation,sync_mode,Optional[bool],None,True,[],sync_mode,Enables synchronous rendering mode for debugging purposes.,/home/dillonb/DEV/skills-src/ovrtx/python/ovrtx/_src/types.py,1503,public_API_declared_not_runtime_verified
RendererConfig,Renderer creation,log_file_path,Optional[str],None,True,[],log_file_path,Set the path to the log file for logging output.,/home/dillonb/DEV/skills-src/ovrtx/python/ovrtx/_src/types.py,1506,public_API_declared_not_runtime_verified
RendererConfig,Renderer creation,log_level,Optional[str],None,True,[],log_level,"Set the log level for logging output (e.g. ""verbose"", ""info"", ""warn"", ""error"").",/home/dillonb/DEV/skills-src/ovrtx/python/ovrtx/_src/types.py,1509,public_API_declared_not_runtime_verified
RendererConfig,Renderer creation,enable_profiling,Optional[bool],None,True,[],enable_profiling,Enable internal profiling. Adds overhead when enabled.,/home/dillonb/DEV/skills-src/ovrtx/python/ovrtx/_src/types.py,1512,public_API_declared_not_runtime_verified
RendererConfig,Renderer creation,read_gpu_transforms,Optional[bool],None,True,[],read_gpu_transforms,Use GPU world transform propagation during rendering.,/home/dillonb/DEV/skills-src/ovrtx/python/ovrtx/_src/types.py,1515,public_API_declared_not_runtime_verified
RendererConfig,Renderer creation,keep_system_alive,Optional[bool],None,True,[],keep_system_alive,"Keep the renderer system alive after all instances are destroyed so the next create reuses it. When omitted (`None`), the native layer defaults to enabled.",/home/dillonb/DEV/skills-src/ovrtx/python/ovrtx/_src/types.py,1518,public_API_declared_not_runtime_verified
RendererConfig,Renderer creation,active_cuda_gpus,Optional[str],None,True,[],active_cuda_gpus,"Comma-separated CUDA device indices to use for rendering (e.g., ""0,1,2"").",/home/dillonb/DEV/skills-src/ovrtx/python/ovrtx/_src/types.py,1524,public_API_declared_not_runtime_verified
RendererConfig,Renderer creation,datastore_cache,Optional[str],None,True,[],datastore_cache,"Protocol-prefixed datastore cache configuration used by UJITSO. Supported values include `grpcdns://host:port`, `grpcdns_notls://host:port`, and `local://path`. When omitted, existing defaults and environment-variable behavior are preserved.",/home/dillonb/DEV/skills-src/ovrtx/python/ovrtx/_src/types.py,1527,public_API_declared_not_runtime_verified
RendererConfig,Renderer creation,selection_outline_enabled,Optional[bool],None,True,[],selection_outline_enabled,Enable the selection-outline post-process pass. Defaults to `True` when unset. Init-time only; toggling requires recreating the renderer.,/home/dillonb/DEV/skills-src/ovrtx/python/ovrtx/_src/types.py,1532,public_API_declared_not_runtime_verified
RendererConfig,Renderer creation,selection_outline_width,Optional[int],None,True,[],selection_outline_width,Selection outline width in pixels. Valid range is `0..15` (the underlying RTX outline pipeline cap); out-of-range values are clamped by the renderer. Init-time only; changing requires recreating the renderer. Default: 2.,/home/dillonb/DEV/skills-src/ovrtx/python/ovrtx/_src/types.py,1536,public_API_declared_not_runtime_verified
RendererConfig,Renderer creation,selection_fill_mode,Optional[SelectionFillMode],None,True,[],selection_fill_mode,Selection-outline fill (interior) mode. Accepts a :class:`SelectionFillMode` member or the equivalent `int` value (`0..3`). Out-of-range values raise :class:`ValueError`. Init-time only; changing requires recreating the renderer. Default: :attr:`SelectionFillMode.GLOBAL`.,/home/dillonb/DEV/skills-src/ovrtx/python/ovrtx/_src/types.py,1541,public_API_declared_not_runtime_verified
RendererConfig,Renderer creation,enable_geometry_streaming,Optional[bool],None,True,[],enable_geometry_streaming,Enable geometry streaming. Disabled by default when `None`.,/home/dillonb/DEV/skills-src/ovrtx/python/ovrtx/_src/types.py,1549,public_API_declared_not_runtime_verified
RendererConfig,Renderer creation,enable_geometry_streaming_lod,Optional[bool],None,True,[],enable_geometry_streaming_lod,Geometry streaming LOD opt-in config entry.,/home/dillonb/DEV/skills-src/ovrtx/python/ovrtx/_src/types.py,1552,public_API_declared_not_runtime_verified
RendererConfig,Renderer creation,enable_spg,Optional[bool],None,True,[],enable_spg,"Set to False to disable Sensor Processing Graphs (SPG), enabled by default. This is a global setting, applying to all active renderer instances.",/home/dillonb/DEV/skills-src/ovrtx/python/ovrtx/_src/types.py,1555,public_API_declared_not_runtime_verified
RendererConfig,Renderer creation,suppress_deprecation_warnings,Optional[bool],None,True,[],suppress_deprecation_warnings,"Suppress Python and native runtime warnings emitted by deprecated OVRTX APIs. Compile-time deprecation diagnostics for C and C++ consumers are unaffected. When `None` or `False`, runtime deprecation warnings remain enabled.",/home/dillonb/DEV/skills-src/ovrtx/python/ovrtx/_src/types.py,1559,public_API_declared_not_runtime_verified
RendererConfig,Renderer creation,motion_bvh,Optional[MotionBvh],None,True,[],motion_bvh,"Motion BVH mode for sensor pipelines (lidar, radar, acoustic). Accepts a :class:`MotionBvh` member, the equivalent `int` value (`0..2`), or the strings `""disable""`, `""enable""`, or `""auto""`. When `None` (default), motion BVH is disabled and no config entry is sent. Sensor workflows should pass :attr:`MotionBvh.AUTO` or :attr:`MotionBvh.ENABLE`. Init-time only; changing requires recreating the renderer.",/home/dillonb/DEV/skills-src/ovrtx/python/ovrtx/_src/types.py,1566,public_API_declared_not_runtime_verified
RendererConfig,Renderer creation,sensors_allowed_deprecation_base,Optional[str],None,True,[],sensors_allowed_deprecation_base,"Allow all soft-deprecated sensor versions while pinned to a specific release: `""<major>.<minor>.<patch>""` (e.g. `""0.4.0""`). Soft-deprecated versions are rejected by default; deprecation is allowed only when this matches the current framework version, so it must be revisited on every framework upgrade.",/home/dillonb/DEV/skills-src/ovrtx/python/ovrtx/_src/types.py,1576,public_API_declared_not_runtime_verified
RendererConfig,Renderer creation,aftermath_mode,Optional[AftermathMode],None,True,[],aftermath_mode,"NVIDIA Nsight Aftermath diagnostics mode. Accepts an :class:`AftermathMode` member, the equivalent `int` value (`0..2`), or `""disable""`, `""enable""`, or `""auto""`. Disable skips Aftermath initialization, enable selects explicit diagnostics initialization, and `None` or auto selects the initialization mode automatically. This setting is process-global and must match the first renderer while the renderer system is alive.",/home/dillonb/DEV/skills-src/ovrtx/python/ovrtx/_src/types.py,1582,public_API_declared_not_runtime_verified
RendererConfig,Renderer creation,texture_streaming_mode,Optional[TextureStreamingMode],None,True,[],texture_streaming_mode,"Texture streaming mode. Accepts a :class:`TextureStreamingMode` member, the equivalent `int` value (`0..2`), or the strings `""disable""`, `""synchronous""`, or `""asynchronous""`. When `None`, asynchronous mode is used. Synchronous mode controls texture-feedback processing; it does not make all texture loading operations synchronous. This setting is process-global and applies to all active renderer instances.",/home/dillonb/DEV/skills-src/ovrtx/python/ovrtx/_src/types.py,1591,public_API_declared_not_runtime_verified
RTX schema,OmniRtxSettingsGlobalRtAdvancedAPI_1,omni:rtx:rt:multigpu:enabled,bool,1,True,[],Enabled,Enable the use of multiple GPUs for rendering when present. (deprecated carb setting path: '/rtx/realtime/mgpu/enabled'),/home/dillonb/DEV/db/Omnivore-work/ovrtx/ovrtx-0.5.0/ovrtx/bin/usd_plugins/rtx_settings/generatedSchema.usda,9,schema_declared_not_runtime_verified
RTX schema,OmniRtxSettingsGlobalPtAdvancedAPI_1,omni:rtx:pt:multigpu:enabled,bool,1,True,[],Enabled,Enable the use of multiple GPUs for rendering when present. (deprecated carb setting path: '/rtx/pathtracing/mgpu/enabled'),/home/dillonb/DEV/db/Omnivore-work/ovrtx/ovrtx-0.5.0/ovrtx/bin/usd_plugins/rtx_settings/generatedSchema.usda,19,schema_declared_not_runtime_verified
RTX schema,OmniRtxSettingsGlobalCommonAPI_1,omni:rtx:scenePartitioning:showAllPartitionsByDefault,bool,0,True,[],Show all partitions by default,Allow cameras without a scene partition to trace all foreground partitions. (deprecated carb setting path: '/rtx/scenePartitioning/showAllPartitionsByDefault'),/home/dillonb/DEV/db/Omnivore-work/ovrtx/ovrtx-0.5.0/ovrtx/bin/usd_plugins/rtx_settings/generatedSchema.usda,28,schema_declared_not_runtime_verified
RTX schema,OmniRtxSettingsGlobalCommonAPI_1,renderingColorSpace,token,"""lin_rec709_scene""",True,[],Rendering color space,"Describes a renderer's working (linear) color space where all the renderer/shader math is expected to happen. When no renderingColorSpace is provided, the renderer uses its own default. (deprecated carb setting path: '/rtx/renderingColorSpace')",/home/dillonb/DEV/db/Omnivore-work/ovrtx/ovrtx-0.5.0/ovrtx/bin/usd_plugins/rtx_settings/generatedSchema.usda,33,schema_declared_not_runtime_verified
RTX schema,OmniRtxSettingsCommonAPI_1,omni:rtx:lights:reflectionVisibleRoughnessThreshold,float,0,True,[],Reflection visible roughness threshold,"When a light is invisible to camera rays, it will also be invisible in rough reflections where the roughness is higher than this value. (deprecated carb setting path: '/rtx/raytracing/invisLightReflectionsGhostFactor')",/home/dillonb/DEV/db/Omnivore-work/ovrtx/ovrtx-0.5.0/ovrtx/bin/usd_plugins/rtx_settings/generatedSchema.usda,42,schema_declared_not_runtime_verified
RTX schema,OmniRtxSettingsCommonAPI_1,omni:rtx:lights:refractionVisibleRoughnessThreshold,float,0,True,[],Refraction visible roughness threshold,"When a light is invisible to camera rays, it will also be invisible in rough refractions where the roughness is less than this value. (deprecated carb setting path: '/rtx/raytracing/invisLightRefractionsGhostFactor')",/home/dillonb/DEV/db/Omnivore-work/ovrtx/ovrtx-0.5.0/ovrtx/bin/usd_plugins/rtx_settings/generatedSchema.usda,47,schema_declared_not_runtime_verified
RTX schema,OmniRtxSettingsCommonAPI_1,omni:rtx:lights:visibilityOverride,token,"""perLight""",True,"[""perLight"", ""forceVisible"", ""forceInvisible""]",Visibility override,Decide whether lights are visible or invisible to the camera. (deprecated carb setting path: '/rtx/raytracing/showLights'),/home/dillonb/DEV/db/Omnivore-work/ovrtx/ovrtx-0.5.0/ovrtx/bin/usd_plugins/rtx_settings/generatedSchema.usda,52,schema_declared_not_runtime_verified
RTX schema,OmniRtxSettingsCommonAPI_1,omni:rtx:materials:time:useWallClock,bool,0,True,[],Use wallclock time,Use actual elapsed time for animation instead of simulated time. Useful for interactive applications where the timeline is not playing. (deprecated carb setting path: '/rtx/animationTimeUseWallclock'),/home/dillonb/DEV/db/Omnivore-work/ovrtx/ovrtx-0.5.0/ovrtx/bin/usd_plugins/rtx_settings/generatedSchema.usda,58,schema_declared_not_runtime_verified
RTX schema,OmniRtxSettingsCommonAPI_1,omni:rtx:rendermode,token,"""Real-Time Path-Tracing""",True,"[""PathTracing"", ""Real-Time Path-Tracing"", ""Minimal""]",Render mode,(deprecated carb setting path: '/rtx/rendermode'),/home/dillonb/DEV/db/Omnivore-work/ovrtx/ovrtx-0.5.0/ovrtx/bin/usd_plugins/rtx_settings/generatedSchema.usda,63,schema_declared_not_runtime_verified
RTX schema,OmniRtxSettingsCommonAPI_1,omni:rtx:background:source:type,token,"""DomeLight""",True,"[""domeLight"", ""backplate"", ""color""]",Background source,Background Source (deprecated carb setting path: '/rtx/background/source/type'),/home/dillonb/DEV/db/Omnivore-work/ovrtx/ovrtx-0.5.0/ovrtx/bin/usd_plugins/rtx_settings/generatedSchema.usda,68,schema_declared_not_runtime_verified
RTX schema,OmniRtxSettingsCommonAPI_1,omni:rtx:background:source:texture:path,asset,@@,True,[],Background backplate texture path,Background Texture Path (deprecated carb setting path: '/rtx/background/source/texture/path'),/home/dillonb/DEV/db/Omnivore-work/ovrtx/ovrtx-0.5.0/ovrtx/bin/usd_plugins/rtx_settings/generatedSchema.usda,74,schema_declared_not_runtime_verified
RTX schema,OmniRtxSettingsCommonAPI_1,omni:rtx:background:source:texture:colorSpace,token,"""lin_rec709""",True,"[""sRGB"", ""lin_rec709""]",Background backplate texture color space,Set the color space of the backplate texture (deprecated carb setting path: '/rtx/background/source/texture/colorSpace'),/home/dillonb/DEV/db/Omnivore-work/ovrtx/ovrtx-0.5.0/ovrtx/bin/usd_plugins/rtx_settings/generatedSchema.usda,79,schema_declared_not_runtime_verified
RTX schema,OmniRtxSettingsCommonAPI_1,omni:rtx:background:source:texture:luminanceScale,float,1,True,[],Background backplate texture luminance scale,Scales the brightness of the backplate texture (deprecated carb setting path: '/rtx/background/source/texture/luminanceScale'),/home/dillonb/DEV/db/Omnivore-work/ovrtx/ovrtx-0.5.0/ovrtx/bin/usd_plugins/rtx_settings/generatedSchema.usda,85,schema_declared_not_runtime_verified
RTX schema,OmniRtxSettingsCommonAPI_1,omni:rtx:background:source:texture:textureMode,token,"""RepeatMirrored""",True,"[""repeat"", ""repeatMirrored"", ""clamp""]",Background backplate texture sample mode,Background Texture Sample Mode (deprecated carb setting path: '/rtx/background/source/texture/textureMode'),/home/dillonb/DEV/db/Omnivore-work/ovrtx/ovrtx-0.5.0/ovrtx/bin/usd_plugins/rtx_settings/generatedSchema.usda,90,schema_declared_not_runtime_verified
RTX schema,OmniRtxSettingsCommonAPI_1,omni:rtx:background:source:color,color3f,"(0, 0, 0)",True,[],Background default color,A constant color for background (deprecated carb setting path: '/rtx/background/source/color'),/home/dillonb/DEV/db/Omnivore-work/ovrtx/ovrtx-0.5.0/ovrtx/bin/usd_plugins/rtx_settings/generatedSchema.usda,96,schema_declared_not_runtime_verified
RTX schema,OmniRtxSettingsCommonAPI_1,dataWindowNDC,float4,"(0, 0, 1, 1)",True,[],Data window NDC,(deprecated carb setting path: '/rtx/dataWindowNDC'),/home/dillonb/DEV/db/Omnivore-work/ovrtx/ovrtx-0.5.0/ovrtx/bin/usd_plugins/rtx_settings/generatedSchema.usda,101,schema_declared_not_runtime_verified
RTX schema,OmniRtxSettingsCommonAdvancedAPI_1,omni:rtx:geometry:rayOffset,float,0,True,[],Ray offset,Offset used to avoid ray-triangle intersections. The default of 0 causes RTX to calculate the appropriate offset automatically. (deprecated carb setting path: '/rtx/raytracing/rayOffset'),/home/dillonb/DEV/db/Omnivore-work/ovrtx/ovrtx-0.5.0/ovrtx/bin/usd_plugins/rtx_settings/generatedSchema.usda,111,schema_declared_not_runtime_verified
RTX schema,OmniRtxSettingsCommonAdvancedAPI_1,omni:rtx:lights:dome:baking:denoising:enabled,bool,0,True,[],Baking denoising,"Denoise the Dome Light texture with the OptiX denoiser after it has been baked from an MDL material. Lets a low baking sample count produce a clean texture, at the cost of extra GPU memory during the bake. (deprecated carb setting path: '/rtx/domeLight/baking/denoising/enabled')",/home/dillonb/DEV/db/Omnivore-work/ovrtx/ovrtx-0.5.0/ovrtx/bin/usd_plugins/rtx_settings/generatedSchema.usda,116,schema_declared_not_runtime_verified
RTX schema,OmniRtxSettingsCommonAdvancedAPI_1,omni:rtx:lights:dome:baking:resolution,int,4096,True,[],Baking resolution,The baking resolution of the Dome Light texture when an MDL material is used as its image source. (deprecated carb setting path: '/rtx/domeLight/baking/resolution'),/home/dillonb/DEV/db/Omnivore-work/ovrtx/ovrtx-0.5.0/ovrtx/bin/usd_plugins/rtx_settings/generatedSchema.usda,122,schema_declared_not_runtime_verified
RTX schema,OmniRtxSettingsCommonAdvancedAPI_1,omni:rtx:lights:dome:samplingStrategy,token,"""imageBasedLighting""",True,"[""imageBasedLighting"", ""upperAndLowerIsBlack"", ""upperAndLowerIsVisible"", ""environmentMappedImageBasedLighting"", ""approximatedImageBasedLighting""]",Sampling strategy,"- imageBasedLighting: Most accurate even for high-frequency Dome Light textures. Can introduce sampling artifacts in real-time mode. - approximatedImageBasedLighting: Fast and artifacts-free sampling in real-time mode but only works well with a low-frequency texture, for example a sky with no sun disc where the sun is instead a separate Distant Light. - environmentMappedImageBasedLighting: Only sampled for reflection and refraction. Fastest, but least accurate. Good for cases where the Dome Light contributes less than other light sources. (deprecated carb setting path: '/rtx/domeLight/upperLowerStrategy')",/home/dillonb/DEV/db/Omnivore-work/ovrtx/ovrtx-0.5.0/ovrtx/bin/usd_plugins/rtx_settings/generatedSchema.usda,127,schema_declared_not_runtime_verified
RTX schema,OmniRtxSettingsCommonAdvancedAPI_1,omni:rtx:lights:shadowRayOffset,float,0.001,True,[],Shadow bias,Offset applied to the shadow ray origin along the surface normal to reduce self-shadowing artifacts. (deprecated carb setting path: '/rtx/raytracing/shadowBias'),/home/dillonb/DEV/db/Omnivore-work/ovrtx/ovrtx-0.5.0/ovrtx/bin/usd_plugins/rtx_settings/generatedSchema.usda,137,schema_declared_not_runtime_verified
RTX schema,OmniRtxSettingsCommonAdvancedAPI_1,omni:rtx:materials:refractionAsOpacity,bool,0,True,[],Refraction as opacity,"Force all refractive paths to opacity instead, accumulating opacity as alpha. Allows compositing refractive objects over a background. (deprecated carb setting path: '/rtx/material/translucencyAsOpacity')",/home/dillonb/DEV/db/Omnivore-work/ovrtx/ovrtx-0.5.0/ovrtx/bin/usd_plugins/rtx_settings/generatedSchema.usda,142,schema_declared_not_runtime_verified
RTX schema,OmniRtxSettingsCommonAdvancedAPI_1,omni:rtx:materials:time:override,float,-1,True,[],Override,Overrides the time value provided to MDL materials. (deprecated carb setting path: '/rtx/animationTime'),/home/dillonb/DEV/db/Omnivore-work/ovrtx/ovrtx-0.5.0/ovrtx/bin/usd_plugins/rtx_settings/generatedSchema.usda,147,schema_declared_not_runtime_verified
RTX schema,OmniRtxSettingsCommonAdvancedAPI_1,omni:rtx:wireframe:enabled,bool,1,True,[],Enabled,Enable wireframe mode (deprecated carb setting path: '/rtx/wireframe/enabled'),/home/dillonb/DEV/db/Omnivore-work/ovrtx/ovrtx-0.5.0/ovrtx/bin/usd_plugins/rtx_settings/generatedSchema.usda,152,schema_declared_not_runtime_verified
RTX schema,OmniRtxSettingsCommonAdvancedAPI_1,omni:rtx:wireframe:perPrimThicknessWorldSpace,bool,1,True,[],Per-prim thickness is world-space,Interprets the per-primitive wireframe thickness value in world space instead of screen space. (deprecated carb setting path: '/rtx/wireframe/wireframeThicknessWorldSpace'),/home/dillonb/DEV/db/Omnivore-work/ovrtx/ovrtx-0.5.0/ovrtx/bin/usd_plugins/rtx_settings/generatedSchema.usda,157,schema_declared_not_runtime_verified
RTX schema,OmniRtxSettingsCommonAdvancedAPI_1,omni:rtx:wireframe:thickness,float,0.3,True,[],Thickness,Thickness of the lines in wireframe mode. (deprecated carb setting path: '/rtx/wireframe/wireframeThickness'),/home/dillonb/DEV/db/Omnivore-work/ovrtx/ovrtx-0.5.0/ovrtx/bin/usd_plugins/rtx_settings/generatedSchema.usda,162,schema_declared_not_runtime_verified
RTX schema,OmniRtxSettingsCommonAdvancedAPI_1,omni:rtx:wireframePrimThicknessWorldSpace,bool,0,True,[],Global thickness is world-space,Interprets the global wireframe thickness value in world space instead of screen space. (deprecated carb setting path: '/rtx/wireframe/globalWireframeThicknessWorldSpace'),/home/dillonb/DEV/db/Omnivore-work/ovrtx/ovrtx-0.5.0/ovrtx/bin/usd_plugins/rtx_settings/generatedSchema.usda,167,schema_declared_not_runtime_verified
RTX schema,OmniRtxSettingsCommonAdvancedAPI_1,omni:rtx:raytracing:picking:occluded:enabled,bool,0,True,[],Pick Occluded Objects,Whether picking goes through objects to include those that maybe occluded byt others. (deprecated carb setting path: '/rtx/raytracing/picking/occluded/enabled'),/home/dillonb/DEV/db/Omnivore-work/ovrtx/ovrtx-0.5.0/ovrtx/bin/usd_plugins/rtx_settings/generatedSchema.usda,172,schema_declared_not_runtime_verified
RTX schema,OmniRtxSettingsCommonAdvancedAPI_1,omni:rtx:syntheticdata:sensors:returnAllBBoxesOutsideFrustum,bool,0,True,[],Include 3D Bounding Boxes outside the sensor frustum,Include 3D Bounding Boxes outside the sensor frustum when outputting the SDG ground truth AOVs. (deprecated carb setting path: '/rtx/syntheticdata/sensors/returnAllBBoxesOutsideFrustum'),/home/dillonb/DEV/db/Omnivore-work/ovrtx/ovrtx-0.5.0/ovrtx/bin/usd_plugins/rtx_settings/generatedSchema.usda,177,schema_declared_not_runtime_verified
RTX schema,OmniRtxSettingsCommonAdvancedAPI_1,omni:rtx:wireframe:mode,token,"""instance""",True,"[""instance"", ""shaded"", ""emissive""]",,(deprecated carb setting path: '/rtx/wireframe/mode'),/home/dillonb/DEV/db/Omnivore-work/ovrtx/ovrtx-0.5.0/ovrtx/bin/usd_plugins/rtx_settings/generatedSchema.usda,182,schema_declared_not_runtime_verified
RTX schema,OmniRtxSettingsCommonAdvancedAPI_1,omni:rtx:wireframe:shading:enabled,bool,1,True,[],Wireframe Shading,(deprecated carb setting path: '/rtx/wireframe/shading/enabled'),/home/dillonb/DEV/db/Omnivore-work/ovrtx/ovrtx-0.5.0/ovrtx/bin/usd_plugins/rtx_settings/generatedSchema.usda,186,schema_declared_not_runtime_verified
RTX schema,OmniRtxSettingsMinimalAPI_1,omni:rtx:minimal:mode,int,2,True,[],Minimal Shading Mode,"Shading mode: 0 = No Rendering, 1 = Constant Diffuse, 2 = Texture Diffuse, 3 = Diffuse/Glossy/Emission. (deprecated carb setting path: '/rtx/minimal/mode')",/home/dillonb/DEV/db/Omnivore-work/ovrtx/ovrtx-0.5.0/ovrtx/bin/usd_plugins/rtx_settings/generatedSchema.usda,196,schema_declared_not_runtime_verified
RTX schema,OmniRtxSettingsMinimalAPI_1,omni:rtx:minimal:constantColor,color3f,"(0.5, 0.5, 0.5)",True,[],Minimal Shading Constant Color,Color used in Constant Diffuse minimal shading mode. (deprecated carb setting path: '/rtx/minimal/constantColor'),/home/dillonb/DEV/db/Omnivore-work/ovrtx/ovrtx-0.5.0/ovrtx/bin/usd_plugins/rtx_settings/generatedSchema.usda,201,schema_declared_not_runtime_verified
RTX schema,OmniRtxSettingsMinimalAPI_1,omni:rtx:minimal:castShadows,bool,true,True,[],Cast Shadows,Global toggle to cast shadows in RTX minimal render mode. (deprecated carb setting path: '/rtx/minimal/castShadows'),/home/dillonb/DEV/db/Omnivore-work/ovrtx/ovrtx-0.5.0/ovrtx/bin/usd_plugins/rtx_settings/generatedSchema.usda,206,schema_declared_not_runtime_verified
RTX schema,OmniRtxSettingsMinimalAPI_1,omni:rtx:minimal:useMinimalPipeline,bool,true,True,[],Use Minimal Pipeline,"When true and shading mode is Diffuse/Glossy/Emission, use the lightweight minimal ray-tracing pipeline with reduced payload sizes. (deprecated carb setting path: '/rtx/minimal/useMinimalPipeline')",/home/dillonb/DEV/db/Omnivore-work/ovrtx/ovrtx-0.5.0/ovrtx/bin/usd_plugins/rtx_settings/generatedSchema.usda,211,schema_declared_not_runtime_verified
RTX schema,OmniRtxSettingsMinimalAPI_1,omni:rtx:minimal:dlss:execMode,token,"""auto""",True,"[""performance"", ""balanced"", ""quality"", ""auto"", ""rtxaa"", ""manual""]",DLSS Mode,Auto: Selects the best DLSS Mode for the current output resolution. Performance: Higher performance than balanced mode. Balanced: Balanced for optimized performance and image quality. Quality: Higher image quality than balanced mode. (deprecated carb setting path: '/rtx/minimal/dlss/execMode'),/home/dillonb/DEV/db/Omnivore-work/ovrtx/ovrtx-0.5.0/ovrtx/bin/usd_plugins/rtx_settings/generatedSchema.usda,216,schema_declared_not_runtime_verified
RTX schema,OmniRtxSettingsMinimalAPI_1,omni:rtx:sceneDb:ambientLightColor,color3f,"(0, 0, 0)",True,[],Ambient Light Color,Global ambient environment light color. (deprecated carb setting path: '/rtx/sceneDb/ambientLightColor'),/home/dillonb/DEV/db/Omnivore-work/ovrtx/ovrtx-0.5.0/ovrtx/bin/usd_plugins/rtx_settings/generatedSchema.usda,225,schema_declared_not_runtime_verified
RTX schema,OmniRtxSettingsMinimalAPI_1,omni:rtx:sceneDb:ambientLightIntensity,float,0,True,[],Ambient Light Intensity,Global ambient environment brightness (0-10). A value of 0 disables ambient lighting. (deprecated carb setting path: '/rtx/sceneDb/ambientLightIntensity'),/home/dillonb/DEV/db/Omnivore-work/ovrtx/ovrtx-0.5.0/ovrtx/bin/usd_plugins/rtx_settings/generatedSchema.usda,230,schema_declared_not_runtime_verified
RTX schema,OmniRtxSettingsRtAPI_1,omni:rtx:dlss:frameGeneration,bool,false,True,[],Frame generation,"Enables DLSS Frame Generation on Ada and later GPUs. Frame Generation boosts performance by using AI to generate additional, high-quality frames. (usd-only render setting)",/home/dillonb/DEV/db/Omnivore-work/ovrtx/ovrtx-0.5.0/ovrtx/bin/usd_plugins/rtx_settings/generatedSchema.usda,242,schema_declared_not_runtime_verified
RTX schema,OmniRtxSettingsRtAPI_1,omni:rtx:dlss:frameGenerationInterpolatedFrameCount,int,0,True,[],Frame generation interpolated frame count,Number of interpolated frames to insert between each real frame. (usd-only render setting),/home/dillonb/DEV/db/Omnivore-work/ovrtx/ovrtx-0.5.0/ovrtx/bin/usd_plugins/rtx_settings/generatedSchema.usda,247,schema_declared_not_runtime_verified
RTX schema,OmniRtxSettingsRtAPI_1,omni:rtx:post:dlss:execMode,token,"""auto""",True,"[""performance"", ""balanced"", ""quality"", ""auto"", ""rtxaa"", ""manual""]",Mode,Auto: Selects the best DLSS Mode for the current output resolution. Performance: Higher performance than balanced mode. Balanced: Balanced for optimized performance and image quality. Quality: Higher image quality than balanced mode. (deprecated carb setting path: '/rtx/post/dlss/execMode'),/home/dillonb/DEV/db/Omnivore-work/ovrtx/ovrtx-0.5.0/ovrtx/bin/usd_plugins/rtx_settings/generatedSchema.usda,252,schema_declared_not_runtime_verified
RTX schema,OmniRtxSettingsRtAPI_1,omni:rtx:rt:ambientLight:color,color3f,"(0, 0, 0)",True,[],Color,"Color of a constant ambient lighting term. Sometimes useful in situations where dome lights are too expensive or completely shadowed. (deprecated carb default value: 0.1, 0.1, 0.1) (deprecated carb setting path: '/rtx/sceneDb/ambientLightColor')",/home/dillonb/DEV/db/Omnivore-work/ovrtx/ovrtx-0.5.0/ovrtx/bin/usd_plugins/rtx_settings/generatedSchema.usda,261,schema_declared_not_runtime_verified
RTX schema,OmniRtxSettingsRtAPI_1,omni:rtx:rt:ambientLight:intensity,float,0,True,[],Intensity,Intensity of a constant ambient lighting term. Sometimes useful in situations where dome lights are too expensive or completely shadowed. (deprecated carb setting path: '/rtx/sceneDb/ambientLightIntensity'),/home/dillonb/DEV/db/Omnivore-work/ovrtx/ovrtx-0.5.0/ovrtx/bin/usd_plugins/rtx_settings/generatedSchema.usda,267,schema_declared_not_runtime_verified
RTX schema,OmniRtxSettingsRtAPI_1,omni:rtx:rt:ambientocclusion:enabled,bool,1,True,[],Enabled,Global toggle for the ambient occlusion pass. (deprecated carb setting path: '/rtx/ambientOcclusion/enabled'),/home/dillonb/DEV/db/Omnivore-work/ovrtx/ovrtx-0.5.0/ovrtx/bin/usd_plugins/rtx_settings/generatedSchema.usda,272,schema_declared_not_runtime_verified
RTX schema,OmniRtxSettingsRtAPI_1,omni:rtx:rt:ambientocclusion:rayLength,float,35,True,[],Ray length (cm),"Radius around the shading point to search for occlusions. Measured in cm. Higher numbers give a smoother effect, lower numbers give a tighter effect and can be used to avoid unwanted self-shadows such as from the ceiling of a room. (deprecated carb setting path: '/rtx/ambientOcclusion/rayLength')",/home/dillonb/DEV/db/Omnivore-work/ovrtx/ovrtx-0.5.0/ovrtx/bin/usd_plugins/rtx_settings/generatedSchema.usda,277,schema_declared_not_runtime_verified
RTX schema,OmniRtxSettingsRtAPI_1,omni:rtx:rt:directLighting:samples,uint,2,True,[],Samples,Higher values increase the direct lighting quality at the cost of performance. (deprecated carb setting path: '/rtx/directLighting/sampledLighting/samplesPerPixel'),/home/dillonb/DEV/db/Omnivore-work/ovrtx/ovrtx-0.5.0/ovrtx/bin/usd_plugins/rtx_settings/generatedSchema.usda,282,schema_declared_not_runtime_verified
RTX schema,OmniRtxSettingsRtAPI_1,omni:rtx:rt:ecoMode:enabled,bool,1,True,[],Eco mode,"Enables eco mode, which stops rendering after a certain number of idle frames to reduce power consumption. (deprecated carb setting path: '/rtx/ecoMode/enabled')",/home/dillonb/DEV/db/Omnivore-work/ovrtx/ovrtx-0.5.0/ovrtx/bin/usd_plugins/rtx_settings/generatedSchema.usda,287,schema_declared_not_runtime_verified
RTX schema,OmniRtxSettingsRtAPI_1,omni:rtx:rt:ecoMode:maxFramesWithoutChange,uint,500,True,[],Max frames without change,"When eco mode is enabled, stop rendering after this many idle frames in order to reduce power consumption. (deprecated carb setting path: '/rtx/ecoMode/maxFramesWithoutChange')",/home/dillonb/DEV/db/Omnivore-work/ovrtx/ovrtx-0.5.0/ovrtx/bin/usd_plugins/rtx_settings/generatedSchema.usda,292,schema_declared_not_runtime_verified
RTX schema,OmniRtxSettingsRtAPI_1,omni:rtx:rt:fractionalOpacity,bool,0,True,[],Fractional opacity,"When disabled, materials will interpret an opacity map as having a binary on/off value instead of smooth variation. Enabling this comes at the cost of performance. (deprecated carb setting path: '/rtx/raytracing/fractionalCutoutOpacity')",/home/dillonb/DEV/db/Omnivore-work/ovrtx/ovrtx-0.5.0/ovrtx/bin/usd_plugins/rtx_settings/generatedSchema.usda,297,schema_declared_not_runtime_verified
RTX schema,OmniRtxSettingsRtAPI_1,omni:rtx:rt:indirectdiffuse:enabled,bool,1,True,[],Enabled,Global toggle for the indirect diffuse pass. (deprecated carb setting path: '/rtx/indirectDiffuse/enabled'),/home/dillonb/DEV/db/Omnivore-work/ovrtx/ovrtx-0.5.0/ovrtx/bin/usd_plugins/rtx_settings/generatedSchema.usda,302,schema_declared_not_runtime_verified
RTX schema,OmniRtxSettingsRtAPI_1,omni:rtx:rt:indirectdiffuse:intensity,float,1,True,[],Intensity,Scales the contribution of the indirect diffuse pass. (deprecated carb setting path: '/rtx/indirectDiffuse/scalingFactor'),/home/dillonb/DEV/db/Omnivore-work/ovrtx/ovrtx-0.5.0/ovrtx/bin/usd_plugins/rtx_settings/generatedSchema.usda,307,schema_declared_not_runtime_verified
RTX schema,OmniRtxSettingsRtAPI_1,omni:rtx:rt:indirectdiffuse:maxBounces,int,2,True,[],Max bounces,Number of bounces for refraction rays. (deprecated carb setting path: '/rtx/indirectDiffuse/maxBounces'),/home/dillonb/DEV/db/Omnivore-work/ovrtx/ovrtx-0.5.0/ovrtx/bin/usd_plugins/rtx_settings/generatedSchema.usda,312,schema_declared_not_runtime_verified
RTX schema,OmniRtxSettingsRtAPI_1,omni:rtx:rt:indirectdiffuse:maxRayUnexposedIntensity,float,6400,True,[],Max ray intensity,Clamp the indirect diffuse ray intensities to avoid fireflies at the cost of energy loss. This value is automatically scaled with the exposure. (deprecated carb setting path: '/rtx/indirectDiffuse/maxRayUnexposedIntensity'),/home/dillonb/DEV/db/Omnivore-work/ovrtx/ovrtx-0.5.0/ovrtx/bin/usd_plugins/rtx_settings/generatedSchema.usda,317,schema_declared_not_runtime_verified
RTX schema,OmniRtxSettingsRtAPI_1,omni:rtx:rt:indirectdiffuse:samples,uint,1,True,[],Samples,Number of samples for indirect diffuse. Higher values improve image quality at the cost of performance. (deprecated carb setting path: '/rtx/indirectDiffuse/fetchSampleCount'),/home/dillonb/DEV/db/Omnivore-work/ovrtx/ovrtx-0.5.0/ovrtx/bin/usd_plugins/rtx_settings/generatedSchema.usda,322,schema_declared_not_runtime_verified
RTX schema,OmniRtxSettingsRtAPI_1,omni:rtx:rt:reflections:maxBounces,int,1,True,[],Max bounces,Number of bounces for glossy reflection rays. (deprecated carb setting path: '/rtx/reflections/maxReflectionBounces'),/home/dillonb/DEV/db/Omnivore-work/ovrtx/ovrtx-0.5.0/ovrtx/bin/usd_plugins/rtx_settings/generatedSchema.usda,327,schema_declared_not_runtime_verified
RTX schema,OmniRtxSettingsRtAPI_1,omni:rtx:rt:reflections:roughnessCacheThreshold,float,0.3,True,[],Roughness cache threshold,Materials with glossy reflections rougher than this value will use cached values rather than recalculating the reflected color directly. Higher values increase quality at the cost of performance. (deprecated carb setting path: '/rtx/reflections/maxRoughness'),/home/dillonb/DEV/db/Omnivore-work/ovrtx/ovrtx-0.5.0/ovrtx/bin/usd_plugins/rtx_settings/generatedSchema.usda,332,schema_declared_not_runtime_verified
RTX schema,OmniRtxSettingsRtAPI_1,omni:rtx:rt:reflections:samples,uint,1,True,[],Samples,Higher values increase the reflections quality at the cost of performance. (deprecated carb setting path: '/rtx/reflections/sampledLighting/samplesPerPixel'),/home/dillonb/DEV/db/Omnivore-work/ovrtx/ovrtx-0.5.0/ovrtx/bin/usd_plugins/rtx_settings/generatedSchema.usda,337,schema_declared_not_runtime_verified
RTX schema,OmniRtxSettingsRtAPI_1,omni:rtx:rt:refractions:maxBounces,int,6,True,[],Max bounces,Number of bounces for refraction rays. (deprecated carb setting path: '/rtx/translucency/maxRefractionBounces'),/home/dillonb/DEV/db/Omnivore-work/ovrtx/ovrtx-0.5.0/ovrtx/bin/usd_plugins/rtx_settings/generatedSchema.usda,342,schema_declared_not_runtime_verified
RTX schema,OmniRtxSettingsRtAPI_1,omni:rtx:rt:sss:enabled,bool,0,True,[],Enabled,Global toggle for the subsurface scattering pass. (deprecated carb setting path: '/rtx/raytracing/subsurface/enabled'),/home/dillonb/DEV/db/Omnivore-work/ovrtx/ovrtx-0.5.0/ovrtx/bin/usd_plugins/rtx_settings/generatedSchema.usda,347,schema_declared_not_runtime_verified
RTX schema,OmniRtxSettingsRtAPI_1,omni:rtx:rt:sss:samples,int,32,True,[],Samples,Number of samples for subsurface scattering. Higher values improve image quality at the cost of performance. (deprecated carb setting path: '/rtx/raytracing/subsurface/maxSamplePerFrame'),/home/dillonb/DEV/db/Omnivore-work/ovrtx/ovrtx-0.5.0/ovrtx/bin/usd_plugins/rtx_settings/generatedSchema.usda,352,schema_declared_not_runtime_verified
RTX schema,OmniRtxSettingsRtAdvancedAPI_1,omni:rtx:rt:caustics:enabled,bool,0,True,[],Enabled,Enables the caustics photon tracing pass. (deprecated carb setting path: '/rtx/caustics/enabled'),/home/dillonb/DEV/db/Omnivore-work/ovrtx/ovrtx-0.5.0/ovrtx/bin/usd_plugins/rtx_settings/generatedSchema.usda,364,schema_declared_not_runtime_verified
RTX schema,OmniRtxSettingsRtAdvancedAPI_1,omni:rtx:rt:caustics:filterIterations,int,5,True,[],Filter iterations,Number of iterations for the denoiser applied to the results of the caustics tracing pass. (deprecated carb setting path: '/rtx/raytracing/caustics/eawFilteringSteps'),/home/dillonb/DEV/db/Omnivore-work/ovrtx/ovrtx-0.5.0/ovrtx/bin/usd_plugins/rtx_settings/generatedSchema.usda,369,schema_declared_not_runtime_verified
RTX schema,OmniRtxSettingsRtAdvancedAPI_1,omni:rtx:rt:caustics:photonCount,int,20,True,[],Photon count,Number of photons (thousands) to shoot from each light. (deprecated carb setting path: '/rtx/raytracing/caustics/photonCountMultiplier'),/home/dillonb/DEV/db/Omnivore-work/ovrtx/ovrtx-0.5.0/ovrtx/bin/usd_plugins/rtx_settings/generatedSchema.usda,374,schema_declared_not_runtime_verified
RTX schema,OmniRtxSettingsRtAdvancedAPI_1,omni:rtx:rt:caustics:photonMaxBounces,int,4,True,[],Photon max bounces,Maximum number of bounces to compute for each photon path. (deprecated carb setting path: '/rtx/raytracing/caustics/photonMaxBounces'),/home/dillonb/DEV/db/Omnivore-work/ovrtx/ovrtx-0.5.0/ovrtx/bin/usd_plugins/rtx_settings/generatedSchema.usda,379,schema_declared_not_runtime_verified
RTX schema,OmniRtxSettingsRtAdvancedAPI_1,omni:rtx:rt:directLighting:enabled,bool,1,True,[],Sampled direct lighting,Use sampled direct lighting for area lights instead of the LTC approximation. (deprecated carb setting path: '/rtx/directLighting/enabled'),/home/dillonb/DEV/db/Omnivore-work/ovrtx/ovrtx-0.5.0/ovrtx/bin/usd_plugins/rtx_settings/generatedSchema.usda,384,schema_declared_not_runtime_verified
RTX schema,OmniRtxSettingsRtAdvancedAPI_1,omni:rtx:rt:directLighting:maxRayUnexposedIntensity,float,6400,True,[],Max ray intensity,Clamps the brightness of each ray when sampling direct lighting. Lower values reduce noise but increase bias. This value is automatically scaled with the exposure. (deprecated carb setting path: '/rtx/directLighting/sampledLighting/maxRayUnexposedIntensity'),/home/dillonb/DEV/db/Omnivore-work/ovrtx/ovrtx-0.5.0/ovrtx/bin/usd_plugins/rtx_settings/generatedSchema.usda,389,schema_declared_not_runtime_verified
RTX schema,OmniRtxSettingsRtAdvancedAPI_1,omni:rtx:rt:directLighting:ris:meshLights,bool,0,True,[],Enable RT mesh light sampling,Enables direct illumination sampling of geometry with emissive materials. (deprecated carb setting path: '/rtx/directLighting/sampledLighting/ris/meshLights'),/home/dillonb/DEV/db/Omnivore-work/ovrtx/ovrtx-0.5.0/ovrtx/bin/usd_plugins/rtx_settings/generatedSchema.usda,394,schema_declared_not_runtime_verified
RTX schema,OmniRtxSettingsRtAdvancedAPI_1,omni:rtx:rt:reflections:enabled,bool,1,True,[],Enabled,Enables the glossy reflections pass. (deprecated carb setting path: '/rtx/reflections/enabled'),/home/dillonb/DEV/db/Omnivore-work/ovrtx/ovrtx-0.5.0/ovrtx/bin/usd_plugins/rtx_settings/generatedSchema.usda,399,schema_declared_not_runtime_verified
RTX schema,OmniRtxSettingsRtAdvancedAPI_1,omni:rtx:rt:reflections:maxRayUnexposedIntensity,float,19200,True,[],Max ray intensity,Clamps the brightness of each ray when sampling reflections. Lower values reduce noise but increase bias. This value is automatically scaled with the exposure. (deprecated carb setting path: '/rtx/reflections/sampledLighting/maxRayUnexposedIntensity'),/home/dillonb/DEV/db/Omnivore-work/ovrtx/ovrtx-0.5.0/ovrtx/bin/usd_plugins/rtx_settings/generatedSchema.usda,404,schema_declared_not_runtime_verified
RTX schema,OmniRtxSettingsRtAdvancedAPI_1,omni:rtx:rt:refractions:depthCorrection,bool,1,True,[],Depth correction,"Improves DoF for translucent (refractive) objects, but can result in worse performance. (deprecated carb setting path: '/rtx/translucency/virtualDepth')",/home/dillonb/DEV/db/Omnivore-work/ovrtx/ovrtx-0.5.0/ovrtx/bin/usd_plugins/rtx_settings/generatedSchema.usda,409,schema_declared_not_runtime_verified
RTX schema,OmniRtxSettingsRtAdvancedAPI_1,omni:rtx:rt:refractions:enabled,bool,1,True,[],Enabled,Enables the refraction (transmission) pass. (deprecated carb setting path: '/rtx/translucency/enabled'),/home/dillonb/DEV/db/Omnivore-work/ovrtx/ovrtx-0.5.0/ovrtx/bin/usd_plugins/rtx_settings/generatedSchema.usda,414,schema_declared_not_runtime_verified
RTX schema,OmniRtxSettingsRtAdvancedAPI_1,omni:rtx:rt:refractions:maxRayUnexposedIntensity,float,19200,True,[],Max ray intensity,Clamps the brightness of each ray when sampling refractions. Lower values reduce noise but increase bias. This value is automatically scaled with the exposure. (deprecated carb setting path: '/rtx/translucency/maxRayUnexposedIntensity'),/home/dillonb/DEV/db/Omnivore-work/ovrtx/ovrtx-0.5.0/ovrtx/bin/usd_plugins/rtx_settings/generatedSchema.usda,419,schema_declared_not_runtime_verified
RTX schema,OmniRtxSettingsRtAdvancedAPI_1,omni:rtx:rt:refractions:motionCorrection,bool,1,True,[],Motion vector correction,"Enables motion vectors for translucent (refractive) objects, which can improve temporal rendering such as denoising, but can result in worse performance. (deprecated carb setting path: '/rtx/translucency/virtualMotion')",/home/dillonb/DEV/db/Omnivore-work/ovrtx/ovrtx-0.5.0/ovrtx/bin/usd_plugins/rtx_settings/generatedSchema.usda,424,schema_declared_not_runtime_verified
RTX schema,OmniRtxSettingsRtAdvancedAPI_1,omni:rtx:rt:refractions:reflectionInRefraction,bool,0,True,[],Reflections in refraction,Enables the calculation of reflections when seen through a refractive object. Enabling this is more correct but leads to worse performance. (deprecated carb setting path: '/rtx/translucency/reflectAtAllBounce'),/home/dillonb/DEV/db/Omnivore-work/ovrtx/ovrtx-0.5.0/ovrtx/bin/usd_plugins/rtx_settings/generatedSchema.usda,429,schema_declared_not_runtime_verified
RTX schema,OmniRtxSettingsRtAdvancedAPI_1,omni:rtx:rt:refractions:roughnessSampling,bool,0,True,[],Roughness sampling (experimental),Enables the calculation of glossy (rough) refractions. (deprecated carb setting path: '/rtx/translucency/sampleRoughness'),/home/dillonb/DEV/db/Omnivore-work/ovrtx/ovrtx-0.5.0/ovrtx/bin/usd_plugins/rtx_settings/generatedSchema.usda,434,schema_declared_not_runtime_verified
RTX schema,OmniRtxSettingsRtAdvancedAPI_1,omni:rtx:rt:sss:transmission:enabled,bool,1,True,[],Enabled,"Enables sampling of transmissive subsurface scattering (i.e. light scattering through an object from behind). More accurate, but increases noise and render time. (deprecated carb setting path: '/rtx/raytracing/subsurface/transmission/enabled')",/home/dillonb/DEV/db/Omnivore-work/ovrtx/ovrtx-0.5.0/ovrtx/bin/usd_plugins/rtx_settings/generatedSchema.usda,439,schema_declared_not_runtime_verified
RTX schema,OmniRtxSettingsRtAdvancedAPI_1,omni:rtx:rt:sss:transmission:samples,int,1,True,[],Samples,Number of samples to trace when evaluating transmissive subsurface scattering. Higher numbers improve image quality at the cost of render time. (deprecated carb setting path: '/rtx/raytracing/subsurface/transmission/bsdfSampleCount'),/home/dillonb/DEV/db/Omnivore-work/ovrtx/ovrtx-0.5.0/ovrtx/bin/usd_plugins/rtx_settings/generatedSchema.usda,444,schema_declared_not_runtime_verified
RTX schema,OmniRtxSettingsRtAdvancedAPI_1,omni:rtx:rt:sss:transmission:scatteringSamples,int,1,True,[],Scattering samples,Number of connections to the surface to make to evalute in-scattered light for each transmission sample. Higher numbers improve image quality at the cost of render time. (deprecated carb setting path: '/rtx/raytracing/subsurface/transmission/perBsdfScatteringSampleCount'),/home/dillonb/DEV/db/Omnivore-work/ovrtx/ovrtx-0.5.0/ovrtx/bin/usd_plugins/rtx_settings/generatedSchema.usda,449,schema_declared_not_runtime_verified
RTX schema,OmniRtxSettingsPtAPI_1,omni:rtx:pt:adaptiveSampling:enabled,bool,0,True,[],Enabled,"When enabled, the renderer measures the noise of each pixel and stops sampling when 'Target error' is reached. (deprecated carb setting path: '/rtx/pathtracing/adaptiveSampling/enabled')",/home/dillonb/DEV/db/Omnivore-work/ovrtx/ovrtx-0.5.0/ovrtx/bin/usd_plugins/rtx_settings/generatedSchema.usda,460,schema_declared_not_runtime_verified
RTX schema,OmniRtxSettingsPtAPI_1,omni:rtx:pt:adaptiveSampling:targetError,float,0.001,True,[],Target error,The noise value treshold after which each pixel will no longer be sampled when adaptive sampling is enabled. (deprecated carb setting path: '/rtx/pathtracing/adaptiveSampling/targetError'),/home/dillonb/DEV/db/Omnivore-work/ovrtx/ovrtx-0.5.0/ovrtx/bin/usd_plugins/rtx_settings/generatedSchema.usda,465,schema_declared_not_runtime_verified
RTX schema,OmniRtxSettingsPtAPI_1,omni:rtx:pt:denoising:blendFactor,float,0,True,[],Blend factor,"Radius of the pixel filter. Larger values give a blurrier, less noisy result. (deprecated carb setting path: '/rtx/pathtracing/optixDenoiser/blendFactor')",/home/dillonb/DEV/db/Omnivore-work/ovrtx/ovrtx-0.5.0/ovrtx/bin/usd_plugins/rtx_settings/generatedSchema.usda,470,schema_declared_not_runtime_verified
RTX schema,OmniRtxSettingsPtAPI_1,omni:rtx:pt:denoising:enabled,bool,1,True,[],Enabled,Runs the selected denoiser on the image. (deprecated carb setting path: '/rtx/pathtracing/optixDenoiser/enabled'),/home/dillonb/DEV/db/Omnivore-work/ovrtx/ovrtx-0.5.0/ovrtx/bin/usd_plugins/rtx_settings/generatedSchema.usda,475,schema_declared_not_runtime_verified
RTX schema,OmniRtxSettingsPtAPI_1,omni:rtx:pt:denoising:optix:denoiseAOVs,bool,1,True,[],Temporal mode,Uses motion information to reduce frame-to-frame flickering artifacts in the denoiser. (deprecated carb setting path: '/rtx/pathtracing/optixDenoiser/AOV'),/home/dillonb/DEV/db/Omnivore-work/ovrtx/ovrtx-0.5.0/ovrtx/bin/usd_plugins/rtx_settings/generatedSchema.usda,480,schema_declared_not_runtime_verified
RTX schema,OmniRtxSettingsPtAPI_1,omni:rtx:pt:denoising:optix:temporal,bool,0,True,[],Temporal mode,Uses motion information to reduce frame-to-frame flickering artifacts in the denoiser. (deprecated carb setting path: '/rtx/pathtracing/optixDenoiser/temporalMode/enabled'),/home/dillonb/DEV/db/Omnivore-work/ovrtx/ovrtx-0.5.0/ovrtx/bin/usd_plugins/rtx_settings/generatedSchema.usda,485,schema_declared_not_runtime_verified
RTX schema,OmniRtxSettingsPtAPI_1,omni:rtx:pt:limits:maxBounces,uint,4,True,[],Max bounces,"Maximum number of ray bounces for any ray type. Higher values give more accurate results, but worse performance. (deprecated carb setting path: '/rtx/pathtracing/maxBounces')",/home/dillonb/DEV/db/Omnivore-work/ovrtx/ovrtx-0.5.0/ovrtx/bin/usd_plugins/rtx_settings/generatedSchema.usda,490,schema_declared_not_runtime_verified
RTX schema,OmniRtxSettingsPtAPI_1,omni:rtx:pt:limits:maxFogBounces,uint,2,True,[],Max fog bounces,"Maximum number of ray bounces for fog volumes. Higher values give more accurate results, but worse performance. (deprecated carb setting path: '/rtx/pathtracing/ptfog/maxBounces')",/home/dillonb/DEV/db/Omnivore-work/ovrtx/ovrtx-0.5.0/ovrtx/bin/usd_plugins/rtx_settings/generatedSchema.usda,495,schema_declared_not_runtime_verified
RTX schema,OmniRtxSettingsPtAPI_1,omni:rtx:pt:limits:extraSpecularAndTransmissiveBounces,uint,2,True,[],Extra specular and transmissive bounces,Additional bounce budget available to specular reflections and any transmissive paths. (deprecated carb setting path: '/rtx/pathtracing/extraSpecularAndTransmissiveBounces'),/home/dillonb/DEV/db/Omnivore-work/ovrtx/ovrtx-0.5.0/ovrtx/bin/usd_plugins/rtx_settings/generatedSchema.usda,500,schema_declared_not_runtime_verified
RTX schema,OmniRtxSettingsPtAPI_1,omni:rtx:pt:limits:maxVolumeBounces,uint,2,True,[],Max volume bounces,"Maximum number of ray bounces for non-uniform volumes. Higher values give more accurate results, but worse performance. (deprecated carb setting path: '/rtx/pathtracing/ptvol/maxBounces')",/home/dillonb/DEV/db/Omnivore-work/ovrtx/ovrtx-0.5.0/ovrtx/bin/usd_plugins/rtx_settings/generatedSchema.usda,505,schema_declared_not_runtime_verified
RTX schema,OmniRtxSettingsPtAPI_1,omni:rtx:pt:pixelFilter:filter,token,"""triangle""",True,"[""box"", ""triangle"", ""gaussian"", ""uniform""]",Filter,Sampling pattern for pixel filtering. (deprecated carb setting path: '/rtx/pathtracing/aa/op'),/home/dillonb/DEV/db/Omnivore-work/ovrtx/ovrtx-0.5.0/ovrtx/bin/usd_plugins/rtx_settings/generatedSchema.usda,510,schema_declared_not_runtime_verified
RTX schema,OmniRtxSettingsPtAPI_1,omni:rtx:pt:pixelFilter:radius,float,1,True,[],Radius,"Radius of the pixel filter. Larger values give a blurrier, less noisy result. (deprecated carb setting path: '/rtx/pathtracing/aa/filterRadius')",/home/dillonb/DEV/db/Omnivore-work/ovrtx/ovrtx-0.5.0/ovrtx/bin/usd_plugins/rtx_settings/generatedSchema.usda,516,schema_declared_not_runtime_verified
RTX schema,OmniRtxSettingsPtAPI_1,omni:rtx:pt:samplesPerPixel,uint,512,True,[],Samples per pixel,Maximum number of samples per pixel. Higher numbers improve image quality at the cose of longer render time. (deprecated carb setting path: '/rtx/pathtracing/totalSpp'),/home/dillonb/DEV/db/Omnivore-work/ovrtx/ovrtx-0.5.0/ovrtx/bin/usd_plugins/rtx_settings/generatedSchema.usda,521,schema_declared_not_runtime_verified
RTX schema,OmniRtxSettingsPtAdvancedAPI_1,omni:rtx:pt:fireflyFilter:enabled,bool,1,True,[],enabled,Enable clamping of ray intensities. Reduces noise at the cost of introducing bias. (deprecated carb setting path: '/rtx/pathtracing/fireflyFilter/enabled'),/home/dillonb/DEV/db/Omnivore-work/ovrtx/ovrtx-0.5.0/ovrtx/bin/usd_plugins/rtx_settings/generatedSchema.usda,532,schema_declared_not_runtime_verified
RTX schema,OmniRtxSettingsPtAdvancedAPI_1,omni:rtx:pt:fireflyFilter:maxUnexposedIntensityPerSampleDiffuse,float,3200,True,[],Max intensity diffuse,Max intensity for diffuse rays. Lower values reduce noise at the cost of increased bias. This value is automatically scaled with the exposure. (deprecated carb setting path: '/rtx/pathtracing/fireflyFilter/maxUnexposedIntensityPerSampleDiffuse'),/home/dillonb/DEV/db/Omnivore-work/ovrtx/ovrtx-0.5.0/ovrtx/bin/usd_plugins/rtx_settings/generatedSchema.usda,537,schema_declared_not_runtime_verified
RTX schema,OmniRtxSettingsPtAdvancedAPI_1,omni:rtx:pt:fireflyFilter:maxUnexposedIntensityPerSample,float,3200,True,[],Max intensity glossy,Max intensity for glossy rays. Lower values reduce noise at the cost of increased bias. This value is automatically scaled with the exposure. (deprecated carb setting path: '/rtx/pathtracing/fireflyFilter/maxUnexposedIntensityPerSample'),/home/dillonb/DEV/db/Omnivore-work/ovrtx/ovrtx-0.5.0/ovrtx/bin/usd_plugins/rtx_settings/generatedSchema.usda,542,schema_declared_not_runtime_verified
RTX schema,OmniRtxSettingsPtAdvancedAPI_1,omni:rtx:pt:fireflyFilter:maxPerEmissiveUnexposedIntensity,float,3200,True,[],Max intensity glossy,Max intensity for emissive contribution after primary bounce. Lower values reduce noise at the cost of increased bias. This value is automatically scaled with the exposure. (deprecated carb setting path: '/rtx/pathtracing/fireflyFilter/maxPerEmissiveUnexposedIntensity'),/home/dillonb/DEV/db/Omnivore-work/ovrtx/ovrtx-0.5.0/ovrtx/bin/usd_plugins/rtx_settings/generatedSchema.usda,547,schema_declared_not_runtime_verified
RTX schema,OmniRtxSettingsPtAdvancedAPI_1,omni:rtx:pt:lightCache:enabled,bool,1,True,[],Enabled,Enable the light cache for effectively sampling scenes with many light sources. (deprecated carb setting path: '/rtx/pathtracing/lightcache/cached/enabled'),/home/dillonb/DEV/db/Omnivore-work/ovrtx/ovrtx-0.5.0/ovrtx/bin/usd_plugins/rtx_settings/generatedSchema.usda,552,schema_declared_not_runtime_verified
RTX schema,OmniRtxSettingsPtAdvancedAPI_1,omni:rtx:pt:ris:meshLights,bool,0,True,[],Enabled PT mesh light sampling,Enables direct illumination sampling of geometry with emissive materials. (deprecated carb setting path: '/rtx/pathtracing/ris/meshLights'),/home/dillonb/DEV/db/Omnivore-work/ovrtx/ovrtx-0.5.0/ovrtx/bin/usd_plugins/rtx_settings/generatedSchema.usda,557,schema_declared_not_runtime_verified
RTX schema,OmniRtxSettingsPtAdvancedAPI_1,omni:rtx:pt:radianceCache:enabled,bool,1,True,[],Enabled,Enable the reuse of computed radiance via the radiance cache. This can reduce noise at the cost of increased bias. (deprecated carb setting path: '/rtx/pathtracing/cached/enabled'),/home/dillonb/DEV/db/Omnivore-work/ovrtx/ovrtx-0.5.0/ovrtx/bin/usd_plugins/rtx_settings/generatedSchema.usda,562,schema_declared_not_runtime_verified
RTX schema,OmniRtxSettingsPtAdvancedAPI_1,omni:rtx:pt:samplesPerIteration,int,1,True,[],Samples per iteration,Number of samples rendered by each kernel launch. Larger numbers are more efficient at the cost of latency. (deprecated carb setting path: '/rtx/pathtracing/spp'),/home/dillonb/DEV/db/Omnivore-work/ovrtx/ovrtx-0.5.0/ovrtx/bin/usd_plugins/rtx_settings/generatedSchema.usda,567,schema_declared_not_runtime_verified
RTX schema,OmniRtxSettingsPtAdvancedAPI_1,omni:rtx:pt:volumes:tracking:maxScatteringSteps,int,1024,True,[],Max scattering steps,Maximum delta tracking steps between bounces. Increase to more than 32 for highly scattering volumes like clouds. (deprecated carb setting path: '/rtx/pathtracing/ptvol/maxCollisionCount'),/home/dillonb/DEV/db/Omnivore-work/ovrtx/ovrtx-0.5.0/ovrtx/bin/usd_plugins/rtx_settings/generatedSchema.usda,572,schema_declared_not_runtime_verified
RTX schema,OmniRtxSettingsPtAdvancedAPI_1,omni:rtx:pt:volumes:tracking:maxShadowSteps,int,32,True,[],Max scattering steps,Maximum ratio tracking delta steps for shadow rays. Increase to more than 32 for highly scattering volumes like clouds. (deprecated carb setting path: '/rtx/pathtracing/ptvol/maxLightCollisionCount'),/home/dillonb/DEV/db/Omnivore-work/ovrtx/ovrtx-0.5.0/ovrtx/bin/usd_plugins/rtx_settings/generatedSchema.usda,577,schema_declared_not_runtime_verified
RTX schema,OmniRtxSettingsPtAdvancedAPI_1,omni:rtx:pt:volumes:transmittanceMethod,token,"""biasedRayMarching""",True,"[""biasedRayMarching"", ""ratioTracking""]",Transmittance method,(deprecated carb setting path: '/rtx/pathtracing/ptvol/transmittanceMethod'),/home/dillonb/DEV/db/Omnivore-work/ovrtx/ovrtx-0.5.0/ovrtx/bin/usd_plugins/rtx_settings/generatedSchema.usda,582,schema_declared_not_runtime_verified
RTX schema,OmniRtxCameraExposureAPI_1,exposure:fStop,float,5,True,[],,"f-stop of the aperture when calculating exposure. Smaller numbers create a brighter image, larger numbers darker. Note that the `fStop` attribute also models the diameter of the camera aperture, but for specifying depth of field. For practical purposes it is useful to keep the exposure and the depth of field controls separate. (deprecated carb setting path: '/rtx/post/tonemap/fNumber')",/home/dillonb/DEV/db/Omnivore-work/ovrtx/ovrtx-0.5.0/ovrtx/bin/usd_plugins/rtx_settings/generatedSchema.usda,595,schema_declared_not_runtime_verified
RTX schema,OmniRtxCameraExposureAPI_1,exposure:iso,float,100,True,[],,"The speed rating of the sensor or film when calculating exposure. Higher numbers give a brighter image, lower numbers darker. (deprecated carb setting path: '/rtx/post/tonemap/filmIso')",/home/dillonb/DEV/db/Omnivore-work/ovrtx/ovrtx-0.5.0/ovrtx/bin/usd_plugins/rtx_settings/generatedSchema.usda,604,schema_declared_not_runtime_verified
RTX schema,OmniRtxCameraExposureAPI_1,exposure:responsivity,float,1,True,[],,Scalar multiplier representing overall responsivity of the sensor system to light when calculating exposure. Intended to be used as a per camera/lens system measured scaling value. Note: RTX needs this to be 0.8821367311933349 to match the USD result. (deprecated carb setting path: '/rtx/post/tonemap/responsivity'),/home/dillonb/DEV/db/Omnivore-work/ovrtx/ovrtx-0.5.0/ovrtx/bin/usd_plugins/rtx_settings/generatedSchema.usda,609,schema_declared_not_runtime_verified
RTX schema,OmniRtxCameraExposureAPI_1,exposure:time,float,1,True,[],,"Time in seconds that the sensor is exposed to light when calculating exposure. Longer exposure times create a brighter image, shorter times darker. Note that shutter:open and shutter:close model essentially the same property of a physical camera, but are for specifying the size of the motion blur streak which is for practical purposes useful to keep separate. (deprecated carb default value: 0.02) (deprecated carb setting path: '/rtx/post/tonemap/exposureTime')",/home/dillonb/DEV/db/Omnivore-work/ovrtx/ovrtx-0.5.0/ovrtx/bin/usd_plugins/rtx_settings/generatedSchema.usda,617,schema_declared_not_runtime_verified
RTX schema,OmniRtxCameraAutoExposureAPI_1,omni:rtx:autoExposure:adaptationSpeed,float,3.5,True,[],Adaptation speed,How fast automatic exposure compensation adapts to changes in image exposure. (deprecated carb setting path: '/rtx/post/histogram/tau'),/home/dillonb/DEV/db/Omnivore-work/ovrtx/ovrtx-0.5.0/ovrtx/bin/usd_plugins/rtx_settings/generatedSchema.usda,631,schema_declared_not_runtime_verified
RTX schema,OmniRtxCameraAutoExposureAPI_1,omni:rtx:autoExposure:enabled,bool,0,True,[],Enabled,Enables auto-exposure on this camera. (deprecated carb setting path: '/rtx/post/histogram/enabled'),/home/dillonb/DEV/db/Omnivore-work/ovrtx/ovrtx-0.5.0/ovrtx/bin/usd_plugins/rtx_settings/generatedSchema.usda,636,schema_declared_not_runtime_verified
RTX schema,OmniRtxCameraAutoExposureAPI_1,omni:rtx:autoExposure:histogramClamping:enabled,bool,1,True,[],Enabled,Enabled clamping of the luminance values fed into the auto-exposure histogram. (deprecated carb setting path: '/rtx/post/histogram/useExposureClamping'),/home/dillonb/DEV/db/Omnivore-work/ovrtx/ovrtx-0.5.0/ovrtx/bin/usd_plugins/rtx_settings/generatedSchema.usda,641,schema_declared_not_runtime_verified
RTX schema,OmniRtxCameraAutoExposureAPI_1,omni:rtx:autoExposure:histogramClamping:maxLuminance,float,100000,True,[],Max luminance,The maximum luminance of the histogram (deprecated carb setting path: '/rtx/post/histogram/maxEV'),/home/dillonb/DEV/db/Omnivore-work/ovrtx/ovrtx-0.5.0/ovrtx/bin/usd_plugins/rtx_settings/generatedSchema.usda,646,schema_declared_not_runtime_verified
RTX schema,OmniRtxCameraAutoExposureAPI_1,omni:rtx:autoExposure:histogramClamping:minLuminance,float,50,True,[],Min luminance,The minimum luminance of the histogram (deprecated carb setting path: '/rtx/post/histogram/minEV'),/home/dillonb/DEV/db/Omnivore-work/ovrtx/ovrtx-0.5.0/ovrtx/bin/usd_plugins/rtx_settings/generatedSchema.usda,651,schema_declared_not_runtime_verified
RTX schema,OmniRtxCameraAutoExposureAPI_1,omni:rtx:autoExposure:histogramFilter,token,"""median""",True,"[""median"", ""average""]",Histogram filter,Method used to filter the exposure histogram. (deprecated carb setting path: '/rtx/post/histogram/filterType'),/home/dillonb/DEV/db/Omnivore-work/ovrtx/ovrtx-0.5.0/ovrtx/bin/usd_plugins/rtx_settings/generatedSchema.usda,656,schema_declared_not_runtime_verified
RTX schema,OmniRtxCameraAutoExposureAPI_1,omni:rtx:autoExposure:whitePointScale,float,10,True,[],White point scale,"Controls the target brightness the auto-exposure aims for. Lower values give a darker image, higher values brighter. (deprecated carb setting path: '/rtx/post/histogram/whiteScale')",/home/dillonb/DEV/db/Omnivore-work/ovrtx/ovrtx-0.5.0/ovrtx/bin/usd_plugins/rtx_settings/generatedSchema.usda,662,schema_declared_not_runtime_verified
RTX schema,OmniRtxRollingShutterAPI,omni:rtx:rollingShutter:scanOrder,token,"""none""",True,"[""none"", ""topToBottom"", ""bottomToTop"", ""leftToRight"", ""rightToLeft""]",Scan order,"Direction of rolling shutter exposure across the sensor. The value `none` corresponds to no rolling-shutter scan ordering; other values match UsdGeomCamera `rollingShutterScanOrder` semantics (`topToBottom`, `bottomToTop`, `leftToRight`, `rightToLeft`).",/home/dillonb/DEV/db/Omnivore-work/ovrtx/ovrtx-0.5.0/ovrtx/bin/usd_plugins/rtx_settings/generatedSchema.usda,674,schema_declared_not_runtime_verified
RTX schema,OmniRtxRollingShutterAPI,omni:rtx:rollingShutter:lineOffset,double2,"(0, 1)",True,[],Line offset,"Per-line time offset as a rational pair (numerator, denominator), relative to global shutter timing. A pair of (0, 1) indicates no additional offset.",/home/dillonb/DEV/db/Omnivore-work/ovrtx/ovrtx-0.5.0/ovrtx/bin/usd_plugins/rtx_settings/generatedSchema.usda,681,schema_declared_not_runtime_verified
RTX schema,OmniRtxRollingShutterAPI,omni:rtx:rollingShutter:lineExposure,double2,"(0, 1)",True,[],Line exposure,"Per-line exposure duration as a rational pair (numerator, denominator). A pair of (0, 1) indicates no additional line exposure beyond the global shutter interval.",/home/dillonb/DEV/db/Omnivore-work/ovrtx/ovrtx-0.5.0/ovrtx/bin/usd_plugins/rtx_settings/generatedSchema.usda,687,schema_declared_not_runtime_verified
RTX schema,OmniRtxPostColorGradingAPI_1,omni:rtx:post:grade:blackPoint,color3f,"(0, 0, 0)",True,[],Black point,Remaps the range of the image. Raising the black point increases contrast by crushing the shadow tones. (deprecated carb setting path: '/rtx/post/colorgrad/blackpoint'),/home/dillonb/DEV/db/Omnivore-work/ovrtx/ovrtx-0.5.0/ovrtx/bin/usd_plugins/rtx_settings/generatedSchema.usda,697,schema_declared_not_runtime_verified
RTX schema,OmniRtxPostColorGradingAPI_1,omni:rtx:post:grade:contrast,color3f,"(1, 1, 1)",True,[],Contrast,Modifies contrast of the image. (deprecated carb setting path: '/rtx/post/colorgrad/contrast'),/home/dillonb/DEV/db/Omnivore-work/ovrtx/ovrtx-0.5.0/ovrtx/bin/usd_plugins/rtx_settings/generatedSchema.usda,702,schema_declared_not_runtime_verified
RTX schema,OmniRtxPostColorGradingAPI_1,omni:rtx:post:grade:enabled,bool,0,True,[],Enabled,Enable the color grading pass (deprecated carb setting path: '/rtx/post/colorgrad/enabled'),/home/dillonb/DEV/db/Omnivore-work/ovrtx/ovrtx-0.5.0/ovrtx/bin/usd_plugins/rtx_settings/generatedSchema.usda,707,schema_declared_not_runtime_verified
RTX schema,OmniRtxPostColorGradingAPI_1,omni:rtx:post:grade:gain,color3f,"(1, 1, 1)",True,[],Gain,Multiplies the image by the given color. Affected by Lift. (deprecated carb setting path: '/rtx/post/colorgrad/gain'),/home/dillonb/DEV/db/Omnivore-work/ovrtx/ovrtx-0.5.0/ovrtx/bin/usd_plugins/rtx_settings/generatedSchema.usda,712,schema_declared_not_runtime_verified
RTX schema,OmniRtxPostColorGradingAPI_1,omni:rtx:post:grade:gamma,color3f,"(1, 1, 1)",True,[],Gamma,Applies a gamma to the image. (deprecated carb setting path: '/rtx/post/colorgrad/gamma'),/home/dillonb/DEV/db/Omnivore-work/ovrtx/ovrtx-0.5.0/ovrtx/bin/usd_plugins/rtx_settings/generatedSchema.usda,717,schema_declared_not_runtime_verified
RTX schema,OmniRtxPostColorGradingAPI_1,omni:rtx:post:grade:lift,color3f,"(0, 0, 0)",True,[],Lift,"Lifts the toe of the image, pivoting around white, so raising the lift reduces the brightness of values above 1. (deprecated carb setting path: '/rtx/post/colorgrad/lift')",/home/dillonb/DEV/db/Omnivore-work/ovrtx/ovrtx-0.5.0/ovrtx/bin/usd_plugins/rtx_settings/generatedSchema.usda,722,schema_declared_not_runtime_verified
RTX schema,OmniRtxPostColorGradingAPI_1,omni:rtx:post:grade:multiply,color3f,"(1, 1, 1)",True,[],Multiply,Multiplies the image by the given color. Not affected by Lift. (deprecated carb setting path: '/rtx/post/colorgrad/multiply'),/home/dillonb/DEV/db/Omnivore-work/ovrtx/ovrtx-0.5.0/ovrtx/bin/usd_plugins/rtx_settings/generatedSchema.usda,727,schema_declared_not_runtime_verified
RTX schema,OmniRtxPostColorGradingAPI_1,omni:rtx:post:grade:offset,color3f,"(0, 0, 0)",True,[],Offset,Adds a constant term to the image. (deprecated carb setting path: '/rtx/post/colorgrad/offset'),/home/dillonb/DEV/db/Omnivore-work/ovrtx/ovrtx-0.5.0/ovrtx/bin/usd_plugins/rtx_settings/generatedSchema.usda,732,schema_declared_not_runtime_verified
RTX schema,OmniRtxPostColorGradingAPI_1,omni:rtx:post:grade:saturation,color3f,"(1, 1, 1)",True,[],Saturation,Modifies saturation of the image. (deprecated carb setting path: '/rtx/post/colorcorr/saturation'),/home/dillonb/DEV/db/Omnivore-work/ovrtx/ovrtx-0.5.0/ovrtx/bin/usd_plugins/rtx_settings/generatedSchema.usda,737,schema_declared_not_runtime_verified
RTX schema,OmniRtxPostColorGradingAPI_1,omni:rtx:post:grade:whitePoint,color3f,"(1, 1, 1)",True,[],White point,Remaps the range of the image. Lowering the white point increases contrast by burning the highlight tones. (deprecated carb setting path: '/rtx/post/colorgrad/whitepoint'),/home/dillonb/DEV/db/Omnivore-work/ovrtx/ovrtx-0.5.0/ovrtx/bin/usd_plugins/rtx_settings/generatedSchema.usda,742,schema_declared_not_runtime_verified
RTX schema,OmniRtxPostChromaticAberrationAPI_1,omni:rtx:post:chromab:algorithm,token,"""radial""",True,"[""radial"", ""barrel""]",Red Algorithm,Choose the shape of the distortion applied to each channel. (deprecated carb setting path: '/rtx/post/chromaticAberration/modeR'),/home/dillonb/DEV/db/Omnivore-work/ovrtx/ovrtx-0.5.0/ovrtx/bin/usd_plugins/rtx_settings/generatedSchema.usda,751,schema_declared_not_runtime_verified
RTX schema,OmniRtxPostChromaticAberrationAPI_1,omni:rtx:post:chromab:algorithmG,token,"""radial""",True,"[""radial"", ""barrel""]",Green Algorithm,Choose the shape of the distortion applied to each channel. (deprecated carb setting path: '/rtx/post/chromaticAberration/modeG'),/home/dillonb/DEV/db/Omnivore-work/ovrtx/ovrtx-0.5.0/ovrtx/bin/usd_plugins/rtx_settings/generatedSchema.usda,757,schema_declared_not_runtime_verified
RTX schema,OmniRtxPostChromaticAberrationAPI_1,omni:rtx:post:chromab:algorithmB,token,"""radial""",True,"[""radial"", ""barrel""]",Blue Algorithm,Choose the shape of the distortion applied to each channel. (deprecated carb setting path: '/rtx/post/chromaticAberration/modeB'),/home/dillonb/DEV/db/Omnivore-work/ovrtx/ovrtx-0.5.0/ovrtx/bin/usd_plugins/rtx_settings/generatedSchema.usda,763,schema_declared_not_runtime_verified
RTX schema,OmniRtxPostChromaticAberrationAPI_1,omni:rtx:post:chromab:boundaryBlend:blendFalloff,float,0.75,True,[],Blend falloff,Falloff of the blend region at the boundary of the image (deprecated carb setting path: '/rtx/post/chromaticAberration/boundaryBlendFalloff'),/home/dillonb/DEV/db/Omnivore-work/ovrtx/ovrtx-0.5.0/ovrtx/bin/usd_plugins/rtx_settings/generatedSchema.usda,770,schema_declared_not_runtime_verified
RTX schema,OmniRtxPostChromaticAberrationAPI_1,omni:rtx:post:chromab:boundaryBlend:blendSize,float,0.25,True,[],Blend size,Size of the blend region at the boundary of the image (deprecated carb setting path: '/rtx/post/chromaticAberration/boundaryBlendRegionSize'),/home/dillonb/DEV/db/Omnivore-work/ovrtx/ovrtx-0.5.0/ovrtx/bin/usd_plugins/rtx_settings/generatedSchema.usda,775,schema_declared_not_runtime_verified
RTX schema,OmniRtxPostChromaticAberrationAPI_1,omni:rtx:post:chromab:boundaryBlend:mirror,bool,1,True,[],Mirror,"When enabled, mirrors the image when sampling outside the image extent. With this disabled, the sampler will pull in black at the edges of the image depending on the direction of the distortion. (deprecated carb setting path: '/rtx/post/chromaticAberration/mirroredRepeat')",/home/dillonb/DEV/db/Omnivore-work/ovrtx/ovrtx-0.5.0/ovrtx/bin/usd_plugins/rtx_settings/generatedSchema.usda,780,schema_declared_not_runtime_verified
RTX schema,OmniRtxPostChromaticAberrationAPI_1,omni:rtx:post:chromab:enabled,bool,0,True,[],Enabled,Enable the chromatic aberration pass. (deprecated carb setting path: '/rtx/post/chromaticAberration/enabled'),/home/dillonb/DEV/db/Omnivore-work/ovrtx/ovrtx-0.5.0/ovrtx/bin/usd_plugins/rtx_settings/generatedSchema.usda,785,schema_declared_not_runtime_verified
RTX schema,OmniRtxPostChromaticAberrationAPI_1,omni:rtx:post:chromab:strengthB,float,0.015,True,[],Strength B,Amount of distortion to apply to the blue channel. (deprecated carb setting path: '/rtx/post/chromaticAberration/strengthB'),/home/dillonb/DEV/db/Omnivore-work/ovrtx/ovrtx-0.5.0/ovrtx/bin/usd_plugins/rtx_settings/generatedSchema.usda,790,schema_declared_not_runtime_verified
RTX schema,OmniRtxPostChromaticAberrationAPI_1,omni:rtx:post:chromab:strengthG,float,-0.075,True,[],Strength G,Amount of distortion to apply to the green channel. (deprecated carb setting path: '/rtx/post/chromaticAberration/strengthG'),/home/dillonb/DEV/db/Omnivore-work/ovrtx/ovrtx-0.5.0/ovrtx/bin/usd_plugins/rtx_settings/generatedSchema.usda,795,schema_declared_not_runtime_verified
RTX schema,OmniRtxPostChromaticAberrationAPI_1,omni:rtx:post:chromab:strengthR,float,-0.055,True,[],Strength R,Amount of distortion to apply to the red channel. (deprecated carb setting path: '/rtx/post/chromaticAberration/strengthR'),/home/dillonb/DEV/db/Omnivore-work/ovrtx/ovrtx-0.5.0/ovrtx/bin/usd_plugins/rtx_settings/generatedSchema.usda,800,schema_declared_not_runtime_verified
RTX schema,OmniRtxPostChromaticAberrationAPI_1,omni:rtx:post:chromab:useLanczosSampler,bool,0,True,[],Use Lanczos sampler,Use a Lanczos sampler when sampling the image for distortion. (deprecated carb setting path: '/rtx/post/chromaticAberration/enableLanczos'),/home/dillonb/DEV/db/Omnivore-work/ovrtx/ovrtx-0.5.0/ovrtx/bin/usd_plugins/rtx_settings/generatedSchema.usda,805,schema_declared_not_runtime_verified
RTX schema,OmniRtxPostBloomPhysicalAPI_1,omni:rtx:post:bloom:alphaChannelScale,float,1,True,[],Alpha channel scale,How present the bloom is in the alpha channel. (deprecated carb setting path: '/rtx/post/lensFlares/alphaExposureScale'),/home/dillonb/DEV/db/Omnivore-work/ovrtx/ovrtx-0.5.0/ovrtx/bin/usd_plugins/rtx_settings/generatedSchema.usda,814,schema_declared_not_runtime_verified
RTX schema,OmniRtxPostBloomPhysicalAPI_1,omni:rtx:post:bloom:aperture:blades,int,5,True,[],Blades,"Number of blades in the aperture diaphragm, resulting in a star with twice that many points. Values less than three will result in a circular aperture. (deprecated carb setting path: '/rtx/post/lensFlares/blades')",/home/dillonb/DEV/db/Omnivore-work/ovrtx/ovrtx-0.5.0/ovrtx/bin/usd_plugins/rtx_settings/generatedSchema.usda,819,schema_declared_not_runtime_verified
RTX schema,OmniRtxPostBloomPhysicalAPI_1,omni:rtx:post:bloom:apertureShapeCircular,bool,0,True,[],Circular Aperture,(deprecated carb setting path: '/rtx/post/lensFlares/apertureShapeCircular'),/home/dillonb/DEV/db/Omnivore-work/ovrtx/ovrtx-0.5.0/ovrtx/bin/usd_plugins/rtx_settings/generatedSchema.usda,824,schema_declared_not_runtime_verified
RTX schema,OmniRtxPostBloomPhysicalAPI_1,omni:rtx:post:bloom:aperture:dust,float,0,True,[],Dust,Adds spots to the aperture shape to simulate dust on the lens. (deprecated carb setting path: '/rtx/post/lensFlares/dustStrength'),/home/dillonb/DEV/db/Omnivore-work/ovrtx/ovrtx-0.5.0/ovrtx/bin/usd_plugins/rtx_settings/generatedSchema.usda,828,schema_declared_not_runtime_verified
RTX schema,OmniRtxPostBloomPhysicalAPI_1,omni:rtx:post:bloom:aperture:noise,float,0,True,[],Noise,Adds high-frequency noise to the aperture shape to simulate fine particles on the lens. (deprecated carb setting path: '/rtx/post/lensFlares/noiseStrength'),/home/dillonb/DEV/db/Omnivore-work/ovrtx/ovrtx-0.5.0/ovrtx/bin/usd_plugins/rtx_settings/generatedSchema.usda,833,schema_declared_not_runtime_verified
RTX schema,OmniRtxPostBloomPhysicalAPI_1,omni:rtx:post:bloom:aperture:rotation,float,5,True,[],Rotation,"Rotation of the aperture diaphragm, in degrees. (deprecated carb setting path: '/rtx/post/lensFlares/apertureRotation')",/home/dillonb/DEV/db/Omnivore-work/ovrtx/ovrtx-0.5.0/ovrtx/bin/usd_plugins/rtx_settings/generatedSchema.usda,838,schema_declared_not_runtime_verified
RTX schema,OmniRtxPostBloomPhysicalAPI_1,omni:rtx:post:bloom:aperture:scratches,float,0,True,[],Scratches,Adds lines to the aperture shape to simulate scratches on the lens. (deprecated carb setting path: '/rtx/post/lensFlares/scratchStrength'),/home/dillonb/DEV/db/Omnivore-work/ovrtx/ovrtx-0.5.0/ovrtx/bin/usd_plugins/rtx_settings/generatedSchema.usda,843,schema_declared_not_runtime_verified
RTX schema,OmniRtxPostBloomPhysicalAPI_1,omni:rtx:post:bloom:aspectRatio,float,1.5,True,[],Aspect ratio,"Aspect ratio of the image projected by the lens. Higher values give a horizontally stretched bloom, lower values give a horizontally squeezed bloom. (deprecated carb setting path: '/rtx/post/lensFlares/sensorAspectRatio')",/home/dillonb/DEV/db/Omnivore-work/ovrtx/ovrtx-0.5.0/ovrtx/bin/usd_plugins/rtx_settings/generatedSchema.usda,848,schema_declared_not_runtime_verified
RTX schema,OmniRtxPostBloomPhysicalAPI_1,omni:rtx:post:bloom:cutoff,float3,"(2, 2, 2)",True,[],Cutoff point,Pixels in the image below the cutoff value will not contribute to the bloom effect. (deprecated carb setting path: '/rtx/post/lensFlares/cutoffPoint'),/home/dillonb/DEV/db/Omnivore-work/ovrtx/ovrtx-0.5.0/ovrtx/bin/usd_plugins/rtx_settings/generatedSchema.usda,853,schema_declared_not_runtime_verified
RTX schema,OmniRtxPostBloomPhysicalAPI_1,omni:rtx:post:bloom:cutoffFuzziness,float,0.5,True,[],Cutoff fuzziness,"If greater than zero, smoothly blends off the contribution of pixels around the cutoff point. The fuzziness value determines the size of the blend region. (deprecated carb setting path: '/rtx/post/lensFlares/cutoffFuzziness')",/home/dillonb/DEV/db/Omnivore-work/ovrtx/ovrtx-0.5.0/ovrtx/bin/usd_plugins/rtx_settings/generatedSchema.usda,858,schema_declared_not_runtime_verified
RTX schema,OmniRtxPostBloomPhysicalAPI_1,omni:rtx:post:bloom:enabled,bool,0,True,[],Enabled,Enable the bloom pass. (deprecated carb setting path: '/rtx/post/lensFlares/enabled'),/home/dillonb/DEV/db/Omnivore-work/ovrtx/ovrtx-0.5.0/ovrtx/bin/usd_plugins/rtx_settings/generatedSchema.usda,863,schema_declared_not_runtime_verified
RTX schema,OmniRtxPostBloomPhysicalAPI_1,omni:rtx:post:bloom:energyConservingBlend,bool,0,True,[],Energy-conserving blend,... (deprecated carb setting path: '/rtx/post/lensFlares/energyConstrainingBlend'),/home/dillonb/DEV/db/Omnivore-work/ovrtx/ovrtx-0.5.0/ovrtx/bin/usd_plugins/rtx_settings/generatedSchema.usda,868,schema_declared_not_runtime_verified
RTX schema,OmniRtxPostBloomPhysicalAPI_1,omni:rtx:post:bloom:focalLength,float,35,True,[],Focal length,"Focal length of the simulated lens, in mm. (deprecated carb setting path: '/rtx/post/lensFlares/focalLength')",/home/dillonb/DEV/db/Omnivore-work/ovrtx/ovrtx-0.5.0/ovrtx/bin/usd_plugins/rtx_settings/generatedSchema.usda,873,schema_declared_not_runtime_verified
RTX schema,OmniRtxPostBloomPhysicalAPI_1,omni:rtx:post:bloom:fStop,float,5,True,[],f-stop,f-stop of the simulated lens. (deprecated carb setting path: '/rtx/post/lensFlares/fNumber'),/home/dillonb/DEV/db/Omnivore-work/ovrtx/ovrtx-0.5.0/ovrtx/bin/usd_plugins/rtx_settings/generatedSchema.usda,878,schema_declared_not_runtime_verified
RTX schema,OmniRtxPostBloomPhysicalAPI_1,omni:rtx:post:bloom:scale,float,1,True,[],Scale,Brightness of the bloom effect. (deprecated carb setting path: '/rtx/post/lensFlares/flareScale'),/home/dillonb/DEV/db/Omnivore-work/ovrtx/ovrtx-0.5.0/ovrtx/bin/usd_plugins/rtx_settings/generatedSchema.usda,883,schema_declared_not_runtime_verified
RTX schema,OmniRtxPostBloomPhysicalAPI_1,omni:rtx:post:bloom:sensorDiagonal,float,60,True,[],Sensor diagonal,"Diagonal length of the sensor, in mm. (deprecated carb setting path: '/rtx/post/lensFlares/sensorDiagonal')",/home/dillonb/DEV/db/Omnivore-work/ovrtx/ovrtx-0.5.0/ovrtx/bin/usd_plugins/rtx_settings/generatedSchema.usda,888,schema_declared_not_runtime_verified
RTX schema,OmniRtxPostBloomPhysicalAPI_1,omni:rtx:post:bloom:spectral:debugVisualization,token,"""off""",True,"[""off"", ""aperture"", ""starburst""]",Debug visualization,Shows a visualization of the aperture shape or its resulting bloom starburst pattern to help when tweaking values. (deprecated carb setting path: '/rtx/post/lensFlares/debugVisMode'),/home/dillonb/DEV/db/Omnivore-work/ovrtx/ovrtx-0.5.0/ovrtx/bin/usd_plugins/rtx_settings/generatedSchema.usda,893,schema_declared_not_runtime_verified
RTX schema,OmniRtxPostBloomPhysicalAPI_1,omni:rtx:post:bloom:spectral:samples,float,0,True,[],Samples,Number of samples to take when calculating spectral diffraction. (deprecated carb setting path: '/rtx/post/lensFlares/spectralBlurSamples'),/home/dillonb/DEV/db/Omnivore-work/ovrtx/ovrtx-0.5.0/ovrtx/bin/usd_plugins/rtx_settings/generatedSchema.usda,899,schema_declared_not_runtime_verified
RTX schema,OmniRtxPostBloomPhysicalAPI_1,omni:rtx:post:bloom:spectral:scale,float,10,True,[],Scale,Scale of the spectral diffraction to match the size of the non-spectral bloom. (deprecated carb setting path: '/rtx/post/lensFlares/spectralBlurIntensity'),/home/dillonb/DEV/db/Omnivore-work/ovrtx/ovrtx-0.5.0/ovrtx/bin/usd_plugins/rtx_settings/generatedSchema.usda,904,schema_declared_not_runtime_verified
RTX schema,OmniRtxPostBloomPhysicalAPI_1,omni:rtx:post:bloom:spectral:wavelengths,float3,"(380, 550, 770)",True,[],Wavelengths,Wavelengths to use when calculating the spectral diffraction. (deprecated carb setting path: '/rtx/post/lensFlares/spectralBlurWavelengthRange'),/home/dillonb/DEV/db/Omnivore-work/ovrtx/ovrtx-0.5.0/ovrtx/bin/usd_plugins/rtx_settings/generatedSchema.usda,909,schema_declared_not_runtime_verified
RTX schema,OmniRtxPostMatteObjectAPI_1,omni:rtx:post:matteobject:compositeShift,float,0,True,[],Composite shift,Bias the matte object compositing so it blends into the background better (deprecated carb setting path: '/rtx/matteObject/blend/shift'),/home/dillonb/DEV/db/Omnivore-work/ovrtx/ovrtx-0.5.0/ovrtx/bin/usd_plugins/rtx_settings/generatedSchema.usda,918,schema_declared_not_runtime_verified
RTX schema,OmniRtxPostMatteObjectAPI_1,omni:rtx:post:matteobject:enabled,bool,1,True,[],Enabled,Enables the matte/shadow pass that composites foreground shadows against the background dome light or image plane when they are received by an object with the matte object property set. (deprecated carb setting path: '/rtx/matteObject/enabled'),/home/dillonb/DEV/db/Omnivore-work/ovrtx/ovrtx-0.5.0/ovrtx/bin/usd_plugins/rtx_settings/generatedSchema.usda,923,schema_declared_not_runtime_verified
RTX schema,OmniRtxPostMatteObjectAPI_1,omni:rtx:post:matteobject:fadeOut,float,0,True,[],Fade out,Blends the matte object gradually into the background (deprecated carb setting path: '/rtx/matteObject/blend/fadeOut'),/home/dillonb/DEV/db/Omnivore-work/ovrtx/ovrtx-0.5.0/ovrtx/bin/usd_plugins/rtx_settings/generatedSchema.usda,928,schema_declared_not_runtime_verified
RTX schema,OmniRtxPostMatteObjectAPI_1,omni:rtx:post:matteobject:shadowContrast,float,0,True,[],Shadow contrast,Increases the contrast of the matte shadow (deprecated carb setting path: '/rtx/matteObject/blend/contrast'),/home/dillonb/DEV/db/Omnivore-work/ovrtx/ovrtx-0.5.0/ovrtx/bin/usd_plugins/rtx_settings/generatedSchema.usda,933,schema_declared_not_runtime_verified
RTX schema,OmniRtxPostMatteObjectAPI_1,omni:rtx:post:matteobject:shadowsOnly,bool,0,True,[],Shadows only,Matte objects only calculate shadows and not reflections which improves performance. (deprecated carb setting path: '/rtx/post/matteObject/enableShadowCatcher'),/home/dillonb/DEV/db/Omnivore-work/ovrtx/ovrtx-0.5.0/ovrtx/bin/usd_plugins/rtx_settings/generatedSchema.usda,938,schema_declared_not_runtime_verified
RTX schema,OmniRtxPostMatteObjectAPI_1,omni:rtx:post:matteobject:useApproximateIBL,bool,0,True,[],Use approximate IBL,"Uses the fast approximate IBL mode for matte objects. This is less accurate, but faster and the difference is often not noticeable. (deprecated carb setting path: '/rtx/domeLight/forceMatteUseApproximateIbl')",/home/dillonb/DEV/db/Omnivore-work/ovrtx/ovrtx-0.5.0/ovrtx/bin/usd_plugins/rtx_settings/generatedSchema.usda,943,schema_declared_not_runtime_verified
RTX schema,OmniRtxPostMatteObjectAPI_1,omni:rtx:post:matteObject:enableAmbientShadowCatcher,bool,0,True,[],Enable ambient shadow catcher,treats all matte objects as ambient shadow catchers. Matte objects only receive ambient occlusion. (deprecated carb setting path: '/rtx/matteObject/enableAmbientShadowCatcher'),/home/dillonb/DEV/db/Omnivore-work/ovrtx/ovrtx-0.5.0/ovrtx/bin/usd_plugins/rtx_settings/generatedSchema.usda,948,schema_declared_not_runtime_verified
RTX schema,OmniRtxPostMatteObjectAPI_1,omni:rtx:post:matteObject:ambientShadowCatcherFactor,float,1.0,True,[],Ambient shadow catcher ease Factor,Raise the AO strength to the power of this setting value. (deprecated carb setting path: '/rtx/matteObject/ambientShadowCatcherFactor'),/home/dillonb/DEV/db/Omnivore-work/ovrtx/ovrtx-0.5.0/ovrtx/bin/usd_plugins/rtx_settings/generatedSchema.usda,953,schema_declared_not_runtime_verified
RTX schema,OmniRtxPostMatteObjectAPI_1,omni:rtx:post:matteObject:visibility:reflection,bool,0,True,[],Visible in reflection,Control whether to render matte object in reflection.. (deprecated carb setting path: '/rtx/matteObject/visibility/reflection'),/home/dillonb/DEV/db/Omnivore-work/ovrtx/ovrtx-0.5.0/ovrtx/bin/usd_plugins/rtx_settings/generatedSchema.usda,958,schema_declared_not_runtime_verified
RTX schema,OmniRtxPostMatteObjectAPI_1,omni:rtx:post:matteObject:visibility:refraction,bool,0,True,[],Visible in refraction,Control whether to render matte object in refraction. (deprecated carb setting path: '/rtx/matteObject/visibility/refraction'),/home/dillonb/DEV/db/Omnivore-work/ovrtx/ovrtx-0.5.0/ovrtx/bin/usd_plugins/rtx_settings/generatedSchema.usda,963,schema_declared_not_runtime_verified
RTX schema,OmniRtxPostCompositingAPI_1,omni:rtx:post:compositing:blackBackground,bool,0,True,[],Force black background,Force the background in the composited image to be black (deprecated carb setting path: '/rtx/post/backgroundZeroAlpha/blackBackgroundInComposite'),/home/dillonb/DEV/db/Omnivore-work/ovrtx/ovrtx-0.5.0/ovrtx/bin/usd_plugins/rtx_settings/generatedSchema.usda,972,schema_declared_not_runtime_verified
RTX schema,OmniRtxPostCompositingAPI_1,omni:rtx:post:compositing:postTonemapBackgroundComposite,bool,0,True,[],Composite background after the tone mapping,"Composites the background after tone mapping, so the background remains untonemapped (deprecated carb setting path: '/rtx/post/backgroundZeroAlpha/postTonemapBackgroundComposite')",/home/dillonb/DEV/db/Omnivore-work/ovrtx/ovrtx-0.5.0/ovrtx/bin/usd_plugins/rtx_settings/generatedSchema.usda,977,schema_declared_not_runtime_verified
RTX schema,OmniRtxPostCompositingAPI_1,omni:rtx:post:compositing:doComposite,bool,1,True,[],Do composite,Composite the foreground render over the backplate texture (deprecated carb setting path: '/rtx/post/backgroundZeroAlpha/backgroundComposite'),/home/dillonb/DEV/db/Omnivore-work/ovrtx/ovrtx-0.5.0/ovrtx/bin/usd_plugins/rtx_settings/generatedSchema.usda,982,schema_declared_not_runtime_verified
RTX schema,OmniRtxPostCompositingAPI_1,omni:rtx:post:compositing:enabled,bool,0,True,[],Enabled,Enables the compositing pass which allows generating an alpha channel and compositing the foreground objects over a backplate image (deprecated carb setting path: '/rtx/post/backgroundZeroAlpha/enabled'),/home/dillonb/DEV/db/Omnivore-work/ovrtx/ovrtx-0.5.0/ovrtx/bin/usd_plugins/rtx_settings/generatedSchema.usda,987,schema_declared_not_runtime_verified
RTX schema,OmniRtxPostCompositingAPI_1,omni:rtx:post:compositing:outputAlpha,bool,0,True,[],Output alpha,Outputs the generated alpha (deprecated carb setting path: '/rtx/post/backgroundZeroAlpha/outputAlphaInComposite'),/home/dillonb/DEV/db/Omnivore-work/ovrtx/ovrtx-0.5.0/ovrtx/bin/usd_plugins/rtx_settings/generatedSchema.usda,992,schema_declared_not_runtime_verified
RTX schema,OmniRtxPostCompositingAPI_1,omni:rtx:post:compositing:premultiply,bool,0,True,[],Premultiply color by alpha,"Premultiples the color in the composited image by the alpha channel, as expected by most image formats (deprecated carb setting path: '/rtx/post/backgroundZeroAlpha/premultiplyColorByAlpha')",/home/dillonb/DEV/db/Omnivore-work/ovrtx/ovrtx-0.5.0/ovrtx/bin/usd_plugins/rtx_settings/generatedSchema.usda,997,schema_declared_not_runtime_verified
RTX schema,OmniRtxPostTonemapAPI_1,omni:rtx:post:tonemap:dither,float,0,True,[],Dither strength,(deprecated carb setting path: '/rtx/post/tonemap/dither'),/home/dillonb/DEV/db/Omnivore-work/ovrtx/ovrtx-0.5.0/ovrtx/bin/usd_plugins/rtx_settings/generatedSchema.usda,1006,schema_declared_not_runtime_verified
RTX schema,OmniRtxPostTonemapAPI_1,omni:rtx:post:tonemap:operator,token,"""acesApproximation""",True,"[""raw"", ""none"", ""reinhard"", ""modifiedReinhard"", ""hejiHableAlu"", ""hableUc2"", ""acesApproximation"", ""iray""]",Operator,"none: apply no tone-mapping operation in the renderer, handing off to OCIO reinhard: Operator based on Erik Reinhard's tone mapping work. acesApproximation: The old RTX 'ACES' tonemapper, an approximation of the ACES RRT. Deprecated in favour of the Views supplied by OCIO. iray: Reinhard-based operator that matches the operator used by NVIDIA Iray by default. (deprecated carb setting path: '/rtx/post/tonemap/op')",/home/dillonb/DEV/db/Omnivore-work/ovrtx/ovrtx-0.5.0/ovrtx/bin/usd_plugins/rtx_settings/generatedSchema.usda,1010,schema_declared_not_runtime_verified
RTX schema,OmniRtxPostTonemapIrayReinhardAPI_1,omni:rtx:post:tonemap:irayReinhard:burnHighlights,float,0.7,True,[],Burn Highlights,(deprecated carb setting path: '/rtx/post/tonemap/irayReinhard/burnHighlights'),/home/dillonb/DEV/db/Omnivore-work/ovrtx/ovrtx-0.5.0/ovrtx/bin/usd_plugins/rtx_settings/generatedSchema.usda,1025,schema_declared_not_runtime_verified
RTX schema,OmniRtxPostTonemapIrayReinhardAPI_1,omni:rtx:post:tonemap:irayReinhard:burnHighlightsMaxComponent,bool,0,True,[],Burn Highlights max Component,(deprecated carb setting path: '/rtx/post/tonemap/irayReinhard/burnHighlightsMaxComponent'),/home/dillonb/DEV/db/Omnivore-work/ovrtx/ovrtx-0.5.0/ovrtx/bin/usd_plugins/rtx_settings/generatedSchema.usda,1029,schema_declared_not_runtime_verified
RTX schema,OmniRtxPostTonemapIrayReinhardAPI_1,omni:rtx:post:tonemap:irayReinhard:burnHighlightsPerComponent,bool,1,True,[],Burn Highlights per Component,(deprecated carb setting path: '/rtx/post/tonemap/irayReinhard/burnHighlightsPerComponent'),/home/dillonb/DEV/db/Omnivore-work/ovrtx/ovrtx-0.5.0/ovrtx/bin/usd_plugins/rtx_settings/generatedSchema.usda,1033,schema_declared_not_runtime_verified
RTX schema,OmniRtxPostTonemapIrayReinhardAPI_1,omni:rtx:post:tonemap:irayReinhard:crushBlacks,float,0.5,True,[],Crush Blacks,(deprecated carb setting path: '/rtx/post/tonemap/irayReinhard/crushBlacks'),/home/dillonb/DEV/db/Omnivore-work/ovrtx/ovrtx-0.5.0/ovrtx/bin/usd_plugins/rtx_settings/generatedSchema.usda,1037,schema_declared_not_runtime_verified
RTX schema,OmniRtxPostTonemapIrayReinhardAPI_1,omni:rtx:post:tonemap:irayReinhard:saturation,float,1,True,[],Saturation,(deprecated carb setting path: '/rtx/post/tonemap/irayReinhard/saturation'),/home/dillonb/DEV/db/Omnivore-work/ovrtx/ovrtx-0.5.0/ovrtx/bin/usd_plugins/rtx_settings/generatedSchema.usda,1041,schema_declared_not_runtime_verified
RTX schema,OmniRtxPostDofAPI_1,omni:rtx:post:dof:anisotropy,float,0,True,[],Anisotropy,Anisotropy of the lens. A value of -0.5 simulates the depth of field of an anamorphic lens. (deprecated carb setting path: '/rtx/post/dof/anisotropy'),/home/dillonb/DEV/db/Omnivore-work/ovrtx/ovrtx-0.5.0/ovrtx/bin/usd_plugins/rtx_settings/generatedSchema.usda,1049,schema_declared_not_runtime_verified
RTX schema,OmniRtxPostDofAPI_1,omni:rtx:post:dof:enabled,bool,0,True,[],Enabled,"Enables Depth of Field. If disabled, camera parameters affecting Depth of Field are ignored. (deprecated carb setting path: '/rtx/post/dof/enabled')",/home/dillonb/DEV/db/Omnivore-work/ovrtx/ovrtx-0.5.0/ovrtx/bin/usd_plugins/rtx_settings/generatedSchema.usda,1054,schema_declared_not_runtime_verified
RTX schema,OmniRtxPostDofAPI_1,omni:rtx:post:dof:focalLength,float,100,True,[],Focal length,The focal length of the lens (in mm). The focal length divided by the f-stop is the aperture diameter. (deprecated carb setting path: '/rtx/post/dof/focalLength'),/home/dillonb/DEV/db/Omnivore-work/ovrtx/ovrtx-0.5.0/ovrtx/bin/usd_plugins/rtx_settings/generatedSchema.usda,1059,schema_declared_not_runtime_verified
RTX schema,OmniRtxPostDofAPI_1,omni:rtx:post:dof:fStop,float,1,True,[],f-stop,f-stop (aperture) of the lens. Lower f-stop numbers decrease the distance range from the Subject Distance where objects remain in focus. (deprecated carb setting path: '/rtx/post/dof/fNumber'),/home/dillonb/DEV/db/Omnivore-work/ovrtx/ovrtx-0.5.0/ovrtx/bin/usd_plugins/rtx_settings/generatedSchema.usda,1064,schema_declared_not_runtime_verified
RTX schema,OmniRtxPostDofAPI_1,omni:rtx:post:dof:subjectDistance,float,400,True,[],Subject distance,Objects at this distance from the camera will be in focus. (deprecated carb setting path: '/rtx/post/dof/subjectDistance'),/home/dillonb/DEV/db/Omnivore-work/ovrtx/ovrtx-0.5.0/ovrtx/bin/usd_plugins/rtx_settings/generatedSchema.usda,1069,schema_declared_not_runtime_verified
RTX schema,OmniRtxPostMotionBlurAPI_1,omni:rtx:post:motionblur:enabled,bool,0,True,[],Enabled,Enable the post-processed motion blur pass. (deprecated carb setting path: '/rtx/post/motionblur/enabled'),/home/dillonb/DEV/db/Omnivore-work/ovrtx/ovrtx-0.5.0/ovrtx/bin/usd_plugins/rtx_settings/generatedSchema.usda,1078,schema_declared_not_runtime_verified
RTX schema,OmniRtxPostMotionBlurAPI_1,omni:rtx:post:motionblur:exposureFraction,float,1,True,[],Exposure Fraction,Exposure time fraction in frames (1.0 = one frame duration) to sample. (deprecated carb setting path: '/rtx/post/motionblur/exposureFraction'),/home/dillonb/DEV/db/Omnivore-work/ovrtx/ovrtx-0.5.0/ovrtx/bin/usd_plugins/rtx_settings/generatedSchema.usda,1083,schema_declared_not_runtime_verified
RTX schema,OmniRtxPostMotionBlurAPI_1,omni:rtx:post:motionblur:maxBlurDiameterFraction,float,0.02,True,[],Blur Diameter Fraction,The fraction of the largest screen dimension to use as the maximum motion blur diameter. (deprecated carb setting path: '/rtx/post/motionblur/maxBlurDiameterFraction'),/home/dillonb/DEV/db/Omnivore-work/ovrtx/ovrtx-0.5.0/ovrtx/bin/usd_plugins/rtx_settings/generatedSchema.usda,1088,schema_declared_not_runtime_verified
RTX schema,OmniRtxPostMotionBlurAPI_1,omni:rtx:post:motionblur:numSamples,int,8,True,[],Number of Samples,Number of samples to use in the filter. A higher number improves quality at the cost of performance. (deprecated carb setting path: '/rtx/post/motionblur/numSamples'),/home/dillonb/DEV/db/Omnivore-work/ovrtx/ovrtx-0.5.0/ovrtx/bin/usd_plugins/rtx_settings/generatedSchema.usda,1093,schema_declared_not_runtime_verified
RTX schema,OmniRtxPostTvNoiseAPI_1,omni:rtx:post:tvNoise:colorAmount,float,0.6,True,[],Color Amount,The amount of color offset each grain will be allowed to use. (deprecated carb setting path: '/rtx/post/tvNoise/colorAmount'),/home/dillonb/DEV/db/Omnivore-work/ovrtx/ovrtx-0.5.0/ovrtx/bin/usd_plugins/rtx_settings/generatedSchema.usda,1102,schema_declared_not_runtime_verified
RTX schema,OmniRtxPostTvNoiseAPI_1,omni:rtx:post:tvNoise:enabled,bool,0,True,[],TV Noise,(deprecated carb setting path: '/rtx/post/tvNoise/enabled'),/home/dillonb/DEV/db/Omnivore-work/ovrtx/ovrtx-0.5.0/ovrtx/bin/usd_plugins/rtx_settings/generatedSchema.usda,1107,schema_declared_not_runtime_verified
RTX schema,OmniRtxPostTvNoiseAPI_1,omni:rtx:post:tvNoise:filmGrain:amount,float,0.05,True,[],Grain Amount,The intensity of the film grain effect. (deprecated carb setting path: '/rtx/post/tvNoise/grainAmount'),/home/dillonb/DEV/db/Omnivore-work/ovrtx/ovrtx-0.5.0/ovrtx/bin/usd_plugins/rtx_settings/generatedSchema.usda,1111,schema_declared_not_runtime_verified
RTX schema,OmniRtxPostTvNoiseAPI_1,omni:rtx:post:tvNoise:filmGrain:enabled,bool,1,True,[],Enable Film Grain,Enables a film grain effect to emulate the graininess in high speed (ISO) film. (deprecated carb setting path: '/rtx/post/tvNoise/enableFilmGrain'),/home/dillonb/DEV/db/Omnivore-work/ovrtx/ovrtx-0.5.0/ovrtx/bin/usd_plugins/rtx_settings/generatedSchema.usda,1116,schema_declared_not_runtime_verified
RTX schema,OmniRtxPostTvNoiseAPI_1,omni:rtx:post:tvNoise:filmGrain:size,float,1.6,True,[],Grain Size,The size of the film grains. (deprecated carb setting path: '/rtx/post/tvNoise/grainSize'),/home/dillonb/DEV/db/Omnivore-work/ovrtx/ovrtx-0.5.0/ovrtx/bin/usd_plugins/rtx_settings/generatedSchema.usda,1121,schema_declared_not_runtime_verified
RTX schema,OmniRtxPostTvNoiseAPI_1,omni:rtx:post:tvNoise:fixedTime:seed,bool,0,True,[],,(deprecated carb setting path: '/rtx/post/tvNoise/fixedTimeSeed'),/home/dillonb/DEV/db/Omnivore-work/ovrtx/ovrtx-0.5.0/ovrtx/bin/usd_plugins/rtx_settings/generatedSchema.usda,1126,schema_declared_not_runtime_verified
RTX schema,OmniRtxPostTvNoiseAPI_1,omni:rtx:post:tvNoise:fixedTime:seedCount,float,0,True,[],,(deprecated carb setting path: '/rtx/post/tvNoise/fixedTimeSeedCount'),/home/dillonb/DEV/db/Omnivore-work/ovrtx/ovrtx-0.5.0/ovrtx/bin/usd_plugins/rtx_settings/generatedSchema.usda,1129,schema_declared_not_runtime_verified
RTX schema,OmniRtxPostTvNoiseAPI_1,omni:rtx:post:tvNoise:ghostFlickering:enabled,bool,0,True,[],Enable Ghost Flickering,Introduces a blurred flicker to help emulate an old television. (deprecated carb setting path: '/rtx/post/tvNoise/enableGhostFlickering'),/home/dillonb/DEV/db/Omnivore-work/ovrtx/ovrtx-0.5.0/ovrtx/bin/usd_plugins/rtx_settings/generatedSchema.usda,1132,schema_declared_not_runtime_verified
RTX schema,OmniRtxPostTvNoiseAPI_1,omni:rtx:post:tvNoise:lumAmount,float,1,True,[],Luminance Amount,The amount of offset in luminance each grain will be allowed to use. (deprecated carb setting path: '/rtx/post/tvNoise/lumAmount'),/home/dillonb/DEV/db/Omnivore-work/ovrtx/ovrtx-0.5.0/ovrtx/bin/usd_plugins/rtx_settings/generatedSchema.usda,1137,schema_declared_not_runtime_verified
RTX schema,OmniRtxPostTvNoiseAPI_1,omni:rtx:post:tvNoise:randomSplotches:enabled,bool,0,True,[],Enable Random Splotches,Introduces random splotches typical of old dirty television. (deprecated carb setting path: '/rtx/post/tvNoise/enableRandomSplotches'),/home/dillonb/DEV/db/Omnivore-work/ovrtx/ovrtx-0.5.0/ovrtx/bin/usd_plugins/rtx_settings/generatedSchema.usda,1142,schema_declared_not_runtime_verified
RTX schema,OmniRtxPostTvNoiseAPI_1,omni:rtx:post:tvNoise:scanlines:enabled,bool,0,True,[],Enable Scanlines,Emulates a Scanline Distortion typical of old televisions. (deprecated carb setting path: '/rtx/post/tvNoise/enableScanlines'),/home/dillonb/DEV/db/Omnivore-work/ovrtx/ovrtx-0.5.0/ovrtx/bin/usd_plugins/rtx_settings/generatedSchema.usda,1147,schema_declared_not_runtime_verified
RTX schema,OmniRtxPostTvNoiseAPI_1,omni:rtx:post:tvNoise:scanlines:spread,float,1,True,[],Scanline Spreading,How wide the Scanline distortion will be. (deprecated carb setting path: '/rtx/post/tvNoise/scanlineSpread'),/home/dillonb/DEV/db/Omnivore-work/ovrtx/ovrtx-0.5.0/ovrtx/bin/usd_plugins/rtx_settings/generatedSchema.usda,1152,schema_declared_not_runtime_verified
RTX schema,OmniRtxPostTvNoiseAPI_1,omni:rtx:post:tvNoise:scrollBug:enabled,bool,0,True,[],Enable Scroll Bug,Emulates sliding typical on old televisions. (deprecated carb setting path: '/rtx/post/tvNoise/enableScrollBug'),/home/dillonb/DEV/db/Omnivore-work/ovrtx/ovrtx-0.5.0/ovrtx/bin/usd_plugins/rtx_settings/generatedSchema.usda,1157,schema_declared_not_runtime_verified
RTX schema,OmniRtxPostTvNoiseAPI_1,omni:rtx:post:tvNoise:verticalLines:enabled,bool,0,True,[],Enable Vertical Lines,Introduces random vertical lines to emulate an old television. (deprecated carb setting path: '/rtx/post/tvNoise/enableVerticalLines'),/home/dillonb/DEV/db/Omnivore-work/ovrtx/ovrtx-0.5.0/ovrtx/bin/usd_plugins/rtx_settings/generatedSchema.usda,1162,schema_declared_not_runtime_verified
RTX schema,OmniRtxPostTvNoiseAPI_1,omni:rtx:post:tvNoise:vignetting:enabled,bool,0,True,[],Enable Vignetting,Blurred darkening around the screen edges. (deprecated carb setting path: '/rtx/post/tvNoise/enableVignetting'),/home/dillonb/DEV/db/Omnivore-work/ovrtx/ovrtx-0.5.0/ovrtx/bin/usd_plugins/rtx_settings/generatedSchema.usda,1167,schema_declared_not_runtime_verified
RTX schema,OmniRtxPostTvNoiseAPI_1,omni:rtx:post:tvNoise:vignetting:flickering:enabled,bool,0,True,[],Enable Vignetting Flickering,Enables a slight flicker effect on the vignette. (deprecated carb setting path: '/rtx/post/tvNoise/enableVignettingFlickering'),/home/dillonb/DEV/db/Omnivore-work/ovrtx/ovrtx-0.5.0/ovrtx/bin/usd_plugins/rtx_settings/generatedSchema.usda,1172,schema_declared_not_runtime_verified
RTX schema,OmniRtxPostTvNoiseAPI_1,omni:rtx:post:tvNoise:vignetting:size,float,107,True,[],Vignetting Size,Controls the size of vignette region. (deprecated carb setting path: '/rtx/post/tvNoise/vignettingSize'),/home/dillonb/DEV/db/Omnivore-work/ovrtx/ovrtx-0.5.0/ovrtx/bin/usd_plugins/rtx_settings/generatedSchema.usda,1177,schema_declared_not_runtime_verified
RTX schema,OmniRtxPostTvNoiseAPI_1,omni:rtx:post:tvNoise:vignetting:strength,float,0.7,True,[],Vignetting Strength,Controls the intensity of the vignette. (deprecated carb setting path: '/rtx/post/tvNoise/vignettingStrength'),/home/dillonb/DEV/db/Omnivore-work/ovrtx/ovrtx-0.5.0/ovrtx/bin/usd_plugins/rtx_settings/generatedSchema.usda,1182,schema_declared_not_runtime_verified
RTX schema,OmniRtxPostTvNoiseAPI_1,omni:rtx:post:tvNoise:waveDistortion:enabled,bool,0,True,[],Enable Wavy Distortion,Introduces a Random Wave Flicker to emulate an old television. (deprecated carb setting path: '/rtx/post/tvNoise/enableWaveDistortion'),/home/dillonb/DEV/db/Omnivore-work/ovrtx/ovrtx-0.5.0/ovrtx/bin/usd_plugins/rtx_settings/generatedSchema.usda,1187,schema_declared_not_runtime_verified
RTX schema,OmniRtxDebugSettingsAPI_1,omni:rtx:ambientOcclusion:denoiserMode,token,"""aggressive""",True,"[""none"", ""aggressive"", ""simple""]",,(deprecated carb setting path: '/rtx/ambientOcclusion/denoiserMode'),/home/dillonb/DEV/db/Omnivore-work/ovrtx/ovrtx-0.5.0/ovrtx/bin/usd_plugins/rtx_settings/generatedSchema.usda,1196,schema_declared_not_runtime_verified
RTX schema,OmniRtxDebugSettingsAPI_1,omni:rtx:ambientOcclusion:maxSamples,int,9,True,[],Maximum Samples Per Pixel,Maximum number of samples per frame for ambient occlusion sampling. (deprecated carb setting path: '/rtx/ambientOcclusion/maxSamples'),/home/dillonb/DEV/db/Omnivore-work/ovrtx/ovrtx-0.5.0/ovrtx/bin/usd_plugins/rtx_settings/generatedSchema.usda,1200,schema_declared_not_runtime_verified
RTX schema,OmniRtxDebugSettingsAPI_1,omni:rtx:ambientOcclusion:minSamples,int,3,True,[],Minimum Samples Per Pixel,Minimum number of samples per frame for ambient occlusion sampling. (deprecated carb setting path: '/rtx/ambientOcclusion/minSamples'),/home/dillonb/DEV/db/Omnivore-work/ovrtx/ovrtx-0.5.0/ovrtx/bin/usd_plugins/rtx_settings/generatedSchema.usda,1205,schema_declared_not_runtime_verified
RTX schema,OmniRtxDebugSettingsAPI_1,omni:rtx:ambientOcclusion:stratification:enabled,bool,1,True,[],Ambient Occlusion Stratification,(deprecated carb setting path: '/rtx/ambientOcclusion/enableStratification'),/home/dillonb/DEV/db/Omnivore-work/ovrtx/ovrtx-0.5.0/ovrtx/bin/usd_plugins/rtx_settings/generatedSchema.usda,1210,schema_declared_not_runtime_verified
RTX schema,OmniRtxDebugSettingsAPI_1,omni:rtx:ambientOcclusion:temporalSqrtLength,int,3,True,[],,(deprecated carb setting path: '/rtx/ambientOcclusion/temporalSqrtLength'),/home/dillonb/DEV/db/Omnivore-work/ovrtx/ovrtx-0.5.0/ovrtx/bin/usd_plugins/rtx_settings/generatedSchema.usda,1214,schema_declared_not_runtime_verified
RTX schema,OmniRtxDebugSettingsAPI_1,omni:rtx:debug:addTileGpuAnnotations,bool,0,True,[],,(deprecated carb setting path: '/rtx/addTileGpuAnnotations'),/home/dillonb/DEV/db/Omnivore-work/ovrtx/ovrtx-0.5.0/ovrtx/bin/usd_plugins/rtx_settings/generatedSchema.usda,1217,schema_declared_not_runtime_verified
RTX schema,OmniRtxDebugSettingsAPI_1,omni:rtx:debug:enableDebugUtils,bool,0,True,[],,(deprecated carb setting path: '/rtx/debug/enableDebugUtils'),/home/dillonb/DEV/db/Omnivore-work/ovrtx/ovrtx-0.5.0/ovrtx/bin/usd_plugins/rtx_settings/generatedSchema.usda,1220,schema_declared_not_runtime_verified
RTX schema,OmniRtxDebugSettingsAPI_1,omni:rtx:debug:onlyOpaqueRayFlags,bool,0,True,[],Hide Geometry That Uses Opacity (debug),(deprecated carb setting path: '/rtx/debug/onlyOpaqueRayFlags'),/home/dillonb/DEV/db/Omnivore-work/ovrtx/ovrtx-0.5.0/ovrtx/bin/usd_plugins/rtx_settings/generatedSchema.usda,1223,schema_declared_not_runtime_verified
RTX schema,OmniRtxDebugSettingsAPI_1,omni:rtx:debug:onlyDiffuse,bool,0,True,[],Only Diffuse Lighting (debug),(deprecated carb setting path: '/rtx/debug/onlyDiffuse'),/home/dillonb/DEV/db/Omnivore-work/ovrtx/ovrtx-0.5.0/ovrtx/bin/usd_plugins/rtx_settings/generatedSchema.usda,1227,schema_declared_not_runtime_verified
RTX schema,OmniRtxDebugSettingsAPI_1,omni:rtx:debug:valueBool0,bool,0,True,[],,(deprecated carb setting path: '/rtx/debug/valueBool0'),/home/dillonb/DEV/db/Omnivore-work/ovrtx/ovrtx-0.5.0/ovrtx/bin/usd_plugins/rtx_settings/generatedSchema.usda,1231,schema_declared_not_runtime_verified
RTX schema,OmniRtxDebugSettingsAPI_1,omni:rtx:debug:valueBool1,bool,0,True,[],,(deprecated carb setting path: '/rtx/debug/valueBool1'),/home/dillonb/DEV/db/Omnivore-work/ovrtx/ovrtx-0.5.0/ovrtx/bin/usd_plugins/rtx_settings/generatedSchema.usda,1234,schema_declared_not_runtime_verified
RTX schema,OmniRtxDebugSettingsAPI_1,omni:rtx:debug:valueBool2,bool,0,True,[],,(deprecated carb setting path: '/rtx/debug/valueBool2'),/home/dillonb/DEV/db/Omnivore-work/ovrtx/ovrtx-0.5.0/ovrtx/bin/usd_plugins/rtx_settings/generatedSchema.usda,1237,schema_declared_not_runtime_verified
RTX schema,OmniRtxDebugSettingsAPI_1,omni:rtx:debug:valueBool3,bool,0,True,[],,(deprecated carb setting path: '/rtx/debug/valueBool3'),/home/dillonb/DEV/db/Omnivore-work/ovrtx/ovrtx-0.5.0/ovrtx/bin/usd_plugins/rtx_settings/generatedSchema.usda,1240,schema_declared_not_runtime_verified
RTX schema,OmniRtxDebugSettingsAPI_1,omni:rtx:debug:valueFloat0,float,0,True,[],,(deprecated carb setting path: '/rtx/debug/valueFloat0'),/home/dillonb/DEV/db/Omnivore-work/ovrtx/ovrtx-0.5.0/ovrtx/bin/usd_plugins/rtx_settings/generatedSchema.usda,1243,schema_declared_not_runtime_verified
RTX schema,OmniRtxDebugSettingsAPI_1,omni:rtx:debug:valueFloat1,float,0,True,[],,(deprecated carb setting path: '/rtx/debug/valueFloat1'),/home/dillonb/DEV/db/Omnivore-work/ovrtx/ovrtx-0.5.0/ovrtx/bin/usd_plugins/rtx_settings/generatedSchema.usda,1246,schema_declared_not_runtime_verified
RTX schema,OmniRtxDebugSettingsAPI_1,omni:rtx:debug:valueFloat2,float,0,True,[],,(deprecated carb setting path: '/rtx/debug/valueFloat2'),/home/dillonb/DEV/db/Omnivore-work/ovrtx/ovrtx-0.5.0/ovrtx/bin/usd_plugins/rtx_settings/generatedSchema.usda,1249,schema_declared_not_runtime_verified
RTX schema,OmniRtxDebugSettingsAPI_1,omni:rtx:debug:valueFloat3,float,0,True,[],,(deprecated carb setting path: '/rtx/debug/valueFloat3'),/home/dillonb/DEV/db/Omnivore-work/ovrtx/ovrtx-0.5.0/ovrtx/bin/usd_plugins/rtx_settings/generatedSchema.usda,1252,schema_declared_not_runtime_verified
RTX schema,OmniRtxDebugSettingsAPI_1,omni:rtx:debug:view:allowDebugViewOnMgpu,bool,0,True,[],,(deprecated carb setting path: '/rtx/debugView/allowDebugViewOnMgpu'),/home/dillonb/DEV/db/Omnivore-work/ovrtx/ovrtx-0.5.0/ovrtx/bin/usd_plugins/rtx_settings/generatedSchema.usda,1255,schema_declared_not_runtime_verified
RTX schema,OmniRtxDebugSettingsAPI_1,omni:rtx:debug:view:drawDebugOverTarget,bool,0,True,[],,(deprecated carb setting path: '/rtx/debugView/drawDebugOverTarget'),/home/dillonb/DEV/db/Omnivore-work/ovrtx/ovrtx-0.5.0/ovrtx/bin/usd_plugins/rtx_settings/generatedSchema.usda,1258,schema_declared_not_runtime_verified
RTX schema,OmniRtxDebugSettingsAPI_1,omni:rtx:debug:view:enablePreTonemap,bool,0,True,[],,(deprecated carb setting path: '/rtx/debugView/enablePreTonemap'),/home/dillonb/DEV/db/Omnivore-work/ovrtx/ovrtx-0.5.0/ovrtx/bin/usd_plugins/rtx_settings/generatedSchema.usda,1261,schema_declared_not_runtime_verified
RTX schema,OmniRtxDebugSettingsAPI_1,omni:rtx:debug:view:heatMapColorPalette,int,0,True,[],,(deprecated carb setting path: '/rtx/debugView/heatMapColorPalette'),/home/dillonb/DEV/db/Omnivore-work/ovrtx/ovrtx-0.5.0/ovrtx/bin/usd_plugins/rtx_settings/generatedSchema.usda,1264,schema_declared_not_runtime_verified
RTX schema,OmniRtxDebugSettingsAPI_1,omni:rtx:debug:view:heatMapMaxAnyHitCount,int,10,True,[],,(deprecated carb setting path: '/rtx/debugView/heatMapMaxAnyHitCount'),/home/dillonb/DEV/db/Omnivore-work/ovrtx/ovrtx-0.5.0/ovrtx/bin/usd_plugins/rtx_settings/generatedSchema.usda,1267,schema_declared_not_runtime_verified
RTX schema,OmniRtxDebugSettingsAPI_1,omni:rtx:debug:view:heatMapMaxIntersectionCount,int,10,True,[],,(deprecated carb setting path: '/rtx/debugView/heatMapMaxIntersectionCount'),/home/dillonb/DEV/db/Omnivore-work/ovrtx/ovrtx-0.5.0/ovrtx/bin/usd_plugins/rtx_settings/generatedSchema.usda,1270,schema_declared_not_runtime_verified
RTX schema,OmniRtxDebugSettingsAPI_1,omni:rtx:debug:view:heatMapMaxTime,float,500,True,[],,(deprecated carb setting path: '/rtx/debugView/heatMapMaxTime'),/home/dillonb/DEV/db/Omnivore-work/ovrtx/ovrtx-0.5.0/ovrtx/bin/usd_plugins/rtx_settings/generatedSchema.usda,1273,schema_declared_not_runtime_verified
RTX schema,OmniRtxDebugSettingsAPI_1,omni:rtx:debug:view:heatMapOverlayHeatMapScale,bool,1,True,[],,(deprecated carb setting path: '/rtx/debugView/heatMapOverlayHeatMapScale'),/home/dillonb/DEV/db/Omnivore-work/ovrtx/ovrtx-0.5.0/ovrtx/bin/usd_plugins/rtx_settings/generatedSchema.usda,1276,schema_declared_not_runtime_verified
RTX schema,OmniRtxDebugSettingsAPI_1,omni:rtx:debug:view:heatMapPass,int,1,True,[],,(deprecated carb setting path: '/rtx/debugView/heatMapPass'),/home/dillonb/DEV/db/Omnivore-work/ovrtx/ovrtx-0.5.0/ovrtx/bin/usd_plugins/rtx_settings/generatedSchema.usda,1279,schema_declared_not_runtime_verified
RTX schema,OmniRtxDebugSettingsAPI_1,omni:rtx:debug:view:lightPowerMeter:enabled,int,0,True,[],,(deprecated carb setting path: '/rtx/debugView/lightPowerMeter/enabled'),/home/dillonb/DEV/db/Omnivore-work/ovrtx/ovrtx-0.5.0/ovrtx/bin/usd_plugins/rtx_settings/generatedSchema.usda,1282,schema_declared_not_runtime_verified
RTX schema,OmniRtxDebugSettingsAPI_1,omni:rtx:debug:view:pixelDebug:blinkInvalidValues,bool,0,True,[],,(deprecated carb setting path: '/rtx/debugView/pixelDebug/blinkInvalidValues'),/home/dillonb/DEV/db/Omnivore-work/ovrtx/ovrtx-0.5.0/ovrtx/bin/usd_plugins/rtx_settings/generatedSchema.usda,1285,schema_declared_not_runtime_verified
RTX schema,OmniRtxDebugSettingsAPI_1,omni:rtx:debug:view:pixelDebug:debugAsUint,bool,0,True,[],,(deprecated carb setting path: '/rtx/debugView/pixelDebug/debugAsUint'),/home/dillonb/DEV/db/Omnivore-work/ovrtx/ovrtx-0.5.0/ovrtx/bin/usd_plugins/rtx_settings/generatedSchema.usda,1288,schema_declared_not_runtime_verified
RTX schema,OmniRtxDebugSettingsAPI_1,omni:rtx:debug:view:pixelDebug:debugPosX,float,0,True,[],,(deprecated carb setting path: '/rtx/debugView/pixelDebug/debugPosX'),/home/dillonb/DEV/db/Omnivore-work/ovrtx/ovrtx-0.5.0/ovrtx/bin/usd_plugins/rtx_settings/generatedSchema.usda,1291,schema_declared_not_runtime_verified
RTX schema,OmniRtxDebugSettingsAPI_1,omni:rtx:debug:view:pixelDebug:debugPosY,float,0,True,[],,(deprecated carb setting path: '/rtx/debugView/pixelDebug/debugPosY'),/home/dillonb/DEV/db/Omnivore-work/ovrtx/ovrtx-0.5.0/ovrtx/bin/usd_plugins/rtx_settings/generatedSchema.usda,1294,schema_declared_not_runtime_verified
RTX schema,OmniRtxDebugSettingsAPI_1,omni:rtx:debug:view:pixelDebug:enabled,bool,0,True,[],Pixel Debug,(deprecated carb setting path: '/rtx/debugView/pixelDebug/enabled'),/home/dillonb/DEV/db/Omnivore-work/ovrtx/ovrtx-0.5.0/ovrtx/bin/usd_plugins/rtx_settings/generatedSchema.usda,1297,schema_declared_not_runtime_verified
RTX schema,OmniRtxDebugSettingsAPI_1,omni:rtx:debug:view:pixelDebug:enableFixedTextPos,bool,0,True,[],,(deprecated carb setting path: '/rtx/debugView/pixelDebug/enableFixedTextPos'),/home/dillonb/DEV/db/Omnivore-work/ovrtx/ovrtx-0.5.0/ovrtx/bin/usd_plugins/rtx_settings/generatedSchema.usda,1301,schema_declared_not_runtime_verified
RTX schema,OmniRtxDebugSettingsAPI_1,omni:rtx:debug:view:pixelDebug:magnifyingGlass:enabled,bool,0,True,[],Magnifying Glass,(deprecated carb setting path: '/rtx/debugView/pixelDebug/magnifyingGlass/enabled'),/home/dillonb/DEV/db/Omnivore-work/ovrtx/ovrtx-0.5.0/ovrtx/bin/usd_plugins/rtx_settings/generatedSchema.usda,1304,schema_declared_not_runtime_verified
RTX schema,OmniRtxDebugSettingsAPI_1,omni:rtx:debug:view:pixelDebug:magnifyingGlass:size,float,60,True,[],,(deprecated carb setting path: '/rtx/debugView/pixelDebug/magnifyingGlass/size'),/home/dillonb/DEV/db/Omnivore-work/ovrtx/ovrtx-0.5.0/ovrtx/bin/usd_plugins/rtx_settings/generatedSchema.usda,1308,schema_declared_not_runtime_verified
RTX schema,OmniRtxDebugSettingsAPI_1,omni:rtx:debug:view:pixelDebug:magnifyingGlass:zoomFactor,float,0.2,True,[],,(deprecated carb setting path: '/rtx/debugView/pixelDebug/magnifyingGlass/zoomFactor'),/home/dillonb/DEV/db/Omnivore-work/ovrtx/ovrtx-0.5.0/ovrtx/bin/usd_plugins/rtx_settings/generatedSchema.usda,1311,schema_declared_not_runtime_verified
RTX schema,OmniRtxDebugSettingsAPI_1,omni:rtx:debug:view:pixelDebug:textColor,color3f,"(0, 1e18, 0)",True,[],,(deprecated carb setting path: '/rtx/debugView/pixelDebug/textColor'),/home/dillonb/DEV/db/Omnivore-work/ovrtx/ovrtx-0.5.0/ovrtx/bin/usd_plugins/rtx_settings/generatedSchema.usda,1314,schema_declared_not_runtime_verified
RTX schema,OmniRtxDebugSettingsAPI_1,omni:rtx:debug:view:pixelDebug:textPosX,float,50,True,[],,(deprecated carb setting path: '/rtx/debugView/pixelDebug/textPosX'),/home/dillonb/DEV/db/Omnivore-work/ovrtx/ovrtx-0.5.0/ovrtx/bin/usd_plugins/rtx_settings/generatedSchema.usda,1317,schema_declared_not_runtime_verified
RTX schema,OmniRtxDebugSettingsAPI_1,omni:rtx:debug:view:pixelDebug:textPosY,float,50,True,[],,(deprecated carb setting path: '/rtx/debugView/pixelDebug/textPosY'),/home/dillonb/DEV/db/Omnivore-work/ovrtx/ovrtx-0.5.0/ovrtx/bin/usd_plugins/rtx_settings/generatedSchema.usda,1320,schema_declared_not_runtime_verified
RTX schema,OmniRtxDebugSettingsAPI_1,omni:rtx:debug:view:pixelDebug:textScaling,float,1,True,[],,(deprecated carb setting path: '/rtx/debugView/pixelDebug/textScaling'),/home/dillonb/DEV/db/Omnivore-work/ovrtx/ovrtx-0.5.0/ovrtx/bin/usd_plugins/rtx_settings/generatedSchema.usda,1323,schema_declared_not_runtime_verified
RTX schema,OmniRtxDebugSettingsAPI_1,omni:rtx:debug:view:pixelDebug:useMouse,bool,1,True,[],,(deprecated carb setting path: '/rtx/debugView/pixelDebug/useMouse'),/home/dillonb/DEV/db/Omnivore-work/ovrtx/ovrtx-0.5.0/ovrtx/bin/usd_plugins/rtx_settings/generatedSchema.usda,1326,schema_declared_not_runtime_verified
RTX schema,OmniRtxDebugSettingsAPI_1,omni:rtx:debug:view:scaleToTargetRes,bool,1,True,[],,(deprecated carb setting path: '/rtx/debugView/scaleToTargetRes'),/home/dillonb/DEV/db/Omnivore-work/ovrtx/ovrtx-0.5.0/ovrtx/bin/usd_plugins/rtx_settings/generatedSchema.usda,1329,schema_declared_not_runtime_verified
RTX schema,OmniRtxDebugSettingsAPI_1,omni:rtx:debug:view:scaling,float,1,True,[],   Output Value Scaling,(deprecated carb setting path: '/rtx/debugView/scaling'),/home/dillonb/DEV/db/Omnivore-work/ovrtx/ovrtx-0.5.0/ovrtx/bin/usd_plugins/rtx_settings/generatedSchema.usda,1332,schema_declared_not_runtime_verified
RTX schema,OmniRtxDebugSettingsAPI_1,omni:rtx:debug:view:selectedChannels,int,0,True,[],,(deprecated carb setting path: '/rtx/debugView/selectedChannels'),/home/dillonb/DEV/db/Omnivore-work/ovrtx/ovrtx-0.5.0/ovrtx/bin/usd_plugins/rtx_settings/generatedSchema.usda,1336,schema_declared_not_runtime_verified
RTX schema,OmniRtxDebugSettingsAPI_1,omni:rtx:debug:view:target,string,"""""",True,[],,(deprecated carb setting path: '/rtx/debugView/target'),/home/dillonb/DEV/db/Omnivore-work/ovrtx/ovrtx-0.5.0/ovrtx/bin/usd_plugins/rtx_settings/generatedSchema.usda,1339,schema_declared_not_runtime_verified
RTX schema,OmniRtxDebugSettingsAPI_1,omni:rtx:debug:view:viewIndex,int,-1,True,[],,(deprecated carb setting path: '/rtx/debugView/viewIndex'),/home/dillonb/DEV/db/Omnivore-work/ovrtx/ovrtx-0.5.0/ovrtx/bin/usd_plugins/rtx_settings/generatedSchema.usda,1342,schema_declared_not_runtime_verified
RTX schema,OmniRtxDebugSettingsAPI_1,omni:rtx:debugMaterialType,token,"""Normal""",True,"[""Normal"", ""WhiteMode"", ""WhiteEmissive"", ""WhiteShadowCatcher""]",,(deprecated carb setting path: '/rtx/debugMaterialType'),/home/dillonb/DEV/db/Omnivore-work/ovrtx/ovrtx-0.5.0/ovrtx/bin/usd_plugins/rtx_settings/generatedSchema.usda,1345,schema_declared_not_runtime_verified
RTX schema,OmniRtxDebugSettingsAPI_1,omni:rtx:debugMaterialWhite,string,"""DebugWhite""",True,[],,(deprecated carb setting path: '/rtx/debugMaterialWhite'),/home/dillonb/DEV/db/Omnivore-work/ovrtx/ovrtx-0.5.0/ovrtx/bin/usd_plugins/rtx_settings/generatedSchema.usda,1349,schema_declared_not_runtime_verified
RTX schema,OmniRtxDebugSettingsAPI_1,omni:rtx:directLighting:diffuseBackscattering:enabled,bool,0,True,[],Denoiseiffuse Backscattering,(deprecated carb setting path: '/rtx/directLighting/diffuseBackscattering/enabled'),/home/dillonb/DEV/db/Omnivore-work/ovrtx/ovrtx-0.5.0/ovrtx/bin/usd_plugins/rtx_settings/generatedSchema.usda,1352,schema_declared_not_runtime_verified
RTX schema,OmniRtxDebugSettingsAPI_1,omni:rtx:directLighting:diffuseBackscattering:extinction,float,1,True,[],,(deprecated carb setting path: '/rtx/directLighting/diffuseBackscattering/extinction'),/home/dillonb/DEV/db/Omnivore-work/ovrtx/ovrtx-0.5.0/ovrtx/bin/usd_plugins/rtx_settings/generatedSchema.usda,1356,schema_declared_not_runtime_verified
RTX schema,OmniRtxDebugSettingsAPI_1,omni:rtx:directLighting:diffuseBackscattering:shadowOffset,float,10,True,[],,(deprecated carb setting path: '/rtx/directLighting/diffuseBackscattering/shadowOffset'),/home/dillonb/DEV/db/Omnivore-work/ovrtx/ovrtx-0.5.0/ovrtx/bin/usd_plugins/rtx_settings/generatedSchema.usda,1359,schema_declared_not_runtime_verified
RTX schema,OmniRtxDebugSettingsAPI_1,omni:rtx:directLighting:domeLight:approxIbl:enabled,bool,1,True,[],DomeLight approximate IBL,(deprecated carb setting path: '/rtx/directLighting/domeLight/approxIbl/enabled'),/home/dillonb/DEV/db/Omnivore-work/ovrtx/ovrtx-0.5.0/ovrtx/bin/usd_plugins/rtx_settings/generatedSchema.usda,1362,schema_declared_not_runtime_verified
RTX schema,OmniRtxDebugSettingsAPI_1,omni:rtx:directLighting:domeLight:denoisingTechnique,token,"""ReLAX""",True,"[""None"", ""Optix"", ""SVGF"", ""IndirectDiffuse"", ""ReLAX"", ""NRD ReLAX"", ""NRD ReBLUR""]",,(deprecated carb setting path: '/rtx/directLighting/domeLight/denoisingTechnique'),/home/dillonb/DEV/db/Omnivore-work/ovrtx/ovrtx-0.5.0/ovrtx/bin/usd_plugins/rtx_settings/generatedSchema.usda,1366,schema_declared_not_runtime_verified
RTX schema,OmniRtxDebugSettingsAPI_1,omni:rtx:directLighting:domeLight:enabled,bool,1,True,[],DomeLight,(deprecated carb setting path: '/rtx/directLighting/domeLight/enabled'),/home/dillonb/DEV/db/Omnivore-work/ovrtx/ovrtx-0.5.0/ovrtx/bin/usd_plugins/rtx_settings/generatedSchema.usda,1370,schema_declared_not_runtime_verified
RTX schema,OmniRtxDebugSettingsAPI_1,omni:rtx:directLighting:domeLight:reflections:enabled,bool,0,True,[],DomeLight Reflection,(deprecated carb setting path: '/rtx/directLighting/domeLight/enabledInReflections'),/home/dillonb/DEV/db/Omnivore-work/ovrtx/ovrtx-0.5.0/ovrtx/bin/usd_plugins/rtx_settings/generatedSchema.usda,1374,schema_declared_not_runtime_verified
RTX schema,OmniRtxDebugSettingsAPI_1,omni:rtx:directLighting:domeLight:sampleCount,int,2,True,[],,(deprecated carb setting path: '/rtx/directLighting/domeLight/sampleCount'),/home/dillonb/DEV/db/Omnivore-work/ovrtx/ovrtx-0.5.0/ovrtx/bin/usd_plugins/rtx_settings/generatedSchema.usda,1378,schema_declared_not_runtime_verified
RTX schema,OmniRtxDebugSettingsAPI_1,omni:rtx:directLighting:sampledLighting:autoEnable,bool,1,True,[],,(deprecated carb setting path: '/rtx/directLighting/sampledLighting/autoEnable'),/home/dillonb/DEV/db/Omnivore-work/ovrtx/ovrtx-0.5.0/ovrtx/bin/usd_plugins/rtx_settings/generatedSchema.usda,1381,schema_declared_not_runtime_verified
RTX schema,OmniRtxDebugSettingsAPI_1,omni:rtx:directLighting:sampledLighting:autoEnableLightCountThreshold,int,10,True,[],,(deprecated carb setting path: '/rtx/directLighting/sampledLighting/autoEnableLightCountThreshold'),/home/dillonb/DEV/db/Omnivore-work/ovrtx/ovrtx-0.5.0/ovrtx/bin/usd_plugins/rtx_settings/generatedSchema.usda,1384,schema_declared_not_runtime_verified
RTX schema,OmniRtxDebugSettingsAPI_1,omni:rtx:directLighting:sampledLighting:clampSamplesPerPixelToNumberOfLights,bool,0,True,[],,(deprecated carb setting path: '/rtx/directLighting/sampledLighting/clampSamplesPerPixelToNumberOfLights'),/home/dillonb/DEV/db/Omnivore-work/ovrtx/ovrtx-0.5.0/ovrtx/bin/usd_plugins/rtx_settings/generatedSchema.usda,1387,schema_declared_not_runtime_verified
RTX schema,OmniRtxDebugSettingsAPI_1,omni:rtx:directLighting:sampledLighting:clampSamplesToNumberOfLights,bool,1,True,[],,(deprecated carb setting path: '/rtx/directLighting/sampledLighting/clampSamplesToNumberOfLights'),/home/dillonb/DEV/db/Omnivore-work/ovrtx/ovrtx-0.5.0/ovrtx/bin/usd_plugins/rtx_settings/generatedSchema.usda,1390,schema_declared_not_runtime_verified
RTX schema,OmniRtxDebugSettingsAPI_1,omni:rtx:directLighting:sampledLighting:denoiserInputNormalType,token,"""weightsum""",True,"[""weightsum"", ""maxweight"", ""toplayer"", ""glossylayer"", ""baselayer""]",,(deprecated carb setting path: '/rtx/directLighting/sampledLighting/denoiserInputNormalType'),/home/dillonb/DEV/db/Omnivore-work/ovrtx/ovrtx-0.5.0/ovrtx/bin/usd_plugins/rtx_settings/generatedSchema.usda,1393,schema_declared_not_runtime_verified
RTX schema,OmniRtxDebugSettingsAPI_1,omni:rtx:directLighting:sampledLighting:denoisingTechnique,token,"""NRD ReLAX""",True,"[""None"", ""Optix"", ""SVGF"", ""IndirectDiffuse"", ""ReLAX"", ""NRD ReLAX"", ""NRD ReBLUR""]",,(deprecated carb setting path: '/rtx/directLighting/sampledLighting/denoisingTechnique'),/home/dillonb/DEV/db/Omnivore-work/ovrtx/ovrtx-0.5.0/ovrtx/bin/usd_plugins/rtx_settings/generatedSchema.usda,1397,schema_declared_not_runtime_verified
RTX schema,OmniRtxDebugSettingsAPI_1,omni:rtx:directLighting:sampledLighting:enabled,bool,1,True,[],Sampled Lighting,(deprecated carb setting path: '/rtx/directLighting/sampledLighting/enabled'),/home/dillonb/DEV/db/Omnivore-work/ovrtx/ovrtx-0.5.0/ovrtx/bin/usd_plugins/rtx_settings/generatedSchema.usda,1401,schema_declared_not_runtime_verified
RTX schema,OmniRtxDebugSettingsAPI_1,omni:rtx:directLighting:sampledLighting:enforceDenoiser,bool,0,True,[],,(deprecated carb setting path: '/rtx/directLighting/sampledLighting/enforceDenoiser'),/home/dillonb/DEV/db/Omnivore-work/ovrtx/ovrtx-0.5.0/ovrtx/bin/usd_plugins/rtx_settings/generatedSchema.usda,1405,schema_declared_not_runtime_verified
RTX schema,OmniRtxDebugSettingsAPI_1,omni:rtx:directLighting:sampledLighting:irradiance:denoiser:enabled,bool,0,True,[],Denoise Irradiance Input,(deprecated carb setting path: '/rtx/directLighting/sampledLighting/irradiance/denoiser/enabled'),/home/dillonb/DEV/db/Omnivore-work/ovrtx/ovrtx-0.5.0/ovrtx/bin/usd_plugins/rtx_settings/generatedSchema.usda,1408,schema_declared_not_runtime_verified
RTX schema,OmniRtxDebugSettingsAPI_1,omni:rtx:directLighting:sampledLighting:lightcache:spatialCache:enabled,bool,1,True,[],Sampled Lighting Spatial Cache,(deprecated carb setting path: '/rtx/directLighting/sampledLighting/lightcache/spatialCache/enabled'),/home/dillonb/DEV/db/Omnivore-work/ovrtx/ovrtx-0.5.0/ovrtx/bin/usd_plugins/rtx_settings/generatedSchema.usda,1412,schema_declared_not_runtime_verified
RTX schema,OmniRtxDebugSettingsAPI_1,omni:rtx:directLighting:sampledLighting:lightcache:stochastic:refresh,bool,1,True,[],,(deprecated carb setting path: '/rtx/directLighting/sampledLighting/stochasticLCRefresh'),/home/dillonb/DEV/db/Omnivore-work/ovrtx/ovrtx-0.5.0/ovrtx/bin/usd_plugins/rtx_settings/generatedSchema.usda,1416,schema_declared_not_runtime_verified
RTX schema,OmniRtxDebugSettingsAPI_1,omni:rtx:directLighting:sampledLighting:lightcache:stochastic:updateMaxTileSize,uint,8,True,[],,(deprecated carb setting path: '/rtx/directLighting/sampledLighting/stochasticLcUpdateMaxTileSize'),/home/dillonb/DEV/db/Omnivore-work/ovrtx/ovrtx-0.5.0/ovrtx/bin/usd_plugins/rtx_settings/generatedSchema.usda,1419,schema_declared_not_runtime_verified
RTX schema,OmniRtxDebugSettingsAPI_1,omni:rtx:directLighting:sampledLighting:lightcache:stochastic:useGGX,bool,1,True,[],,(deprecated carb setting path: '/rtx/directLighting/sampledLighting/stochasticPassUsesGGX'),/home/dillonb/DEV/db/Omnivore-work/ovrtx/ovrtx-0.5.0/ovrtx/bin/usd_plugins/rtx_settings/generatedSchema.usda,1422,schema_declared_not_runtime_verified
RTX schema,OmniRtxDebugSettingsAPI_1,omni:rtx:directLighting:sampledLighting:maxRoughness,float,0.3,True,[],,(deprecated carb setting path: '/rtx/directLighting/sampledLighting/maxRoughness'),/home/dillonb/DEV/db/Omnivore-work/ovrtx/ovrtx-0.5.0/ovrtx/bin/usd_plugins/rtx_settings/generatedSchema.usda,1425,schema_declared_not_runtime_verified
RTX schema,OmniRtxDebugSettingsAPI_1,omni:rtx:directLighting:sampledLighting:mis:enabled,bool,1,True,[],Sampled Lighting MIS,(deprecated carb setting path: '/rtx/directLighting/sampledLighting/mis/enabled'),/home/dillonb/DEV/db/Omnivore-work/ovrtx/ovrtx-0.5.0/ovrtx/bin/usd_plugins/rtx_settings/generatedSchema.usda,1428,schema_declared_not_runtime_verified
RTX schema,OmniRtxDebugSettingsAPI_1,omni:rtx:directLighting:sampledLighting:optixDenoiser:blendFactor,float,0.085,True,[],,(deprecated carb setting path: '/rtx/directLighting/sampledLighting/optixDenoiser/blendFactor'),/home/dillonb/DEV/db/Omnivore-work/ovrtx/ovrtx-0.5.0/ovrtx/bin/usd_plugins/rtx_settings/generatedSchema.usda,1432,schema_declared_not_runtime_verified
RTX schema,OmniRtxDebugSettingsAPI_1,omni:rtx:directLighting:sampledLighting:optixDenoiser:useAlbedo,bool,0,True,[],,(deprecated carb setting path: '/rtx/directLighting/sampledLighting/optixDenoiser/useAlbedo'),/home/dillonb/DEV/db/Omnivore-work/ovrtx/ovrtx-0.5.0/ovrtx/bin/usd_plugins/rtx_settings/generatedSchema.usda,1435,schema_declared_not_runtime_verified
RTX schema,OmniRtxDebugSettingsAPI_1,omni:rtx:directLighting:sampledLighting:optixDenoiser:useNormals,bool,0,True,[],,(deprecated carb setting path: '/rtx/directLighting/sampledLighting/optixDenoiser/useNormals'),/home/dillonb/DEV/db/Omnivore-work/ovrtx/ovrtx-0.5.0/ovrtx/bin/usd_plugins/rtx_settings/generatedSchema.usda,1438,schema_declared_not_runtime_verified
RTX schema,OmniRtxDebugSettingsAPI_1,omni:rtx:rt:directLighting:ris:meshLights,bool,0,True,[],Enable RT mesh light sampling,(deprecated carb setting path: '/rtx/directLighting/sampledLighting/ris/meshLights'),/home/dillonb/DEV/db/Omnivore-work/ovrtx/ovrtx-0.5.0/ovrtx/bin/usd_plugins/rtx_settings/generatedSchema.usda,1441,schema_declared_not_runtime_verified
RTX schema,OmniRtxDebugSettingsAPI_1,omni:rtx:rt:directLighting:meshLights:risCount,int,1,True,[],Ris samples per light sample,(deprecated carb setting path: '/rtx/directLighting/sampledLighting/meshLights/risCount'),/home/dillonb/DEV/db/Omnivore-work/ovrtx/ovrtx-0.5.0/ovrtx/bin/usd_plugins/rtx_settings/generatedSchema.usda,1445,schema_declared_not_runtime_verified
RTX schema,OmniRtxDebugSettingsAPI_1,omni:rtx:directLighting:sampledLighting:separateGlossyDiffuseContrib,bool,0,True,[],,(deprecated carb setting path: '/rtx/directLighting/sampledLighting/separateGlossyDiffuseContrib'),/home/dillonb/DEV/db/Omnivore-work/ovrtx/ovrtx-0.5.0/ovrtx/bin/usd_plugins/rtx_settings/generatedSchema.usda,1449,schema_declared_not_runtime_verified
RTX schema,OmniRtxDebugSettingsAPI_1,omni:rtx:directLighting:separateGlossyDiffuseContrib,bool,0,True,[],,(deprecated carb setting path: '/rtx/directLighting/separateGlossyDiffuseContrib'),/home/dillonb/DEV/db/Omnivore-work/ovrtx/ovrtx-0.5.0/ovrtx/bin/usd_plugins/rtx_settings/generatedSchema.usda,1452,schema_declared_not_runtime_verified
RTX schema,OmniRtxDebugSettingsAPI_1,omni:rtx:directLighting:showLights,bool,0,True,[],,(deprecated carb setting path: '/rtx/directLighting/showLights'),/home/dillonb/DEV/db/Omnivore-work/ovrtx/ovrtx-0.5.0/ovrtx/bin/usd_plugins/rtx_settings/generatedSchema.usda,1455,schema_declared_not_runtime_verified
RTX schema,OmniRtxDebugSettingsAPI_1,omni:rtx:domeLight:baking:spp,int,4,True,[],,(deprecated carb setting path: '/rtx/domeLight/baking/spp'),/home/dillonb/DEV/db/Omnivore-work/ovrtx/ovrtx-0.5.0/ovrtx/bin/usd_plugins/rtx_settings/generatedSchema.usda,1458,schema_declared_not_runtime_verified
RTX schema,OmniRtxDebugSettingsAPI_1,omni:rtx:domeLight:misCompensation,int,0,True,[],,(deprecated carb setting path: '/rtx/domeLight/misCompensation'),/home/dillonb/DEV/db/Omnivore-work/ovrtx/ovrtx-0.5.0/ovrtx/bin/usd_plugins/rtx_settings/generatedSchema.usda,1461,schema_declared_not_runtime_verified
RTX schema,OmniRtxDebugSettingsAPI_1,omni:rtx:domeLight:resolutionFactor,float,1,True,[],,(deprecated carb setting path: '/rtx/domeLight/resolutionFactor'),/home/dillonb/DEV/db/Omnivore-work/ovrtx/ovrtx-0.5.0/ovrtx/bin/usd_plugins/rtx_settings/generatedSchema.usda,1464,schema_declared_not_runtime_verified
RTX schema,OmniRtxDebugSettingsAPI_1,omni:rtx:fishEye:enablePrimDrawingAndSelection,bool,0,True,[],,(deprecated carb setting path: '/rtx/fishEye/enablePrimDrawingAndSelection'),/home/dillonb/DEV/db/Omnivore-work/ovrtx/ovrtx-0.5.0/ovrtx/bin/usd_plugins/rtx_settings/generatedSchema.usda,1467,schema_declared_not_runtime_verified
RTX schema,OmniRtxDebugSettingsAPI_1,omni:rtx:fishEye:enableUnboundedResolutions,bool,0,True,[],,(deprecated carb setting path: '/rtx/fishEye/enableUnboundedResolutions'),/home/dillonb/DEV/db/Omnivore-work/ovrtx/ovrtx-0.5.0/ovrtx/bin/usd_plugins/rtx_settings/generatedSchema.usda,1470,schema_declared_not_runtime_verified
RTX schema,OmniRtxDebugSettingsAPI_1,omni:rtx:fishEye:enableUvCropping,bool,1,True,[],,(deprecated carb setting path: '/rtx/fishEye/enableUvCropping'),/home/dillonb/DEV/db/Omnivore-work/ovrtx/ovrtx-0.5.0/ovrtx/bin/usd_plugins/rtx_settings/generatedSchema.usda,1473,schema_declared_not_runtime_verified
RTX schema,OmniRtxDebugSettingsAPI_1,omni:rtx:fishEye:enableVerboseInfoLogging,bool,0,True,[],,(deprecated carb setting path: '/rtx/fishEye/enableVerboseInfoLogging'),/home/dillonb/DEV/db/Omnivore-work/ovrtx/ovrtx-0.5.0/ovrtx/bin/usd_plugins/rtx_settings/generatedSchema.usda,1476,schema_declared_not_runtime_verified
RTX schema,OmniRtxDebugSettingsAPI_1,omni:rtx:fishEye:faceBorder,int,16,True,[],,(deprecated carb setting path: '/rtx/fishEye/faceBorder'),/home/dillonb/DEV/db/Omnivore-work/ovrtx/ovrtx-0.5.0/ovrtx/bin/usd_plugins/rtx_settings/generatedSchema.usda,1479,schema_declared_not_runtime_verified
RTX schema,OmniRtxDebugSettingsAPI_1,omni:rtx:fishEye:faceTintIntensity,float,0,True,[],,(deprecated carb setting path: '/rtx/fishEye/faceTintIntensity'),/home/dillonb/DEV/db/Omnivore-work/ovrtx/ovrtx-0.5.0/ovrtx/bin/usd_plugins/rtx_settings/generatedSchema.usda,1482,schema_declared_not_runtime_verified
RTX schema,OmniRtxDebugSettingsAPI_1,omni:rtx:fishEye:useCubemap,bool,0,True,[],,(deprecated carb setting path: '/rtx/fishEye/useCubemap'),/home/dillonb/DEV/db/Omnivore-work/ovrtx/ovrtx-0.5.0/ovrtx/bin/usd_plugins/rtx_settings/generatedSchema.usda,1485,schema_declared_not_runtime_verified
RTX schema,OmniRtxDebugSettingsAPI_1,omni:rtx:fog:color,color3f,"(0.75, 0.75, 0.75)",True,[],Color,(deprecated carb setting path: '/rtx/fog/fogColor'),/home/dillonb/DEV/db/Omnivore-work/ovrtx/ovrtx-0.5.0/ovrtx/bin/usd_plugins/rtx_settings/generatedSchema.usda,1488,schema_declared_not_runtime_verified
RTX schema,OmniRtxDebugSettingsAPI_1,omni:rtx:fog:colorIntensity,float,1,True,[],Intensity,(deprecated carb setting path: '/rtx/fog/fogColorIntensity'),/home/dillonb/DEV/db/Omnivore-work/ovrtx/ovrtx-0.5.0/ovrtx/bin/usd_plugins/rtx_settings/generatedSchema.usda,1492,schema_declared_not_runtime_verified
RTX schema,OmniRtxDebugSettingsAPI_1,omni:rtx:fog:distanceDensity,float,1,True,[],Distance Density,(deprecated carb setting path: '/rtx/fog/fogDistanceDensity'),/home/dillonb/DEV/db/Omnivore-work/ovrtx/ovrtx-0.5.0/ovrtx/bin/usd_plugins/rtx_settings/generatedSchema.usda,1496,schema_declared_not_runtime_verified
RTX schema,OmniRtxDebugSettingsAPI_1,omni:rtx:fog:enabled,bool,0,True,[],Fog,(deprecated carb setting path: '/rtx/fog/enabled'),/home/dillonb/DEV/db/Omnivore-work/ovrtx/ovrtx-0.5.0/ovrtx/bin/usd_plugins/rtx_settings/generatedSchema.usda,1500,schema_declared_not_runtime_verified
RTX schema,OmniRtxDebugSettingsAPI_1,omni:rtx:fog:endDist,float,5000,True,[],End Distance to Camera,(deprecated carb setting path: '/rtx/fog/fogEndDist'),/home/dillonb/DEV/db/Omnivore-work/ovrtx/ovrtx-0.5.0/ovrtx/bin/usd_plugins/rtx_settings/generatedSchema.usda,1504,schema_declared_not_runtime_verified
RTX schema,OmniRtxDebugSettingsAPI_1,omni:rtx:fog:height:density,float,1,True,[],Height Density,(deprecated carb setting path: '/rtx/fog/fogHeightDensity'),/home/dillonb/DEV/db/Omnivore-work/ovrtx/ovrtx-0.5.0/ovrtx/bin/usd_plugins/rtx_settings/generatedSchema.usda,1508,schema_declared_not_runtime_verified
RTX schema,OmniRtxDebugSettingsAPI_1,omni:rtx:fog:height:falloff,float,1,True,[],Height Falloff,(deprecated carb setting path: '/rtx/fog/fogHeightFalloff'),/home/dillonb/DEV/db/Omnivore-work/ovrtx/ovrtx-0.5.0/ovrtx/bin/usd_plugins/rtx_settings/generatedSchema.usda,1512,schema_declared_not_runtime_verified
RTX schema,OmniRtxDebugSettingsAPI_1,omni:rtx:fog:start:distance,float,0,True,[],Start Distance to Camera,(deprecated carb setting path: '/rtx/fog/fogStartDist'),/home/dillonb/DEV/db/Omnivore-work/ovrtx/ovrtx-0.5.0/ovrtx/bin/usd_plugins/rtx_settings/generatedSchema.usda,1516,schema_declared_not_runtime_verified
RTX schema,OmniRtxDebugSettingsAPI_1,omni:rtx:fog:start:height,float,1,True,[],Height-based Fog - Plane Height,(deprecated carb setting path: '/rtx/fog/fogStartHeight'),/home/dillonb/DEV/db/Omnivore-work/ovrtx/ovrtx-0.5.0/ovrtx/bin/usd_plugins/rtx_settings/generatedSchema.usda,1520,schema_declared_not_runtime_verified
RTX schema,OmniRtxDebugSettingsAPI_1,omni:rtx:fog:zUp:enabled,bool,0,True,[],Height-based Fog - Use +Z Axis,(deprecated carb setting path: '/rtx/fog/fogZup/enabled'),/home/dillonb/DEV/db/Omnivore-work/ovrtx/ovrtx-0.5.0/ovrtx/bin/usd_plugins/rtx_settings/generatedSchema.usda,1524,schema_declared_not_runtime_verified
RTX schema,OmniRtxDebugSettingsAPI_1,omni:rtx:indirectDiffuse:denoiser:enabled,bool,1,True,[],Indirect Diffuse Denoiser,(deprecated carb setting path: '/rtx/indirectDiffuse/denoiser/enabled'),/home/dillonb/DEV/db/Omnivore-work/ovrtx/ovrtx-0.5.0/ovrtx/bin/usd_plugins/rtx_settings/generatedSchema.usda,1528,schema_declared_not_runtime_verified
RTX schema,OmniRtxDebugSettingsAPI_1,omni:rtx:indirectDiffuse:denoiser:iterations,int,4,True,[],,(deprecated carb setting path: '/rtx/indirectDiffuse/denoiser/iterations'),/home/dillonb/DEV/db/Omnivore-work/ovrtx/ovrtx-0.5.0/ovrtx/bin/usd_plugins/rtx_settings/generatedSchema.usda,1532,schema_declared_not_runtime_verified
RTX schema,OmniRtxDebugSettingsAPI_1,omni:rtx:indirectDiffuse:denoiser:kernelRadius,int,32,True,[],,(deprecated carb setting path: '/rtx/indirectDiffuse/denoiser/kernelRadius'),/home/dillonb/DEV/db/Omnivore-work/ovrtx/ovrtx-0.5.0/ovrtx/bin/usd_plugins/rtx_settings/generatedSchema.usda,1535,schema_declared_not_runtime_verified
RTX schema,OmniRtxDebugSettingsAPI_1,omni:rtx:indirectDiffuse:denoiser:method,int,0,True,[],,(deprecated carb setting path: '/rtx/indirectDiffuse/denoiser/method'),/home/dillonb/DEV/db/Omnivore-work/ovrtx/ovrtx-0.5.0/ovrtx/bin/usd_plugins/rtx_settings/generatedSchema.usda,1538,schema_declared_not_runtime_verified
RTX schema,OmniRtxDebugSettingsAPI_1,omni:rtx:indirectDiffuse:denoiser:temporal:enabled,bool,1,True,[],Indirect Diffuse Temporal Denoiser,(deprecated carb setting path: '/rtx/indirectDiffuse/denoiser/temporal/enabled'),/home/dillonb/DEV/db/Omnivore-work/ovrtx/ovrtx-0.5.0/ovrtx/bin/usd_plugins/rtx_settings/generatedSchema.usda,1541,schema_declared_not_runtime_verified
RTX schema,OmniRtxDebugSettingsAPI_1,omni:rtx:indirectDiffuse:denoiser:temporal:halfResolution,bool,0,True,[],,(deprecated carb setting path: '/rtx/indirectDiffuse/denoiser/temporal/halfResolution'),/home/dillonb/DEV/db/Omnivore-work/ovrtx/ovrtx-0.5.0/ovrtx/bin/usd_plugins/rtx_settings/generatedSchema.usda,1545,schema_declared_not_runtime_verified
RTX schema,OmniRtxDebugSettingsAPI_1,omni:rtx:indirectDiffuse:denoiser:temporal:maxHistory,int,100,True,[],,(deprecated carb setting path: '/rtx/indirectDiffuse/denoiser/temporal/maxHistory'),/home/dillonb/DEV/db/Omnivore-work/ovrtx/ovrtx-0.5.0/ovrtx/bin/usd_plugins/rtx_settings/generatedSchema.usda,1548,schema_declared_not_runtime_verified
RTX schema,OmniRtxDebugSettingsAPI_1,omni:rtx:indirectDiffuse:denoiser:temporal:phi:deviation,float,0.1,True,[],,(deprecated carb setting path: '/rtx/indirectDiffuse/denoiser/temporal/phiDeviation'),/home/dillonb/DEV/db/Omnivore-work/ovrtx/ovrtx-0.5.0/ovrtx/bin/usd_plugins/rtx_settings/generatedSchema.usda,1551,schema_declared_not_runtime_verified
RTX schema,OmniRtxDebugSettingsAPI_1,omni:rtx:indirectDiffuse:denoiser:temporal:phi:normal,float,0.1,True,[],,(deprecated carb setting path: '/rtx/indirectDiffuse/denoiser/temporal/phiNormal'),/home/dillonb/DEV/db/Omnivore-work/ovrtx/ovrtx-0.5.0/ovrtx/bin/usd_plugins/rtx_settings/generatedSchema.usda,1554,schema_declared_not_runtime_verified
RTX schema,OmniRtxDebugSettingsAPI_1,omni:rtx:indirectDiffuse:denoiser:temporal:phi:planarDistance,float,0.01,True,[],,(deprecated carb setting path: '/rtx/indirectDiffuse/denoiser/temporal/phiPlanarDistance'),/home/dillonb/DEV/db/Omnivore-work/ovrtx/ovrtx-0.5.0/ovrtx/bin/usd_plugins/rtx_settings/generatedSchema.usda,1557,schema_declared_not_runtime_verified
RTX schema,OmniRtxDebugSettingsAPI_1,omni:rtx:indirectDiffuse:jitterScale,float,2,True,[],,(deprecated carb setting path: '/rtx/indirectDiffuse/jitterScale'),/home/dillonb/DEV/db/Omnivore-work/ovrtx/ovrtx-0.5.0/ovrtx/bin/usd_plugins/rtx_settings/generatedSchema.usda,1560,schema_declared_not_runtime_verified
RTX schema,OmniRtxDebugSettingsAPI_1,omni:rtx:indirectDiffuse:nrd:enabled,bool,1,True,[],Indirect Diffuse NRD,(deprecated carb setting path: '/rtx/indirectDiffuse/nrd/enabled'),/home/dillonb/DEV/db/Omnivore-work/ovrtx/ovrtx-0.5.0/ovrtx/bin/usd_plugins/rtx_settings/generatedSchema.usda,1563,schema_declared_not_runtime_verified
RTX schema,OmniRtxDebugSettingsAPI_1,omni:rtx:indirectDiffuse:pstf:tileSize,int,5,True,[],,(deprecated carb setting path: '/rtx/indirectDiffuse/pstfTileSize'),/home/dillonb/DEV/db/Omnivore-work/ovrtx/ovrtx-0.5.0/ovrtx/bin/usd_plugins/rtx_settings/generatedSchema.usda,1567,schema_declared_not_runtime_verified
RTX schema,OmniRtxDebugSettingsAPI_1,omni:rtx:indirectDiffuse:restir:mode,int,1,True,[],,(deprecated carb setting path: '/rtx/indirectDiffuse/restir'),/home/dillonb/DEV/db/Omnivore-work/ovrtx/ovrtx-0.5.0/ovrtx/bin/usd_plugins/rtx_settings/generatedSchema.usda,1570,schema_declared_not_runtime_verified
RTX schema,OmniRtxDebugSettingsAPI_1,omni:rtx:indirectDiffuse:separateCacheUpdate,bool,1,True,[],,(deprecated carb setting path: '/rtx/indirectDiffuse/separateCacheUpdate'),/home/dillonb/DEV/db/Omnivore-work/ovrtx/ovrtx-0.5.0/ovrtx/bin/usd_plugins/rtx_settings/generatedSchema.usda,1573,schema_declared_not_runtime_verified
RTX schema,OmniRtxDebugSettingsAPI_1,omni:rtx:indirectDiffuse:updateSampleCount,int,1,True,[],,(deprecated carb setting path: '/rtx/indirectDiffuse/updateSampleCount'),/home/dillonb/DEV/db/Omnivore-work/ovrtx/ovrtx-0.5.0/ovrtx/bin/usd_plugins/rtx_settings/generatedSchema.usda,1576,schema_declared_not_runtime_verified
RTX schema,OmniRtxDebugSettingsAPI_1,omni:rtx:lightspeed:lightspeed:nrd:reblur:diffuse:blurRadius,float,30,True,[],,(deprecated carb setting path: '/rtx/lightspeed/NRD_ReblurDiffuse/blurRadius'),/home/dillonb/DEV/db/Omnivore-work/ovrtx/ovrtx-0.5.0/ovrtx/bin/usd_plugins/rtx_settings/generatedSchema.usda,1579,schema_declared_not_runtime_verified
RTX schema,OmniRtxDebugSettingsAPI_1,omni:rtx:lightspeed:lightspeed:nrd:reblur:diffuse:maxAccumulatedFrameNum,int,31,True,[],,(deprecated carb setting path: '/rtx/lightspeed/NRD_ReblurDiffuse/maxAccumulatedFrameNum'),/home/dillonb/DEV/db/Omnivore-work/ovrtx/ovrtx-0.5.0/ovrtx/bin/usd_plugins/rtx_settings/generatedSchema.usda,1582,schema_declared_not_runtime_verified
RTX schema,OmniRtxDebugSettingsAPI_1,omni:rtx:lightspeed:lightspeed:nrd:reblur:diffuse:planeDistanceSensitivity,float,0.005,True,[],,(deprecated carb setting path: '/rtx/lightspeed/NRD_ReblurDiffuse/planeDistanceSensitivity'),/home/dillonb/DEV/db/Omnivore-work/ovrtx/ovrtx-0.5.0/ovrtx/bin/usd_plugins/rtx_settings/generatedSchema.usda,1585,schema_declared_not_runtime_verified
RTX schema,OmniRtxDebugSettingsAPI_1,omni:rtx:lightspeed:nrd:common:denoisingRange,float,500000,True,[],,(deprecated carb setting path: '/rtx/lightspeed/NRD_Common/denoisingRange'),/home/dillonb/DEV/db/Omnivore-work/ovrtx/ovrtx-0.5.0/ovrtx/bin/usd_plugins/rtx_settings/generatedSchema.usda,1588,schema_declared_not_runtime_verified
RTX schema,OmniRtxDebugSettingsAPI_1,omni:rtx:lightspeed:nrd:common:disocclusionThreshold,float,0.005,True,[],,(deprecated carb setting path: '/rtx/lightspeed/NRD_Common/disocclusionThreshold'),/home/dillonb/DEV/db/Omnivore-work/ovrtx/ovrtx-0.5.0/ovrtx/bin/usd_plugins/rtx_settings/generatedSchema.usda,1591,schema_declared_not_runtime_verified
RTX schema,OmniRtxDebugSettingsAPI_1,omni:rtx:lightspeed:nrd:relax:aTrousIterations,int,5,True,[],,(deprecated carb setting path: '/rtx/lightspeed/NRD_ReLAX/aTrousIterations'),/home/dillonb/DEV/db/Omnivore-work/ovrtx/ovrtx-0.5.0/ovrtx/bin/usd_plugins/rtx_settings/generatedSchema.usda,1594,schema_declared_not_runtime_verified
RTX schema,OmniRtxDebugSettingsAPI_1,omni:rtx:lightspeed:nrd:relax:diffuseFastHistoryFrames,int,2,True,[],,(deprecated carb setting path: '/rtx/lightspeed/NRD_ReLAX/diffuseFastHistoryFrames'),/home/dillonb/DEV/db/Omnivore-work/ovrtx/ovrtx-0.5.0/ovrtx/bin/usd_plugins/rtx_settings/generatedSchema.usda,1597,schema_declared_not_runtime_verified
RTX schema,OmniRtxDebugSettingsAPI_1,omni:rtx:lightspeed:nrd:relax:diffuseHistoryFrames,int,31,True,[],,(deprecated carb setting path: '/rtx/lightspeed/NRD_ReLAX/diffuseHistoryFrames'),/home/dillonb/DEV/db/Omnivore-work/ovrtx/ovrtx-0.5.0/ovrtx/bin/usd_plugins/rtx_settings/generatedSchema.usda,1600,schema_declared_not_runtime_verified
RTX schema,OmniRtxDebugSettingsAPI_1,omni:rtx:lightspeed:nrd:relax:diffusePhiLuminance,float,2,True,[],,(deprecated carb setting path: '/rtx/lightspeed/NRD_ReLAX/diffusePhiLuminance'),/home/dillonb/DEV/db/Omnivore-work/ovrtx/ovrtx-0.5.0/ovrtx/bin/usd_plugins/rtx_settings/generatedSchema.usda,1603,schema_declared_not_runtime_verified
RTX schema,OmniRtxDebugSettingsAPI_1,omni:rtx:lightspeed:nrd:relax:disocclusionFixEdgeStoppingNormalPower,float,8,True,[],,(deprecated carb setting path: '/rtx/lightspeed/NRD_ReLAX/disocclusionFixEdgeStoppingNormalPower'),/home/dillonb/DEV/db/Omnivore-work/ovrtx/ovrtx-0.5.0/ovrtx/bin/usd_plugins/rtx_settings/generatedSchema.usda,1606,schema_declared_not_runtime_verified
RTX schema,OmniRtxDebugSettingsAPI_1,omni:rtx:lightspeed:nrd:relax:disocclusionFixMaxRadius,float,14,True,[],,(deprecated carb setting path: '/rtx/lightspeed/NRD_ReLAX/disocclusionFixMaxRadius'),/home/dillonb/DEV/db/Omnivore-work/ovrtx/ovrtx-0.5.0/ovrtx/bin/usd_plugins/rtx_settings/generatedSchema.usda,1609,schema_declared_not_runtime_verified
RTX schema,OmniRtxDebugSettingsAPI_1,omni:rtx:lightspeed:nrd:relax:disocclusionFixNumFramesToFix,int,3,True,[],,(deprecated carb setting path: '/rtx/lightspeed/NRD_ReLAX/disocclusionFixNumFramesToFix'),/home/dillonb/DEV/db/Omnivore-work/ovrtx/ovrtx-0.5.0/ovrtx/bin/usd_plugins/rtx_settings/generatedSchema.usda,1612,schema_declared_not_runtime_verified
RTX schema,OmniRtxDebugSettingsAPI_1,omni:rtx:lightspeed:nrd:relax:fireflySuppressionEnabled,bool,0,True,[],,(deprecated carb setting path: '/rtx/lightspeed/NRD_ReLAX/fireflySuppressionEnabled'),/home/dillonb/DEV/db/Omnivore-work/ovrtx/ovrtx-0.5.0/ovrtx/bin/usd_plugins/rtx_settings/generatedSchema.usda,1615,schema_declared_not_runtime_verified
RTX schema,OmniRtxDebugSettingsAPI_1,omni:rtx:lightspeed:nrd:relax:historyClampingColorBoxSigmaScale,float,1,True,[],,(deprecated carb setting path: '/rtx/lightspeed/NRD_ReLAX/historyClampingColorBoxSigmaScale'),/home/dillonb/DEV/db/Omnivore-work/ovrtx/ovrtx-0.5.0/ovrtx/bin/usd_plugins/rtx_settings/generatedSchema.usda,1618,schema_declared_not_runtime_verified
RTX schema,OmniRtxDebugSettingsAPI_1,omni:rtx:lightspeed:nrd:relax:luminanceEdgeStoppingRelaxation,float,0.5,True,[],,(deprecated carb setting path: '/rtx/lightspeed/NRD_ReLAX/luminanceEdgeStoppingRelaxation'),/home/dillonb/DEV/db/Omnivore-work/ovrtx/ovrtx-0.5.0/ovrtx/bin/usd_plugins/rtx_settings/generatedSchema.usda,1621,schema_declared_not_runtime_verified
RTX schema,OmniRtxDebugSettingsAPI_1,omni:rtx:lightspeed:nrd:relax:normalEdgeStoppingRelaxation,float,0.3,True,[],,(deprecated carb setting path: '/rtx/lightspeed/NRD_ReLAX/normalEdgeStoppingRelaxation'),/home/dillonb/DEV/db/Omnivore-work/ovrtx/ovrtx-0.5.0/ovrtx/bin/usd_plugins/rtx_settings/generatedSchema.usda,1624,schema_declared_not_runtime_verified
RTX schema,OmniRtxDebugSettingsAPI_1,omni:rtx:lightspeed:nrd:relax:roughnessEdgeStoppingRelaxation,float,0.3,True,[],,(deprecated carb setting path: '/rtx/lightspeed/NRD_ReLAX/roughnessEdgeStoppingRelaxation'),/home/dillonb/DEV/db/Omnivore-work/ovrtx/ovrtx-0.5.0/ovrtx/bin/usd_plugins/rtx_settings/generatedSchema.usda,1627,schema_declared_not_runtime_verified
RTX schema,OmniRtxDebugSettingsAPI_1,omni:rtx:lightspeed:nrd:relax:spatialVarianceEstimationHistoryThreshold,int,3,True,[],,(deprecated carb setting path: '/rtx/lightspeed/NRD_ReLAX/spatialVarianceEstimationHistoryThreshold'),/home/dillonb/DEV/db/Omnivore-work/ovrtx/ovrtx-0.5.0/ovrtx/bin/usd_plugins/rtx_settings/generatedSchema.usda,1630,schema_declared_not_runtime_verified
RTX schema,OmniRtxDebugSettingsAPI_1,omni:rtx:lightspeed:nrd:relax:specular:blurRadius,float,50,True,[],,(deprecated carb setting path: '/rtx/lightspeed/NRD_ReLAX/specularBlurRadius'),/home/dillonb/DEV/db/Omnivore-work/ovrtx/ovrtx-0.5.0/ovrtx/bin/usd_plugins/rtx_settings/generatedSchema.usda,1633,schema_declared_not_runtime_verified
RTX schema,OmniRtxDebugSettingsAPI_1,omni:rtx:lightspeed:nrd:relax:specular:fastHistoryFrames,int,8,True,[],,(deprecated carb setting path: '/rtx/lightspeed/NRD_ReLAX/specularFastHistoryFrames'),/home/dillonb/DEV/db/Omnivore-work/ovrtx/ovrtx-0.5.0/ovrtx/bin/usd_plugins/rtx_settings/generatedSchema.usda,1636,schema_declared_not_runtime_verified
RTX schema,OmniRtxDebugSettingsAPI_1,omni:rtx:lightspeed:nrd:relax:specular:historyFrames,int,31,True,[],,(deprecated carb setting path: '/rtx/lightspeed/NRD_ReLAX/specularHistoryFrames'),/home/dillonb/DEV/db/Omnivore-work/ovrtx/ovrtx-0.5.0/ovrtx/bin/usd_plugins/rtx_settings/generatedSchema.usda,1639,schema_declared_not_runtime_verified
RTX schema,OmniRtxDebugSettingsAPI_1,omni:rtx:lightspeed:nrd:relax:specular:phiLuminance,float,1,True,[],,(deprecated carb setting path: '/rtx/lightspeed/NRD_ReLAX/specularPhiLuminance'),/home/dillonb/DEV/db/Omnivore-work/ovrtx/ovrtx-0.5.0/ovrtx/bin/usd_plugins/rtx_settings/generatedSchema.usda,1642,schema_declared_not_runtime_verified
RTX schema,OmniRtxDebugSettingsAPI_1,omni:rtx:lightspeed:nrd:relax:specular:varianceBoost,float,0,True,[],,(deprecated carb setting path: '/rtx/lightspeed/NRD_ReLAX/specularVarianceBoost'),/home/dillonb/DEV/db/Omnivore-work/ovrtx/ovrtx-0.5.0/ovrtx/bin/usd_plugins/rtx_settings/generatedSchema.usda,1645,schema_declared_not_runtime_verified
RTX schema,OmniRtxDebugSettingsAPI_1,omni:rtx:lightspeed:relax:aTrousIterations,int,5,True,[],,(deprecated carb setting path: '/rtx/lightspeed/ReLAX/aTrousIterations'),/home/dillonb/DEV/db/Omnivore-work/ovrtx/ovrtx-0.5.0/ovrtx/bin/usd_plugins/rtx_settings/generatedSchema.usda,1648,schema_declared_not_runtime_verified
RTX schema,OmniRtxDebugSettingsAPI_1,omni:rtx:lightspeed:relax:bicubicFilterForReprojectionEnabled,bool,1,True,[],,(deprecated carb setting path: '/rtx/lightspeed/ReLAX/bicubicFilterForReprojectionEnabled'),/home/dillonb/DEV/db/Omnivore-work/ovrtx/ovrtx-0.5.0/ovrtx/bin/usd_plugins/rtx_settings/generatedSchema.usda,1651,schema_declared_not_runtime_verified
RTX schema,OmniRtxDebugSettingsAPI_1,omni:rtx:lightspeed:relax:diffuseAlpha,float,0.03,True,[],,(deprecated carb setting path: '/rtx/lightspeed/ReLAX/diffuseAlpha'),/home/dillonb/DEV/db/Omnivore-work/ovrtx/ovrtx-0.5.0/ovrtx/bin/usd_plugins/rtx_settings/generatedSchema.usda,1654,schema_declared_not_runtime_verified
RTX schema,OmniRtxDebugSettingsAPI_1,omni:rtx:lightspeed:relax:diffuseMomentsAlpha,float,0.1,True,[],,(deprecated carb setting path: '/rtx/lightspeed/ReLAX/diffuseMomentsAlpha'),/home/dillonb/DEV/db/Omnivore-work/ovrtx/ovrtx-0.5.0/ovrtx/bin/usd_plugins/rtx_settings/generatedSchema.usda,1657,schema_declared_not_runtime_verified
RTX schema,OmniRtxDebugSettingsAPI_1,omni:rtx:lightspeed:relax:diffusePhiLuminance,float,2,True,[],,(deprecated carb setting path: '/rtx/lightspeed/ReLAX/diffusePhiLuminance'),/home/dillonb/DEV/db/Omnivore-work/ovrtx/ovrtx-0.5.0/ovrtx/bin/usd_plugins/rtx_settings/generatedSchema.usda,1660,schema_declared_not_runtime_verified
RTX schema,OmniRtxDebugSettingsAPI_1,omni:rtx:lightspeed:relax:diffuseResponsiveAlpha,float,0.05,True,[],,(deprecated carb setting path: '/rtx/lightspeed/ReLAX/diffuseResponsiveAlpha'),/home/dillonb/DEV/db/Omnivore-work/ovrtx/ovrtx-0.5.0/ovrtx/bin/usd_plugins/rtx_settings/generatedSchema.usda,1663,schema_declared_not_runtime_verified
RTX schema,OmniRtxDebugSettingsAPI_1,omni:rtx:lightspeed:relax:disocclusion:fix:enabled,bool,1,True,[],ReLax Disocclusion,(deprecated carb setting path: '/rtx/lightspeed/ReLAX/disocclusionFixEnabled'),/home/dillonb/DEV/db/Omnivore-work/ovrtx/ovrtx-0.5.0/ovrtx/bin/usd_plugins/rtx_settings/generatedSchema.usda,1666,schema_declared_not_runtime_verified
RTX schema,OmniRtxDebugSettingsAPI_1,omni:rtx:lightspeed:relax:disocclusion:fix:maxRadius,float,16,True,[],,(deprecated carb setting path: '/rtx/lightspeed/ReLAX/disocclusionFixMaxRadius'),/home/dillonb/DEV/db/Omnivore-work/ovrtx/ovrtx-0.5.0/ovrtx/bin/usd_plugins/rtx_settings/generatedSchema.usda,1670,schema_declared_not_runtime_verified
RTX schema,OmniRtxDebugSettingsAPI_1,omni:rtx:lightspeed:relax:disocclusion:fix:numFramesToFix,float,3,True,[],,(deprecated carb setting path: '/rtx/lightspeed/ReLAX/disocclusionFixNumFramesToFix'),/home/dillonb/DEV/db/Omnivore-work/ovrtx/ovrtx-0.5.0/ovrtx/bin/usd_plugins/rtx_settings/generatedSchema.usda,1673,schema_declared_not_runtime_verified
RTX schema,OmniRtxDebugSettingsAPI_1,omni:rtx:lightspeed:relax:disocclusion:fixEdge:stoppingNormalPower,float,50,True,[],,(deprecated carb setting path: '/rtx/lightspeed/ReLAX/disocclusionFixEdgeStoppingNormalPower'),/home/dillonb/DEV/db/Omnivore-work/ovrtx/ovrtx-0.5.0/ovrtx/bin/usd_plugins/rtx_settings/generatedSchema.usda,1676,schema_declared_not_runtime_verified
RTX schema,OmniRtxDebugSettingsAPI_1,omni:rtx:lightspeed:relax:disocclusion:fixEdge:stoppingZSigma,float,0.15,True,[],,(deprecated carb setting path: '/rtx/lightspeed/ReLAX/disocclusionFixEdgeStoppingZSigma'),/home/dillonb/DEV/db/Omnivore-work/ovrtx/ovrtx-0.5.0/ovrtx/bin/usd_plugins/rtx_settings/generatedSchema.usda,1679,schema_declared_not_runtime_verified
RTX schema,OmniRtxDebugSettingsAPI_1,omni:rtx:lightspeed:relax:disocclusionFixUseFacetNormal,bool,0,True,[],,(deprecated carb setting path: '/rtx/lightspeed/ReLAX/disocclusionFixUseFacetNormal'),/home/dillonb/DEV/db/Omnivore-work/ovrtx/ovrtx-0.5.0/ovrtx/bin/usd_plugins/rtx_settings/generatedSchema.usda,1682,schema_declared_not_runtime_verified
RTX schema,OmniRtxDebugSettingsAPI_1,omni:rtx:lightspeed:relax:facetNormalsForFireflySuppressionEnabled,bool,0,True,[],,(deprecated carb setting path: '/rtx/lightspeed/ReLAX/facetNormalsForFireflySuppressionEnabled'),/home/dillonb/DEV/db/Omnivore-work/ovrtx/ovrtx-0.5.0/ovrtx/bin/usd_plugins/rtx_settings/generatedSchema.usda,1685,schema_declared_not_runtime_verified
RTX schema,OmniRtxDebugSettingsAPI_1,omni:rtx:lightspeed:relax:fireflySuppressionType,token,"""Cross-Bilateral Median""",True,"[""None"", ""Cross-Bilateral Median"", ""Cross-Bilateral RCRS""]",,(deprecated carb setting path: '/rtx/lightspeed/ReLAX/fireflySuppressionType'),/home/dillonb/DEV/db/Omnivore-work/ovrtx/ovrtx-0.5.0/ovrtx/bin/usd_plugins/rtx_settings/generatedSchema.usda,1688,schema_declared_not_runtime_verified
RTX schema,OmniRtxDebugSettingsAPI_1,omni:rtx:lightspeed:relax:history:clamping:colorBoxSigmaScale,float,1,True,[],,(deprecated carb setting path: '/rtx/lightspeed/ReLAX/historyClampingColorBoxSigmaScale'),/home/dillonb/DEV/db/Omnivore-work/ovrtx/ovrtx-0.5.0/ovrtx/bin/usd_plugins/rtx_settings/generatedSchema.usda,1692,schema_declared_not_runtime_verified
RTX schema,OmniRtxDebugSettingsAPI_1,omni:rtx:lightspeed:relax:history:clamping:enabled,bool,1,True,[],ReLax History Clamping,(deprecated carb setting path: '/rtx/lightspeed/ReLAX/historyClampingEnabled'),/home/dillonb/DEV/db/Omnivore-work/ovrtx/ovrtx-0.5.0/ovrtx/bin/usd_plugins/rtx_settings/generatedSchema.usda,1695,schema_declared_not_runtime_verified
RTX schema,OmniRtxDebugSettingsAPI_1,omni:rtx:lightspeed:relax:lowResSpatialFilteringEnabled,bool,0,True,[],,(deprecated carb setting path: '/rtx/lightspeed/ReLAX/lowResSpatialFilteringEnabled'),/home/dillonb/DEV/db/Omnivore-work/ovrtx/ovrtx-0.5.0/ovrtx/bin/usd_plugins/rtx_settings/generatedSchema.usda,1699,schema_declared_not_runtime_verified
RTX schema,OmniRtxDebugSettingsAPI_1,omni:rtx:lightspeed:relax:phi:depth,float,1.5,True,[],,(deprecated carb setting path: '/rtx/lightspeed/ReLAX/phiDepth'),/home/dillonb/DEV/db/Omnivore-work/ovrtx/ovrtx-0.5.0/ovrtx/bin/usd_plugins/rtx_settings/generatedSchema.usda,1702,schema_declared_not_runtime_verified
RTX schema,OmniRtxDebugSettingsAPI_1,omni:rtx:lightspeed:relax:phi:normal,float,10,True,[],,(deprecated carb setting path: '/rtx/lightspeed/ReLAX/phiNormal'),/home/dillonb/DEV/db/Omnivore-work/ovrtx/ovrtx-0.5.0/ovrtx/bin/usd_plugins/rtx_settings/generatedSchema.usda,1705,schema_declared_not_runtime_verified
RTX schema,OmniRtxDebugSettingsAPI_1,omni:rtx:lightspeed:relax:reprojection:roughnessWeightEnabled,bool,0,True,[],,(deprecated carb setting path: '/rtx/lightspeed/ReLAX/reprojectionRoughnessWeightEnabled'),/home/dillonb/DEV/db/Omnivore-work/ovrtx/ovrtx-0.5.0/ovrtx/bin/usd_plugins/rtx_settings/generatedSchema.usda,1708,schema_declared_not_runtime_verified
RTX schema,OmniRtxDebugSettingsAPI_1,omni:rtx:lightspeed:relax:spatialVariance:estimationHistoryThreshold,int,4,True,[],,(deprecated carb setting path: '/rtx/lightspeed/ReLAX/spatialVarianceEstimationHistoryThreshold'),/home/dillonb/DEV/db/Omnivore-work/ovrtx/ovrtx-0.5.0/ovrtx/bin/usd_plugins/rtx_settings/generatedSchema.usda,1711,schema_declared_not_runtime_verified
RTX schema,OmniRtxDebugSettingsAPI_1,omni:rtx:lightspeed:relax:specular:alpha,float,0.03,True,[],,(deprecated carb setting path: '/rtx/lightspeed/ReLAX/specularAlpha'),/home/dillonb/DEV/db/Omnivore-work/ovrtx/ovrtx-0.5.0/ovrtx/bin/usd_plugins/rtx_settings/generatedSchema.usda,1714,schema_declared_not_runtime_verified
RTX schema,OmniRtxDebugSettingsAPI_1,omni:rtx:lightspeed:relax:specular:momentsAlpha,float,0.1,True,[],,(deprecated carb setting path: '/rtx/lightspeed/ReLAX/specularMomentsAlpha'),/home/dillonb/DEV/db/Omnivore-work/ovrtx/ovrtx-0.5.0/ovrtx/bin/usd_plugins/rtx_settings/generatedSchema.usda,1717,schema_declared_not_runtime_verified
RTX schema,OmniRtxDebugSettingsAPI_1,omni:rtx:lightspeed:relax:specular:phiLuminance,float,3,True,[],,(deprecated carb setting path: '/rtx/lightspeed/ReLAX/specularPhiLuminance'),/home/dillonb/DEV/db/Omnivore-work/ovrtx/ovrtx-0.5.0/ovrtx/bin/usd_plugins/rtx_settings/generatedSchema.usda,1720,schema_declared_not_runtime_verified
RTX schema,OmniRtxDebugSettingsAPI_1,omni:rtx:lightspeed:relax:specular:responsiveAlpha,float,0.25,True,[],,(deprecated carb setting path: '/rtx/lightspeed/ReLAX/specularResponsiveAlpha'),/home/dillonb/DEV/db/Omnivore-work/ovrtx/ovrtx-0.5.0/ovrtx/bin/usd_plugins/rtx_settings/generatedSchema.usda,1723,schema_declared_not_runtime_verified
RTX schema,OmniRtxDebugSettingsAPI_1,omni:rtx:material:db:compileMdlAsLibrary,bool,0,True,[],,(deprecated carb setting path: '/rtx/materialDb/compileMdlAsLibrary'),/home/dillonb/DEV/db/Omnivore-work/ovrtx/ovrtx-0.5.0/ovrtx/bin/usd_plugins/rtx_settings/generatedSchema.usda,1726,schema_declared_not_runtime_verified
RTX schema,OmniRtxDebugSettingsAPI_1,omni:rtx:material:db:generatedCodeDiskMirror:directory,string,"""../../../mdlGeneratedShaders""",True,[],,(deprecated carb setting path: '/rtx/materialdb/MDLGeneratedCodeDiskMirror/directory'),/home/dillonb/DEV/db/Omnivore-work/ovrtx/ovrtx-0.5.0/ovrtx/bin/usd_plugins/rtx_settings/generatedSchema.usda,1729,schema_declared_not_runtime_verified
RTX schema,OmniRtxDebugSettingsAPI_1,omni:rtx:material:db:generateMipMaps,int,1,True,[],,(deprecated carb setting path: '/rtx/materialDb/generateMipMaps'),/home/dillonb/DEV/db/Omnivore-work/ovrtx/ovrtx-0.5.0/ovrtx/bin/usd_plugins/rtx_settings/generatedSchema.usda,1732,schema_declared_not_runtime_verified
RTX schema,OmniRtxDebugSettingsAPI_1,omni:rtx:material:db:MDLGeneratedCodeDiskMirror:enable,bool,0,True,[],,(deprecated carb setting path: '/rtx/materialdb/MDLGeneratedCodeDiskMirror/enable'),/home/dillonb/DEV/db/Omnivore-work/ovrtx/ovrtx-0.5.0/ovrtx/bin/usd_plugins/rtx_settings/generatedSchema.usda,1735,schema_declared_not_runtime_verified
RTX schema,OmniRtxDebugSettingsAPI_1,omni:rtx:material:db:MDLGeneratedCodeDump,bool,0,True,[],,(deprecated carb setting path: '/rtx/materialdb/MDLGeneratedCodeDump'),/home/dillonb/DEV/db/Omnivore-work/ovrtx/ovrtx-0.5.0/ovrtx/bin/usd_plugins/rtx_settings/generatedSchema.usda,1738,schema_declared_not_runtime_verified
RTX schema,OmniRtxDebugSettingsAPI_1,omni:rtx:material:db:MDLGeneratedCodeDumpAll,bool,0,True,[],,(deprecated carb setting path: '/rtx/materialdb/MDLGeneratedCodeDumpAll'),/home/dillonb/DEV/db/Omnivore-work/ovrtx/ovrtx-0.5.0/ovrtx/bin/usd_plugins/rtx_settings/generatedSchema.usda,1741,schema_declared_not_runtime_verified
RTX schema,OmniRtxDebugSettingsAPI_1,omni:rtx:material:db:MDLGeneratedCodeReplacement,bool,0,True,[],,(deprecated carb setting path: '/rtx/materialdb/MDLGeneratedCodeReplacement'),/home/dillonb/DEV/db/Omnivore-work/ovrtx/ovrtx-0.5.0/ovrtx/bin/usd_plugins/rtx_settings/generatedSchema.usda,1744,schema_declared_not_runtime_verified
RTX schema,OmniRtxDebugSettingsAPI_1,omni:rtx:material:db:MDLModificationList,string,"""""",True,[],,(deprecated carb setting path: '/rtx/materialdb/MDLModificationList'),/home/dillonb/DEV/db/Omnivore-work/ovrtx/ovrtx-0.5.0/ovrtx/bin/usd_plugins/rtx_settings/generatedSchema.usda,1747,schema_declared_not_runtime_verified
RTX schema,OmniRtxDebugSettingsAPI_1,omni:rtx:material:db:perInstanceOpacityToggle,bool,1,True,[],,(deprecated carb setting path: '/rtx/materialDb/perInstanceOpacityToggle'),/home/dillonb/DEV/db/Omnivore-work/ovrtx/ovrtx-0.5.0/ovrtx/bin/usd_plugins/rtx_settings/generatedSchema.usda,1750,schema_declared_not_runtime_verified
RTX schema,OmniRtxDebugSettingsAPI_1,omni:rtx:material:db:rtSensorMaterialLogs,bool,0,True,[],,(deprecated carb setting path: '/rtx/materialDb/rtSensorMaterialLogs'),/home/dillonb/DEV/db/Omnivore-work/ovrtx/ovrtx-0.5.0/ovrtx/bin/usd_plugins/rtx_settings/generatedSchema.usda,1753,schema_declared_not_runtime_verified
RTX schema,OmniRtxDebugSettingsAPI_1,omni:rtx:material:db:rtSensorNameToIdMap,string,"""""",True,[],,(deprecated carb setting path: '/rtx/materialDb/rtSensorNameToIdMap'),/home/dillonb/DEV/db/Omnivore-work/ovrtx/ovrtx-0.5.0/ovrtx/bin/usd_plugins/rtx_settings/generatedSchema.usda,1756,schema_declared_not_runtime_verified
RTX schema,OmniRtxDebugSettingsAPI_1,omni:rtx:material:db:syncLoads,bool,0,True,[],,(deprecated carb setting path: '/rtx/materialDb/syncLoads'),/home/dillonb/DEV/db/Omnivore-work/ovrtx/ovrtx-0.5.0/ovrtx/bin/usd_plugins/rtx_settings/generatedSchema.usda,1759,schema_declared_not_runtime_verified
RTX schema,OmniRtxDebugSettingsAPI_1,omni:rtx:material:enableMDLDisplacement,bool,0,True,[],,(deprecated carb setting path: '/rtx/material/enableMDLDisplacement'),/home/dillonb/DEV/db/Omnivore-work/ovrtx/ovrtx-0.5.0/ovrtx/bin/usd_plugins/rtx_settings/generatedSchema.usda,1762,schema_declared_not_runtime_verified
RTX schema,OmniRtxDebugSettingsAPI_1,omni:rtx:material:enableRefraction,bool,1,True,[],,(deprecated carb setting path: '/rtx/material/enableRefraction'),/home/dillonb/DEV/db/Omnivore-work/ovrtx/ovrtx-0.5.0/ovrtx/bin/usd_plugins/rtx_settings/generatedSchema.usda,1765,schema_declared_not_runtime_verified
RTX schema,OmniRtxDebugSettingsAPI_1,omni:rtx:material:mdltranslator:distillTargetModel,string,"""rtx_distiller""",True,[],,(deprecated carb setting path: '/rtx/mdltranslator/distillTargetModel'),/home/dillonb/DEV/db/Omnivore-work/ovrtx/ovrtx-0.5.0/ovrtx/bin/usd_plugins/rtx_settings/generatedSchema.usda,1768,schema_declared_not_runtime_verified
RTX schema,OmniRtxDebugSettingsAPI_1,omni:rtx:material:mdltranslator:foldParameterNames,string,"""""",True,[],,(deprecated carb setting path: '/rtx/mdltranslator/foldParameterNames'),/home/dillonb/DEV/db/Omnivore-work/ovrtx/ovrtx-0.5.0/ovrtx/bin/usd_plugins/rtx_settings/generatedSchema.usda,1771,schema_declared_not_runtime_verified
RTX schema,OmniRtxDebugSettingsAPI_1,omni:rtx:material:mdltranslator:mdlDistilling,bool,1,True,[],,(deprecated carb setting path: '/rtx/mdltranslator/mdlDistilling'),/home/dillonb/DEV/db/Omnivore-work/ovrtx/ovrtx-0.5.0/ovrtx/bin/usd_plugins/rtx_settings/generatedSchema.usda,1774,schema_declared_not_runtime_verified
RTX schema,OmniRtxDebugSettingsAPI_1,omni:rtx:material:mdltranslator:printMaterialStructure,bool,0,True,[],,(deprecated carb setting path: '/rtx/mdltranslator/printMaterialStructure'),/home/dillonb/DEV/db/Omnivore-work/ovrtx/ovrtx-0.5.0/ovrtx/bin/usd_plugins/rtx_settings/generatedSchema.usda,1777,schema_declared_not_runtime_verified
RTX schema,OmniRtxDebugSettingsAPI_1,omni:rtx:material:normalMapRoughness,bool,1,True,[],,(deprecated carb setting path: '/rtx/normalMapRoughness'),/home/dillonb/DEV/db/Omnivore-work/ovrtx/ovrtx-0.5.0/ovrtx/bin/usd_plugins/rtx_settings/generatedSchema.usda,1780,schema_declared_not_runtime_verified
RTX schema,OmniRtxDebugSettingsAPI_1,omni:rtx:material:textures:anisotropy,int,16,True,[],,(deprecated carb setting path: '/rtx/textures/anisotropy'),/home/dillonb/DEV/db/Omnivore-work/ovrtx/ovrtx-0.5.0/ovrtx/bin/usd_plugins/rtx_settings/generatedSchema.usda,1783,schema_declared_not_runtime_verified
RTX schema,OmniRtxDebugSettingsAPI_1,omni:rtx:meshlights:enabled,bool,0,True,[],Force disable mesh light processing,(deprecated carb setting path: '/rtx-transient/meshlights/forceDisable'),/home/dillonb/DEV/db/Omnivore-work/ovrtx/ovrtx-0.5.0/ovrtx/bin/usd_plugins/rtx_settings/generatedSchema.usda,1786,schema_declared_not_runtime_verified
RTX schema,OmniRtxDebugSettingsAPI_1,omni:rtx:newDenoiser:enabled,bool,1,True,[],New Denoiser,(deprecated carb setting path: '/rtx-transient/dldenoiser/enabled'),/home/dillonb/DEV/db/Omnivore-work/ovrtx/ovrtx-0.5.0/ovrtx/bin/usd_plugins/rtx_settings/generatedSchema.usda,1790,schema_declared_not_runtime_verified
RTX schema,OmniRtxDebugSettingsAPI_1,omni:rtx:pt:adaptiveSampling:filterError,bool,1,True,[],Filter Error,(deprecated carb setting path: '/rtx/pathtracing/adaptiveSampling/filterError'),/home/dillonb/DEV/db/Omnivore-work/ovrtx/ovrtx-0.5.0/ovrtx/bin/usd_plugins/rtx_settings/generatedSchema.usda,1794,schema_declared_not_runtime_verified
RTX schema,OmniRtxDebugSettingsAPI_1,omni:rtx:pt:adaptiveSampling:fixedSppIterations,uint,30,True,[],Fixed Sample Per Pixel Iterations,(deprecated carb setting path: '/rtx/pathtracing/adaptiveSampling/fixedSppIterations'),/home/dillonb/DEV/db/Omnivore-work/ovrtx/ovrtx-0.5.0/ovrtx/bin/usd_plugins/rtx_settings/generatedSchema.usda,1798,schema_declared_not_runtime_verified
RTX schema,OmniRtxDebugSettingsAPI_1,omni:rtx:pt:backgroundAOV,bool,0,True,[],,(deprecated carb setting path: '/rtx/pathtracing/backgroundAOV'),/home/dillonb/DEV/db/Omnivore-work/ovrtx/ovrtx-0.5.0/ovrtx/bin/usd_plugins/rtx_settings/generatedSchema.usda,1802,schema_declared_not_runtime_verified
RTX schema,OmniRtxDebugSettingsAPI_1,omni:rtx:pt:cached:directionalJittering:enabled,bool,0,True,[],Directional Jittering,(deprecated carb setting path: '/rtx/pathtracing/cached/enableDirectionalJittering'),/home/dillonb/DEV/db/Omnivore-work/ovrtx/ovrtx-0.5.0/ovrtx/bin/usd_plugins/rtx_settings/generatedSchema.usda,1805,schema_declared_not_runtime_verified
RTX schema,OmniRtxDebugSettingsAPI_1,omni:rtx:pt:cached:distanceHash:base,float,1.5,True,[],,(deprecated carb setting path: '/rtx/pathtracing/cached/distanceHashBase'),/home/dillonb/DEV/db/Omnivore-work/ovrtx/ovrtx-0.5.0/ovrtx/bin/usd_plugins/rtx_settings/generatedSchema.usda,1809,schema_declared_not_runtime_verified
RTX schema,OmniRtxDebugSettingsAPI_1,omni:rtx:pt:cached:distanceHash:resolution,int,42,True,[],,(deprecated carb setting path: '/rtx/pathtracing/cached/distanceHashResolution'),/home/dillonb/DEV/db/Omnivore-work/ovrtx/ovrtx-0.5.0/ovrtx/bin/usd_plugins/rtx_settings/generatedSchema.usda,1812,schema_declared_not_runtime_verified
RTX schema,OmniRtxDebugSettingsAPI_1,omni:rtx:pt:cached:distanceOverride,float,0,True,[],,(deprecated carb setting path: '/rtx/pathtracing/cached/distanceOverride'),/home/dillonb/DEV/db/Omnivore-work/ovrtx/ovrtx-0.5.0/ovrtx/bin/usd_plugins/rtx_settings/generatedSchema.usda,1815,schema_declared_not_runtime_verified
RTX schema,OmniRtxDebugSettingsAPI_1,omni:rtx:pt:cached:dontResolveConflicts,bool,0,True,[],,(deprecated carb setting path: '/rtx/pathtracing/cached/dontResolveConflicts'),/home/dillonb/DEV/db/Omnivore-work/ovrtx/ovrtx-0.5.0/ovrtx/bin/usd_plugins/rtx_settings/generatedSchema.usda,1818,schema_declared_not_runtime_verified
RTX schema,OmniRtxDebugSettingsAPI_1,omni:rtx:pt:cached:forceReset,bool,0,True,[],,(deprecated carb setting path: '/rtx/pathtracing/cached/forceReset'),/home/dillonb/DEV/db/Omnivore-work/ovrtx/ovrtx-0.5.0/ovrtx/bin/usd_plugins/rtx_settings/generatedSchema.usda,1821,schema_declared_not_runtime_verified
RTX schema,OmniRtxDebugSettingsAPI_1,omni:rtx:pt:cached:invCdf:enabled,bool,0,True,[],Inverse CDF,(deprecated carb setting path: '/rtx/pathtracing/cached/enableInvCdf'),/home/dillonb/DEV/db/Omnivore-work/ovrtx/ovrtx-0.5.0/ovrtx/bin/usd_plugins/rtx_settings/generatedSchema.usda,1824,schema_declared_not_runtime_verified
RTX schema,OmniRtxDebugSettingsAPI_1,omni:rtx:pt:cached:maxAgeForEviction,int,512,True,[],,(deprecated carb setting path: '/rtx/pathtracing/cached/maxAgeForEviction'),/home/dillonb/DEV/db/Omnivore-work/ovrtx/ovrtx-0.5.0/ovrtx/bin/usd_plugins/rtx_settings/generatedSchema.usda,1828,schema_declared_not_runtime_verified
RTX schema,OmniRtxDebugSettingsAPI_1,omni:rtx:pt:cached:nanChecks:enabled,bool,0,True,[],Nan Checks,(deprecated carb setting path: '/rtx/pathtracing/cached/enableNanChecks'),/home/dillonb/DEV/db/Omnivore-work/ovrtx/ovrtx-0.5.0/ovrtx/bin/usd_plugins/rtx_settings/generatedSchema.usda,1831,schema_declared_not_runtime_verified
RTX schema,OmniRtxDebugSettingsAPI_1,omni:rtx:pt:cached:retrace,float,2,True,[],,(deprecated carb setting path: '/rtx/pathtracing/cached/retrace'),/home/dillonb/DEV/db/Omnivore-work/ovrtx/ovrtx-0.5.0/ovrtx/bin/usd_plugins/rtx_settings/generatedSchema.usda,1835,schema_declared_not_runtime_verified
RTX schema,OmniRtxDebugSettingsAPI_1,omni:rtx:pt:cached:showDebugView,int,0,True,[],,(deprecated carb setting path: '/rtx/pathtracing/cached/showDebugView'),/home/dillonb/DEV/db/Omnivore-work/ovrtx/ovrtx-0.5.0/ovrtx/bin/usd_plugins/rtx_settings/generatedSchema.usda,1838,schema_declared_not_runtime_verified
RTX schema,OmniRtxDebugSettingsAPI_1,omni:rtx:pt:cached:spatialJittering:enabled,bool,1,True,[],Spatial Jittering,(deprecated carb setting path: '/rtx/pathtracing/cached/enableSpatialJittering'),/home/dillonb/DEV/db/Omnivore-work/ovrtx/ovrtx-0.5.0/ovrtx/bin/usd_plugins/rtx_settings/generatedSchema.usda,1841,schema_declared_not_runtime_verified
RTX schema,OmniRtxDebugSettingsAPI_1,omni:rtx:pt:cached:temporalAlpha,float,0,True,[],,(deprecated carb setting path: '/rtx/pathtracing/cached/temporalAlpha'),/home/dillonb/DEV/db/Omnivore-work/ovrtx/ovrtx-0.5.0/ovrtx/bin/usd_plugins/rtx_settings/generatedSchema.usda,1845,schema_declared_not_runtime_verified
RTX schema,OmniRtxDebugSettingsAPI_1,omni:rtx:pt:cached:temporalReuse,int,2048,True,[],,(deprecated carb setting path: '/rtx/pathtracing/cached/temporalReuse'),/home/dillonb/DEV/db/Omnivore-work/ovrtx/ovrtx-0.5.0/ovrtx/bin/usd_plugins/rtx_settings/generatedSchema.usda,1848,schema_declared_not_runtime_verified
RTX schema,OmniRtxDebugSettingsAPI_1,omni:rtx:pt:cached:truncated:associativity,int,0,True,[],,(deprecated carb setting path: '/rtx/pathtracing/cached/truncated/associativity'),/home/dillonb/DEV/db/Omnivore-work/ovrtx/ovrtx-0.5.0/ovrtx/bin/usd_plugins/rtx_settings/generatedSchema.usda,1851,schema_declared_not_runtime_verified
RTX schema,OmniRtxDebugSettingsAPI_1,omni:rtx:pt:cached:truncated:length,int,0,True,[],,(deprecated carb setting path: '/rtx/pathtracing/cached/truncated/length'),/home/dillonb/DEV/db/Omnivore-work/ovrtx/ovrtx-0.5.0/ovrtx/bin/usd_plugins/rtx_settings/generatedSchema.usda,1854,schema_declared_not_runtime_verified
RTX schema,OmniRtxDebugSettingsAPI_1,omni:rtx:pt:cached:truncated:probability,float,0,True,[],,(deprecated carb setting path: '/rtx/pathtracing/cached/truncated/probability'),/home/dillonb/DEV/db/Omnivore-work/ovrtx/ovrtx-0.5.0/ovrtx/bin/usd_plugins/rtx_settings/generatedSchema.usda,1857,schema_declared_not_runtime_verified
RTX schema,OmniRtxDebugSettingsAPI_1,omni:rtx:pt:clampSpp,int,32,True,[],,(deprecated carb setting path: '/rtx/pathtracing/clampSpp'),/home/dillonb/DEV/db/Omnivore-work/ovrtx/ovrtx-0.5.0/ovrtx/bin/usd_plugins/rtx_settings/generatedSchema.usda,1860,schema_declared_not_runtime_verified
RTX schema,OmniRtxDebugSettingsAPI_1,omni:rtx:pt:depth32BitAov,bool,0,True,[],,(deprecated carb setting path: '/rtx/pathtracing/depth32BitAov'),/home/dillonb/DEV/db/Omnivore-work/ovrtx/ovrtx-0.5.0/ovrtx/bin/usd_plugins/rtx_settings/generatedSchema.usda,1863,schema_declared_not_runtime_verified
RTX schema,OmniRtxDebugSettingsAPI_1,omni:rtx:pt:diAOV,bool,0,True,[],,(deprecated carb setting path: '/rtx/pathtracing/diAOV'),/home/dillonb/DEV/db/Omnivore-work/ovrtx/ovrtx-0.5.0/ovrtx/bin/usd_plugins/rtx_settings/generatedSchema.usda,1866,schema_declared_not_runtime_verified
RTX schema,OmniRtxDebugSettingsAPI_1,omni:rtx:pt:diffuseFilterAOV,bool,0,True,[],,(deprecated carb setting path: '/rtx/pathtracing/diffuseFilterAOV'),/home/dillonb/DEV/db/Omnivore-work/ovrtx/ovrtx-0.5.0/ovrtx/bin/usd_plugins/rtx_settings/generatedSchema.usda,1869,schema_declared_not_runtime_verified
RTX schema,OmniRtxDebugSettingsAPI_1,omni:rtx:pt:dlss:enabled,bool,0,True,[],DLSS,(deprecated carb setting path: '/rtx/pathtracing/dlss/enabled'),/home/dillonb/DEV/db/Omnivore-work/ovrtx/ovrtx-0.5.0/ovrtx/bin/usd_plugins/rtx_settings/generatedSchema.usda,1872,schema_declared_not_runtime_verified
RTX schema,OmniRtxDebugSettingsAPI_1,omni:rtx:pt:domeLight:primaryRaysEvaluateDomelightMdlDirectly,bool,0,True,[],,(deprecated carb setting path: '/rtx/pathtracing/domeLight/primaryRaysEvaluateDomelightMdlDirectly'),/home/dillonb/DEV/db/Omnivore-work/ovrtx/ovrtx-0.5.0/ovrtx/bin/usd_plugins/rtx_settings/generatedSchema.usda,1876,schema_declared_not_runtime_verified
RTX schema,OmniRtxDebugSettingsAPI_1,omni:rtx:pt:dynamicResolution:ratio,float,1,True,[],,(deprecated carb setting path: '/rtx/pathtracing/dynamicResolution/ratio'),/home/dillonb/DEV/db/Omnivore-work/ovrtx/ovrtx-0.5.0/ovrtx/bin/usd_plugins/rtx_settings/generatedSchema.usda,1879,schema_declared_not_runtime_verified
RTX schema,OmniRtxDebugSettingsAPI_1,omni:rtx:pt:dynamicResolution:sppRatio,uint,1,True,[],,(deprecated carb setting path: '/rtx/pathtracing/dynamicResolution/sppRatio'),/home/dillonb/DEV/db/Omnivore-work/ovrtx/ovrtx-0.5.0/ovrtx/bin/usd_plugins/rtx_settings/generatedSchema.usda,1882,schema_declared_not_runtime_verified
RTX schema,OmniRtxDebugSettingsAPI_1,omni:rtx:pt:fractionalCutoutOpacity,bool,1,True,[],,(deprecated carb setting path: '/rtx/pathtracing/fractionalCutoutOpacity'),/home/dillonb/DEV/db/Omnivore-work/ovrtx/ovrtx-0.5.0/ovrtx/bin/usd_plugins/rtx_settings/generatedSchema.usda,1885,schema_declared_not_runtime_verified
RTX schema,OmniRtxDebugSettingsAPI_1,omni:rtx:pt:giAOV,bool,0,True,[],,(deprecated carb setting path: '/rtx/pathtracing/giAOV'),/home/dillonb/DEV/db/Omnivore-work/ovrtx/ovrtx-0.5.0/ovrtx/bin/usd_plugins/rtx_settings/generatedSchema.usda,1888,schema_declared_not_runtime_verified
RTX schema,OmniRtxDebugSettingsAPI_1,omni:rtx:pt:lightcache:cached:directionalJittering:enabled,bool,0,True,[],Directional Jittering,(deprecated carb setting path: '/rtx/pathtracing/lightcache/cached/enableDirectionalJittering'),/home/dillonb/DEV/db/Omnivore-work/ovrtx/ovrtx-0.5.0/ovrtx/bin/usd_plugins/rtx_settings/generatedSchema.usda,1891,schema_declared_not_runtime_verified
RTX schema,OmniRtxDebugSettingsAPI_1,omni:rtx:pt:lightcache:cached:distanceHash:base,float,1.5,True,[],,(deprecated carb setting path: '/rtx/pathtracing/lightcache/cached/distanceHashBase'),/home/dillonb/DEV/db/Omnivore-work/ovrtx/ovrtx-0.5.0/ovrtx/bin/usd_plugins/rtx_settings/generatedSchema.usda,1895,schema_declared_not_runtime_verified
RTX schema,OmniRtxDebugSettingsAPI_1,omni:rtx:pt:lightcache:cached:distanceHash:resolution,int,8,True,[],,(deprecated carb setting path: '/rtx/pathtracing/lightcache/cached/distanceHashResolution'),/home/dillonb/DEV/db/Omnivore-work/ovrtx/ovrtx-0.5.0/ovrtx/bin/usd_plugins/rtx_settings/generatedSchema.usda,1898,schema_declared_not_runtime_verified
RTX schema,OmniRtxDebugSettingsAPI_1,omni:rtx:pt:lightcache:cached:distanceOverride,float,0,True,[],,(deprecated carb setting path: '/rtx/pathtracing/lightcache/cached/distanceOverride'),/home/dillonb/DEV/db/Omnivore-work/ovrtx/ovrtx-0.5.0/ovrtx/bin/usd_plugins/rtx_settings/generatedSchema.usda,1901,schema_declared_not_runtime_verified
RTX schema,OmniRtxDebugSettingsAPI_1,omni:rtx:pt:lightcache:cached:dontResolveConflicts,bool,0,True,[],,(deprecated carb setting path: '/rtx/pathtracing/lightcache/cached/dontResolveConflicts'),/home/dillonb/DEV/db/Omnivore-work/ovrtx/ovrtx-0.5.0/ovrtx/bin/usd_plugins/rtx_settings/generatedSchema.usda,1904,schema_declared_not_runtime_verified
RTX schema,OmniRtxDebugSettingsAPI_1,omni:rtx:pt:lightcache:cached:forceReset,bool,0,True,[],,(deprecated carb setting path: '/rtx/pathtracing/lightcache/cached/forceReset'),/home/dillonb/DEV/db/Omnivore-work/ovrtx/ovrtx-0.5.0/ovrtx/bin/usd_plugins/rtx_settings/generatedSchema.usda,1907,schema_declared_not_runtime_verified
RTX schema,OmniRtxDebugSettingsAPI_1,omni:rtx:pt:lightcache:cached:invCdf:enabled,bool,0,True,[],Inverse CDF,(deprecated carb setting path: '/rtx/pathtracing/lightcache/cached/enableInvCdf'),/home/dillonb/DEV/db/Omnivore-work/ovrtx/ovrtx-0.5.0/ovrtx/bin/usd_plugins/rtx_settings/generatedSchema.usda,1910,schema_declared_not_runtime_verified
RTX schema,OmniRtxDebugSettingsAPI_1,omni:rtx:pt:lightcache:cached:maxAgeForEviction,int,-1,True,[],Max Age For Eviction,(deprecated carb setting path: '/rtx/pathtracing/lightcache/cached/maxAgeForEviction'),/home/dillonb/DEV/db/Omnivore-work/ovrtx/ovrtx-0.5.0/ovrtx/bin/usd_plugins/rtx_settings/generatedSchema.usda,1914,schema_declared_not_runtime_verified
RTX schema,OmniRtxDebugSettingsAPI_1,omni:rtx:pt:lightcache:cached:nanChecks:enabled,bool,1,True,[],Nan Checks,(deprecated carb setting path: '/rtx/pathtracing/lightcache/cached/enableNanChecks'),/home/dillonb/DEV/db/Omnivore-work/ovrtx/ovrtx-0.5.0/ovrtx/bin/usd_plugins/rtx_settings/generatedSchema.usda,1918,schema_declared_not_runtime_verified
RTX schema,OmniRtxDebugSettingsAPI_1,omni:rtx:pt:lightcache:cached:retrace,float,0,True,[],,(deprecated carb setting path: '/rtx/pathtracing/lightcache/cached/retrace'),/home/dillonb/DEV/db/Omnivore-work/ovrtx/ovrtx-0.5.0/ovrtx/bin/usd_plugins/rtx_settings/generatedSchema.usda,1922,schema_declared_not_runtime_verified
RTX schema,OmniRtxDebugSettingsAPI_1,omni:rtx:pt:lightcache:cached:showDebugView,int,0,True,[],,(deprecated carb setting path: '/rtx/pathtracing/lightcache/cached/showDebugView'),/home/dillonb/DEV/db/Omnivore-work/ovrtx/ovrtx-0.5.0/ovrtx/bin/usd_plugins/rtx_settings/generatedSchema.usda,1925,schema_declared_not_runtime_verified
RTX schema,OmniRtxDebugSettingsAPI_1,omni:rtx:pt:lightcache:cached:spatialJittering:enabled,bool,1,True,[],Spatial Jittering,(deprecated carb setting path: '/rtx/pathtracing/lightcache/cached/enableSpatialJittering'),/home/dillonb/DEV/db/Omnivore-work/ovrtx/ovrtx-0.5.0/ovrtx/bin/usd_plugins/rtx_settings/generatedSchema.usda,1928,schema_declared_not_runtime_verified
RTX schema,OmniRtxDebugSettingsAPI_1,omni:rtx:pt:lightcache:cached:temporalAlpha,float,0.2,True,[],,(deprecated carb setting path: '/rtx/pathtracing/lightcache/cached/temporalAlpha'),/home/dillonb/DEV/db/Omnivore-work/ovrtx/ovrtx-0.5.0/ovrtx/bin/usd_plugins/rtx_settings/generatedSchema.usda,1932,schema_declared_not_runtime_verified
RTX schema,OmniRtxDebugSettingsAPI_1,omni:rtx:pt:lightcache:cached:temporalReuse,int,48,True,[],,(deprecated carb setting path: '/rtx/pathtracing/lightcache/cached/temporalReuse'),/home/dillonb/DEV/db/Omnivore-work/ovrtx/ovrtx-0.5.0/ovrtx/bin/usd_plugins/rtx_settings/generatedSchema.usda,1935,schema_declared_not_runtime_verified
RTX schema,OmniRtxDebugSettingsAPI_1,omni:rtx:pt:lightcache:cached:truncated:associativity,int,32,True,[],,(deprecated carb setting path: '/rtx/pathtracing/lightcache/cached/truncated/associativity'),/home/dillonb/DEV/db/Omnivore-work/ovrtx/ovrtx-0.5.0/ovrtx/bin/usd_plugins/rtx_settings/generatedSchema.usda,1938,schema_declared_not_runtime_verified
RTX schema,OmniRtxDebugSettingsAPI_1,omni:rtx:pt:lightcache:cached:truncated:length,int,512,True,[],,(deprecated carb setting path: '/rtx/pathtracing/lightcache/cached/truncated/length'),/home/dillonb/DEV/db/Omnivore-work/ovrtx/ovrtx-0.5.0/ovrtx/bin/usd_plugins/rtx_settings/generatedSchema.usda,1941,schema_declared_not_runtime_verified
RTX schema,OmniRtxDebugSettingsAPI_1,omni:rtx:pt:lightcache:cached:truncated:probability,float,0,True,[],,(deprecated carb setting path: '/rtx/pathtracing/lightcache/cached/truncated/probability'),/home/dillonb/DEV/db/Omnivore-work/ovrtx/ovrtx-0.5.0/ovrtx/bin/usd_plugins/rtx_settings/generatedSchema.usda,1944,schema_declared_not_runtime_verified
RTX schema,OmniRtxDebugSettingsAPI_1,omni:rtx:pt:lightcache:cached:truncatedLightCacheMaxUnexposedContrib,float,1024,True,[],,(deprecated carb setting path: '/rtx/pathtracing/lightcache/cached/truncatedLightCacheMaxUnexposedContrib'),/home/dillonb/DEV/db/Omnivore-work/ovrtx/ovrtx-0.5.0/ovrtx/bin/usd_plugins/rtx_settings/generatedSchema.usda,1947,schema_declared_not_runtime_verified
RTX schema,OmniRtxDebugSettingsAPI_1,omni:rtx:pt:lightcache:stochastic:useGGX,bool,1,True,[],,(deprecated carb setting path: '/rtx/pathtracing/lightcache/stochasticPassUsesGGX'),/home/dillonb/DEV/db/Omnivore-work/ovrtx/ovrtx-0.5.0/ovrtx/bin/usd_plugins/rtx_settings/generatedSchema.usda,1950,schema_declared_not_runtime_verified
RTX schema,OmniRtxDebugSettingsAPI_1,omni:rtx:pt:maxSamplesPerLaunch,uint,460800,True,[],,(deprecated carb setting path: '/rtx/pathtracing/maxSamplesPerLaunch'),/home/dillonb/DEV/db/Omnivore-work/ovrtx/ovrtx-0.5.0/ovrtx/bin/usd_plugins/rtx_settings/generatedSchema.usda,1953,schema_declared_not_runtime_verified
RTX schema,OmniRtxDebugSettingsAPI_1,omni:rtx:pt:maxVolumeBounces,uint,15,True,[],,(deprecated carb setting path: '/rtx/pathtracing/maxVolumeBounces'),/home/dillonb/DEV/db/Omnivore-work/ovrtx/ovrtx-0.5.0/ovrtx/bin/usd_plugins/rtx_settings/generatedSchema.usda,1956,schema_declared_not_runtime_verified
RTX schema,OmniRtxDebugSettingsAPI_1,omni:rtx:pt:mgpu:autoLoadBalancing:enabled,bool,1,True,[],MultiGPU Auto LoadBalancing,(deprecated carb setting path: '/rtx/pathtracing/mgpu/autoLoadBalancing/enabled'),/home/dillonb/DEV/db/Omnivore-work/ovrtx/ovrtx-0.5.0/ovrtx/bin/usd_plugins/rtx_settings/generatedSchema.usda,1959,schema_declared_not_runtime_verified
RTX schema,OmniRtxDebugSettingsAPI_1,omni:rtx:pt:mgpu:autoLoadBalancingWeightGPU0,float,0.65,True,[],,(deprecated carb setting path: '/rtx/pathtracing/mgpu/autoLoadBalancingWeightGPU0'),/home/dillonb/DEV/db/Omnivore-work/ovrtx/ovrtx-0.5.0/ovrtx/bin/usd_plugins/rtx_settings/generatedSchema.usda,1963,schema_declared_not_runtime_verified
RTX schema,OmniRtxDebugSettingsAPI_1,omni:rtx:pt:mgpu:broadcastLightCache,bool,0,True,[],,(deprecated carb setting path: '/rtx/pathtracing/mgpu/broadcastLightCache'),/home/dillonb/DEV/db/Omnivore-work/ovrtx/ovrtx-0.5.0/ovrtx/bin/usd_plugins/rtx_settings/generatedSchema.usda,1966,schema_declared_not_runtime_verified
RTX schema,OmniRtxDebugSettingsAPI_1,omni:rtx:pt:mgpu:compressAlbedo,bool,1,True,[],,(deprecated carb setting path: '/rtx/pathtracing/mgpu/compressAlbedo'),/home/dillonb/DEV/db/Omnivore-work/ovrtx/ovrtx-0.5.0/ovrtx/bin/usd_plugins/rtx_settings/generatedSchema.usda,1969,schema_declared_not_runtime_verified
RTX schema,OmniRtxDebugSettingsAPI_1,omni:rtx:pt:mgpu:compressNormals,bool,1,True,[],,(deprecated carb setting path: '/rtx/pathtracing/mgpu/compressNormals'),/home/dillonb/DEV/db/Omnivore-work/ovrtx/ovrtx-0.5.0/ovrtx/bin/usd_plugins/rtx_settings/generatedSchema.usda,1972,schema_declared_not_runtime_verified
RTX schema,OmniRtxDebugSettingsAPI_1,omni:rtx:pt:mgpu:compressRadiance,bool,0,True,[],,(deprecated carb setting path: '/rtx/pathtracing/mgpu/compressRadiance'),/home/dillonb/DEV/db/Omnivore-work/ovrtx/ovrtx-0.5.0/ovrtx/bin/usd_plugins/rtx_settings/generatedSchema.usda,1975,schema_declared_not_runtime_verified
RTX schema,OmniRtxDebugSettingsAPI_1,omni:rtx:pt:mgpu:maxPixelsPerRegionExponent,uint,7,True,[],,(deprecated carb setting path: '/rtx/pathtracing/mgpu/maxPixelsPerRegionExponent'),/home/dillonb/DEV/db/Omnivore-work/ovrtx/ovrtx-0.5.0/ovrtx/bin/usd_plugins/rtx_settings/generatedSchema.usda,1978,schema_declared_not_runtime_verified
RTX schema,OmniRtxDebugSettingsAPI_1,omni:rtx:pt:mgpu:printLog,bool,0,True,[],,(deprecated carb setting path: '/rtx/pathtracing/mgpu/printLog'),/home/dillonb/DEV/db/Omnivore-work/ovrtx/ovrtx-0.5.0/ovrtx/bin/usd_plugins/rtx_settings/generatedSchema.usda,1981,schema_declared_not_runtime_verified
RTX schema,OmniRtxDebugSettingsAPI_1,omni:rtx:pt:mgpu:printWeights,bool,0,True,[],,(deprecated carb setting path: '/rtx/pathtracing/mgpu/printWeights'),/home/dillonb/DEV/db/Omnivore-work/ovrtx/ovrtx-0.5.0/ovrtx/bin/usd_plugins/rtx_settings/generatedSchema.usda,1984,schema_declared_not_runtime_verified
RTX schema,OmniRtxDebugSettingsAPI_1,omni:rtx:pt:mgpu:resetAccumulation,bool,0,True,[],,(deprecated carb setting path: '/rtx/pathtracing/mgpu/resetAccumulation'),/home/dillonb/DEV/db/Omnivore-work/ovrtx/ovrtx-0.5.0/ovrtx/bin/usd_plugins/rtx_settings/generatedSchema.usda,1987,schema_declared_not_runtime_verified
RTX schema,OmniRtxDebugSettingsAPI_1,omni:rtx:pt:mgpu:showCompositingPattern,bool,0,True,[],,(deprecated carb setting path: '/rtx/pathtracing/mgpu/showCompositingPattern'),/home/dillonb/DEV/db/Omnivore-work/ovrtx/ovrtx-0.5.0/ovrtx/bin/usd_plugins/rtx_settings/generatedSchema.usda,1990,schema_declared_not_runtime_verified
RTX schema,OmniRtxDebugSettingsAPI_1,omni:rtx:pt:mgpu:weightGpu0,float,0.65,True,[],,(deprecated carb setting path: '/rtx/pathtracing/mgpu/weightGpu0'),/home/dillonb/DEV/db/Omnivore-work/ovrtx/ovrtx-0.5.0/ovrtx/bin/usd_plugins/rtx_settings/generatedSchema.usda,1993,schema_declared_not_runtime_verified
RTX schema,OmniRtxDebugSettingsAPI_1,omni:rtx:pt:multimatte:channel0,int,-1,True,[],,(deprecated carb setting path: '/rtx/pathtracing/multimatte/channel0'),/home/dillonb/DEV/db/Omnivore-work/ovrtx/ovrtx-0.5.0/ovrtx/bin/usd_plugins/rtx_settings/generatedSchema.usda,1996,schema_declared_not_runtime_verified
RTX schema,OmniRtxDebugSettingsAPI_1,omni:rtx:pt:multimatte:channel0_isMat,bool,0,True,[],,(deprecated carb setting path: '/rtx/pathtracing/multimatte/channel0_isMat'),/home/dillonb/DEV/db/Omnivore-work/ovrtx/ovrtx-0.5.0/ovrtx/bin/usd_plugins/rtx_settings/generatedSchema.usda,1999,schema_declared_not_runtime_verified
RTX schema,OmniRtxDebugSettingsAPI_1,omni:rtx:pt:multimatte:channel1,int,-1,True,[],,(deprecated carb setting path: '/rtx/pathtracing/multimatte/channel1'),/home/dillonb/DEV/db/Omnivore-work/ovrtx/ovrtx-0.5.0/ovrtx/bin/usd_plugins/rtx_settings/generatedSchema.usda,2002,schema_declared_not_runtime_verified
RTX schema,OmniRtxDebugSettingsAPI_1,omni:rtx:pt:multimatte:channel1_isMat,bool,0,True,[],,(deprecated carb setting path: '/rtx/pathtracing/multimatte/channel1_isMat'),/home/dillonb/DEV/db/Omnivore-work/ovrtx/ovrtx-0.5.0/ovrtx/bin/usd_plugins/rtx_settings/generatedSchema.usda,2005,schema_declared_not_runtime_verified
RTX schema,OmniRtxDebugSettingsAPI_1,omni:rtx:pt:multimatte:channel2,int,-1,True,[],,(deprecated carb setting path: '/rtx/pathtracing/multimatte/channel2'),/home/dillonb/DEV/db/Omnivore-work/ovrtx/ovrtx-0.5.0/ovrtx/bin/usd_plugins/rtx_settings/generatedSchema.usda,2008,schema_declared_not_runtime_verified
RTX schema,OmniRtxDebugSettingsAPI_1,omni:rtx:pt:multimatte:channel2_isMat,bool,0,True,[],,(deprecated carb setting path: '/rtx/pathtracing/multimatte/channel2_isMat'),/home/dillonb/DEV/db/Omnivore-work/ovrtx/ovrtx-0.5.0/ovrtx/bin/usd_plugins/rtx_settings/generatedSchema.usda,2011,schema_declared_not_runtime_verified
RTX schema,OmniRtxDebugSettingsAPI_1,omni:rtx:pt:multimatte:channel3,int,-1,True,[],,(deprecated carb setting path: '/rtx/pathtracing/multimatte/channel3'),/home/dillonb/DEV/db/Omnivore-work/ovrtx/ovrtx-0.5.0/ovrtx/bin/usd_plugins/rtx_settings/generatedSchema.usda,2014,schema_declared_not_runtime_verified
RTX schema,OmniRtxDebugSettingsAPI_1,omni:rtx:pt:multimatte:channel3_isMat,bool,0,True,[],,(deprecated carb setting path: '/rtx/pathtracing/multimatte/channel3_isMat'),/home/dillonb/DEV/db/Omnivore-work/ovrtx/ovrtx-0.5.0/ovrtx/bin/usd_plugins/rtx_settings/generatedSchema.usda,2017,schema_declared_not_runtime_verified
RTX schema,OmniRtxDebugSettingsAPI_1,omni:rtx:pt:multimatte:channel4,int,-1,True,[],,(deprecated carb setting path: '/rtx/pathtracing/multimatte/channel4'),/home/dillonb/DEV/db/Omnivore-work/ovrtx/ovrtx-0.5.0/ovrtx/bin/usd_plugins/rtx_settings/generatedSchema.usda,2020,schema_declared_not_runtime_verified
RTX schema,OmniRtxDebugSettingsAPI_1,omni:rtx:pt:multimatte:channel4_isMat,bool,0,True,[],,(deprecated carb setting path: '/rtx/pathtracing/multimatte/channel4_isMat'),/home/dillonb/DEV/db/Omnivore-work/ovrtx/ovrtx-0.5.0/ovrtx/bin/usd_plugins/rtx_settings/generatedSchema.usda,2023,schema_declared_not_runtime_verified
RTX schema,OmniRtxDebugSettingsAPI_1,omni:rtx:pt:multimatte:channel5,int,-1,True,[],,(deprecated carb setting path: '/rtx/pathtracing/multimatte/channel5'),/home/dillonb/DEV/db/Omnivore-work/ovrtx/ovrtx-0.5.0/ovrtx/bin/usd_plugins/rtx_settings/generatedSchema.usda,2026,schema_declared_not_runtime_verified
RTX schema,OmniRtxDebugSettingsAPI_1,omni:rtx:pt:multimatte:channel5_isMat,bool,0,True,[],,(deprecated carb setting path: '/rtx/pathtracing/multimatte/channel5_isMat'),/home/dillonb/DEV/db/Omnivore-work/ovrtx/ovrtx-0.5.0/ovrtx/bin/usd_plugins/rtx_settings/generatedSchema.usda,2029,schema_declared_not_runtime_verified
RTX schema,OmniRtxDebugSettingsAPI_1,omni:rtx:pt:multimatte:channel6,int,-1,True,[],,(deprecated carb setting path: '/rtx/pathtracing/multimatte/channel6'),/home/dillonb/DEV/db/Omnivore-work/ovrtx/ovrtx-0.5.0/ovrtx/bin/usd_plugins/rtx_settings/generatedSchema.usda,2032,schema_declared_not_runtime_verified
RTX schema,OmniRtxDebugSettingsAPI_1,omni:rtx:pt:multimatte:channel6_isMat,bool,0,True,[],,(deprecated carb setting path: '/rtx/pathtracing/multimatte/channel6_isMat'),/home/dillonb/DEV/db/Omnivore-work/ovrtx/ovrtx-0.5.0/ovrtx/bin/usd_plugins/rtx_settings/generatedSchema.usda,2035,schema_declared_not_runtime_verified
RTX schema,OmniRtxDebugSettingsAPI_1,omni:rtx:pt:multimatte:channel7,int,-1,True,[],,(deprecated carb setting path: '/rtx/pathtracing/multimatte/channel7'),/home/dillonb/DEV/db/Omnivore-work/ovrtx/ovrtx-0.5.0/ovrtx/bin/usd_plugins/rtx_settings/generatedSchema.usda,2038,schema_declared_not_runtime_verified
RTX schema,OmniRtxDebugSettingsAPI_1,omni:rtx:pt:multimatte:channel7_isMat,bool,0,True,[],,(deprecated carb setting path: '/rtx/pathtracing/multimatte/channel7_isMat'),/home/dillonb/DEV/db/Omnivore-work/ovrtx/ovrtx-0.5.0/ovrtx/bin/usd_plugins/rtx_settings/generatedSchema.usda,2041,schema_declared_not_runtime_verified
RTX schema,OmniRtxDebugSettingsAPI_1,omni:rtx:pt:multimatte:channel8,int,-1,True,[],,(deprecated carb setting path: '/rtx/pathtracing/multimatte/channel8'),/home/dillonb/DEV/db/Omnivore-work/ovrtx/ovrtx-0.5.0/ovrtx/bin/usd_plugins/rtx_settings/generatedSchema.usda,2044,schema_declared_not_runtime_verified
RTX schema,OmniRtxDebugSettingsAPI_1,omni:rtx:pt:multimatte:channel8_isMat,bool,0,True,[],,(deprecated carb setting path: '/rtx/pathtracing/multimatte/channel8_isMat'),/home/dillonb/DEV/db/Omnivore-work/ovrtx/ovrtx-0.5.0/ovrtx/bin/usd_plugins/rtx_settings/generatedSchema.usda,2047,schema_declared_not_runtime_verified
RTX schema,OmniRtxDebugSettingsAPI_1,omni:rtx:pt:multimatte:channel9,int,-1,True,[],,(deprecated carb setting path: '/rtx/pathtracing/multimatte/channel9'),/home/dillonb/DEV/db/Omnivore-work/ovrtx/ovrtx-0.5.0/ovrtx/bin/usd_plugins/rtx_settings/generatedSchema.usda,2050,schema_declared_not_runtime_verified
RTX schema,OmniRtxDebugSettingsAPI_1,omni:rtx:pt:multimatte:channel9_isMat,bool,0,True,[],,(deprecated carb setting path: '/rtx/pathtracing/multimatte/channel9_isMat'),/home/dillonb/DEV/db/Omnivore-work/ovrtx/ovrtx-0.5.0/ovrtx/bin/usd_plugins/rtx_settings/generatedSchema.usda,2053,schema_declared_not_runtime_verified
RTX schema,OmniRtxDebugSettingsAPI_1,omni:rtx:pt:multimatte:channel10,int,-1,True,[],,(deprecated carb setting path: '/rtx/pathtracing/multimatte/channel10'),/home/dillonb/DEV/db/Omnivore-work/ovrtx/ovrtx-0.5.0/ovrtx/bin/usd_plugins/rtx_settings/generatedSchema.usda,2056,schema_declared_not_runtime_verified
RTX schema,OmniRtxDebugSettingsAPI_1,omni:rtx:pt:multimatte:channel10_isMat,bool,0,True,[],,(deprecated carb setting path: '/rtx/pathtracing/multimatte/channel10_isMat'),/home/dillonb/DEV/db/Omnivore-work/ovrtx/ovrtx-0.5.0/ovrtx/bin/usd_plugins/rtx_settings/generatedSchema.usda,2059,schema_declared_not_runtime_verified
RTX schema,OmniRtxDebugSettingsAPI_1,omni:rtx:pt:multimatte:channel11,int,-1,True,[],,(deprecated carb setting path: '/rtx/pathtracing/multimatte/channel11'),/home/dillonb/DEV/db/Omnivore-work/ovrtx/ovrtx-0.5.0/ovrtx/bin/usd_plugins/rtx_settings/generatedSchema.usda,2062,schema_declared_not_runtime_verified
RTX schema,OmniRtxDebugSettingsAPI_1,omni:rtx:pt:multimatte:channel11_isMat,bool,0,True,[],,(deprecated carb setting path: '/rtx/pathtracing/multimatte/channel11_isMat'),/home/dillonb/DEV/db/Omnivore-work/ovrtx/ovrtx-0.5.0/ovrtx/bin/usd_plugins/rtx_settings/generatedSchema.usda,2065,schema_declared_not_runtime_verified
RTX schema,OmniRtxDebugSettingsAPI_1,omni:rtx:pt:multimatte:channel12,int,-1,True,[],,(deprecated carb setting path: '/rtx/pathtracing/multimatte/channel12'),/home/dillonb/DEV/db/Omnivore-work/ovrtx/ovrtx-0.5.0/ovrtx/bin/usd_plugins/rtx_settings/generatedSchema.usda,2068,schema_declared_not_runtime_verified
RTX schema,OmniRtxDebugSettingsAPI_1,omni:rtx:pt:multimatte:channel12_isMat,bool,0,True,[],,(deprecated carb setting path: '/rtx/pathtracing/multimatte/channel12_isMat'),/home/dillonb/DEV/db/Omnivore-work/ovrtx/ovrtx-0.5.0/ovrtx/bin/usd_plugins/rtx_settings/generatedSchema.usda,2071,schema_declared_not_runtime_verified
RTX schema,OmniRtxDebugSettingsAPI_1,omni:rtx:pt:multimatte:channel13,int,-1,True,[],,(deprecated carb setting path: '/rtx/pathtracing/multimatte/channel13'),/home/dillonb/DEV/db/Omnivore-work/ovrtx/ovrtx-0.5.0/ovrtx/bin/usd_plugins/rtx_settings/generatedSchema.usda,2074,schema_declared_not_runtime_verified
RTX schema,OmniRtxDebugSettingsAPI_1,omni:rtx:pt:multimatte:channel13_isMat,bool,0,True,[],,(deprecated carb setting path: '/rtx/pathtracing/multimatte/channel13_isMat'),/home/dillonb/DEV/db/Omnivore-work/ovrtx/ovrtx-0.5.0/ovrtx/bin/usd_plugins/rtx_settings/generatedSchema.usda,2077,schema_declared_not_runtime_verified
RTX schema,OmniRtxDebugSettingsAPI_1,omni:rtx:pt:multimatte:channel14,int,-1,True,[],,(deprecated carb setting path: '/rtx/pathtracing/multimatte/channel14'),/home/dillonb/DEV/db/Omnivore-work/ovrtx/ovrtx-0.5.0/ovrtx/bin/usd_plugins/rtx_settings/generatedSchema.usda,2080,schema_declared_not_runtime_verified
RTX schema,OmniRtxDebugSettingsAPI_1,omni:rtx:pt:multimatte:channel14_isMat,bool,0,True,[],,(deprecated carb setting path: '/rtx/pathtracing/multimatte/channel14_isMat'),/home/dillonb/DEV/db/Omnivore-work/ovrtx/ovrtx-0.5.0/ovrtx/bin/usd_plugins/rtx_settings/generatedSchema.usda,2083,schema_declared_not_runtime_verified
RTX schema,OmniRtxDebugSettingsAPI_1,omni:rtx:pt:multimatte:channel15,int,-1,True,[],,(deprecated carb setting path: '/rtx/pathtracing/multimatte/channel15'),/home/dillonb/DEV/db/Omnivore-work/ovrtx/ovrtx-0.5.0/ovrtx/bin/usd_plugins/rtx_settings/generatedSchema.usda,2086,schema_declared_not_runtime_verified
RTX schema,OmniRtxDebugSettingsAPI_1,omni:rtx:pt:multimatte:channel15_isMat,bool,0,True,[],,(deprecated carb setting path: '/rtx/pathtracing/multimatte/channel15_isMat'),/home/dillonb/DEV/db/Omnivore-work/ovrtx/ovrtx-0.5.0/ovrtx/bin/usd_plugins/rtx_settings/generatedSchema.usda,2089,schema_declared_not_runtime_verified
RTX schema,OmniRtxDebugSettingsAPI_1,omni:rtx:pt:multimatte:channel16,int,-1,True,[],,(deprecated carb setting path: '/rtx/pathtracing/multimatte/channel16'),/home/dillonb/DEV/db/Omnivore-work/ovrtx/ovrtx-0.5.0/ovrtx/bin/usd_plugins/rtx_settings/generatedSchema.usda,2092,schema_declared_not_runtime_verified
RTX schema,OmniRtxDebugSettingsAPI_1,omni:rtx:pt:multimatte:channel16_isMat,bool,0,True,[],,(deprecated carb setting path: '/rtx/pathtracing/multimatte/channel16_isMat'),/home/dillonb/DEV/db/Omnivore-work/ovrtx/ovrtx-0.5.0/ovrtx/bin/usd_plugins/rtx_settings/generatedSchema.usda,2095,schema_declared_not_runtime_verified
RTX schema,OmniRtxDebugSettingsAPI_1,omni:rtx:pt:multimatte:channel17,int,-1,True,[],,(deprecated carb setting path: '/rtx/pathtracing/multimatte/channel17'),/home/dillonb/DEV/db/Omnivore-work/ovrtx/ovrtx-0.5.0/ovrtx/bin/usd_plugins/rtx_settings/generatedSchema.usda,2098,schema_declared_not_runtime_verified
RTX schema,OmniRtxDebugSettingsAPI_1,omni:rtx:pt:multimatte:channel17_isMat,bool,0,True,[],,(deprecated carb setting path: '/rtx/pathtracing/multimatte/channel17_isMat'),/home/dillonb/DEV/db/Omnivore-work/ovrtx/ovrtx-0.5.0/ovrtx/bin/usd_plugins/rtx_settings/generatedSchema.usda,2101,schema_declared_not_runtime_verified
RTX schema,OmniRtxDebugSettingsAPI_1,omni:rtx:pt:multimatte:channel18,int,-1,True,[],,(deprecated carb setting path: '/rtx/pathtracing/multimatte/channel18'),/home/dillonb/DEV/db/Omnivore-work/ovrtx/ovrtx-0.5.0/ovrtx/bin/usd_plugins/rtx_settings/generatedSchema.usda,2104,schema_declared_not_runtime_verified
RTX schema,OmniRtxDebugSettingsAPI_1,omni:rtx:pt:multimatte:channel18_isMat,bool,0,True,[],,(deprecated carb setting path: '/rtx/pathtracing/multimatte/channel18_isMat'),/home/dillonb/DEV/db/Omnivore-work/ovrtx/ovrtx-0.5.0/ovrtx/bin/usd_plugins/rtx_settings/generatedSchema.usda,2107,schema_declared_not_runtime_verified
RTX schema,OmniRtxDebugSettingsAPI_1,omni:rtx:pt:multimatte:channel19,int,-1,True,[],,(deprecated carb setting path: '/rtx/pathtracing/multimatte/channel19'),/home/dillonb/DEV/db/Omnivore-work/ovrtx/ovrtx-0.5.0/ovrtx/bin/usd_plugins/rtx_settings/generatedSchema.usda,2110,schema_declared_not_runtime_verified
RTX schema,OmniRtxDebugSettingsAPI_1,omni:rtx:pt:multimatte:channel19_isMat,bool,0,True,[],,(deprecated carb setting path: '/rtx/pathtracing/multimatte/channel19_isMat'),/home/dillonb/DEV/db/Omnivore-work/ovrtx/ovrtx-0.5.0/ovrtx/bin/usd_plugins/rtx_settings/generatedSchema.usda,2113,schema_declared_not_runtime_verified
RTX schema,OmniRtxDebugSettingsAPI_1,omni:rtx:pt:multimatte:channel20,int,-1,True,[],,(deprecated carb setting path: '/rtx/pathtracing/multimatte/channel20'),/home/dillonb/DEV/db/Omnivore-work/ovrtx/ovrtx-0.5.0/ovrtx/bin/usd_plugins/rtx_settings/generatedSchema.usda,2116,schema_declared_not_runtime_verified
RTX schema,OmniRtxDebugSettingsAPI_1,omni:rtx:pt:multimatte:channel20_isMat,bool,0,True,[],,(deprecated carb setting path: '/rtx/pathtracing/multimatte/channel20_isMat'),/home/dillonb/DEV/db/Omnivore-work/ovrtx/ovrtx-0.5.0/ovrtx/bin/usd_plugins/rtx_settings/generatedSchema.usda,2119,schema_declared_not_runtime_verified
RTX schema,OmniRtxDebugSettingsAPI_1,omni:rtx:pt:multimatte:channel21,int,-1,True,[],,(deprecated carb setting path: '/rtx/pathtracing/multimatte/channel21'),/home/dillonb/DEV/db/Omnivore-work/ovrtx/ovrtx-0.5.0/ovrtx/bin/usd_plugins/rtx_settings/generatedSchema.usda,2122,schema_declared_not_runtime_verified
RTX schema,OmniRtxDebugSettingsAPI_1,omni:rtx:pt:multimatte:channel21_isMat,bool,0,True,[],,(deprecated carb setting path: '/rtx/pathtracing/multimatte/channel21_isMat'),/home/dillonb/DEV/db/Omnivore-work/ovrtx/ovrtx-0.5.0/ovrtx/bin/usd_plugins/rtx_settings/generatedSchema.usda,2125,schema_declared_not_runtime_verified
RTX schema,OmniRtxDebugSettingsAPI_1,omni:rtx:pt:multimatte:channel22,int,-1,True,[],,(deprecated carb setting path: '/rtx/pathtracing/multimatte/channel22'),/home/dillonb/DEV/db/Omnivore-work/ovrtx/ovrtx-0.5.0/ovrtx/bin/usd_plugins/rtx_settings/generatedSchema.usda,2128,schema_declared_not_runtime_verified
RTX schema,OmniRtxDebugSettingsAPI_1,omni:rtx:pt:multimatte:channel22_isMat,bool,0,True,[],,(deprecated carb setting path: '/rtx/pathtracing/multimatte/channel22_isMat'),/home/dillonb/DEV/db/Omnivore-work/ovrtx/ovrtx-0.5.0/ovrtx/bin/usd_plugins/rtx_settings/generatedSchema.usda,2131,schema_declared_not_runtime_verified
RTX schema,OmniRtxDebugSettingsAPI_1,omni:rtx:pt:multimatte:channel23,int,-1,True,[],,(deprecated carb setting path: '/rtx/pathtracing/multimatte/channel23'),/home/dillonb/DEV/db/Omnivore-work/ovrtx/ovrtx-0.5.0/ovrtx/bin/usd_plugins/rtx_settings/generatedSchema.usda,2134,schema_declared_not_runtime_verified
RTX schema,OmniRtxDebugSettingsAPI_1,omni:rtx:pt:multimatte:channel23_isMat,bool,0,True,[],,(deprecated carb setting path: '/rtx/pathtracing/multimatte/channel23_isMat'),/home/dillonb/DEV/db/Omnivore-work/ovrtx/ovrtx-0.5.0/ovrtx/bin/usd_plugins/rtx_settings/generatedSchema.usda,2137,schema_declared_not_runtime_verified
RTX schema,OmniRtxDebugSettingsAPI_1,omni:rtx:pt:multimatte:channelCount,uint,0,True,[],,(deprecated carb setting path: '/rtx/pathtracing/multimatte/channelCount'),/home/dillonb/DEV/db/Omnivore-work/ovrtx/ovrtx-0.5.0/ovrtx/bin/usd_plugins/rtx_settings/generatedSchema.usda,2140,schema_declared_not_runtime_verified
RTX schema,OmniRtxDebugSettingsAPI_1,omni:rtx:pt:nrc:enabled,bool,0,True,[],,(deprecated carb setting path: '/rtx/pathtracing/nrc/enabled'),/home/dillonb/DEV/db/Omnivore-work/ovrtx/ovrtx-0.5.0/ovrtx/bin/usd_plugins/rtx_settings/generatedSchema.usda,2143,schema_declared_not_runtime_verified
RTX schema,OmniRtxDebugSettingsAPI_1,omni:rtx:pt:optixDenoiser:intensity,float,0,True,[],,(deprecated carb setting path: '/rtx/pathtracing/optixDenoiser/intensity'),/home/dillonb/DEV/db/Omnivore-work/ovrtx/ovrtx-0.5.0/ovrtx/bin/usd_plugins/rtx_settings/generatedSchema.usda,2146,schema_declared_not_runtime_verified
RTX schema,OmniRtxDebugSettingsAPI_1,omni:rtx:pt:optixDenoiser:useAlbedo,bool,1,True,[],,(deprecated carb setting path: '/rtx/pathtracing/optixDenoiser/useAlbedo'),/home/dillonb/DEV/db/Omnivore-work/ovrtx/ovrtx-0.5.0/ovrtx/bin/usd_plugins/rtx_settings/generatedSchema.usda,2149,schema_declared_not_runtime_verified
RTX schema,OmniRtxDebugSettingsAPI_1,omni:rtx:pt:optixDenoiser:useNormals,bool,1,True,[],,(deprecated carb setting path: '/rtx/pathtracing/optixDenoiser/useNormals'),/home/dillonb/DEV/db/Omnivore-work/ovrtx/ovrtx-0.5.0/ovrtx/bin/usd_plugins/rtx_settings/generatedSchema.usda,2152,schema_declared_not_runtime_verified
RTX schema,OmniRtxDebugSettingsAPI_1,omni:rtx:pt:ptfog:ZUp,bool,0,True,[],,(deprecated carb setting path: '/rtx/pathtracing/ptfog/ZUp'),/home/dillonb/DEV/db/Omnivore-work/ovrtx/ovrtx-0.5.0/ovrtx/bin/usd_plugins/rtx_settings/generatedSchema.usda,2155,schema_declared_not_runtime_verified
RTX schema,OmniRtxDebugSettingsAPI_1,omni:rtx:pt:ptvol:enabled,bool,0,True,[],Pathtraced Volumes,(deprecated carb setting path: '/rtx/pathtracing/ptvol/enabled'),/home/dillonb/DEV/db/Omnivore-work/ovrtx/ovrtx-0.5.0/ovrtx/bin/usd_plugins/rtx_settings/generatedSchema.usda,2158,schema_declared_not_runtime_verified
RTX schema,OmniRtxDebugSettingsAPI_1,omni:rtx:pt:ptvol:fogHeightFallOff,float,10,True,[],Fog Height Fall Off,(deprecated carb setting path: '/rtx/pathtracing/ptvol/fogHeightFallOff'),/home/dillonb/DEV/db/Omnivore-work/ovrtx/ovrtx-0.5.0/ovrtx/bin/usd_plugins/rtx_settings/generatedSchema.usda,2162,schema_declared_not_runtime_verified
RTX schema,OmniRtxDebugSettingsAPI_1,omni:rtx:pt:ptvol:maxRoughBouncesBeforeIgnoreVolume,int,2,True,[],,(deprecated carb setting path: '/rtx/pathtracing/ptvol/maxRoughBouncesBeforeIgnoreVolume'),/home/dillonb/DEV/db/Omnivore-work/ovrtx/ovrtx-0.5.0/ovrtx/bin/usd_plugins/rtx_settings/generatedSchema.usda,2166,schema_declared_not_runtime_verified
RTX schema,OmniRtxDebugSettingsAPI_1,omni:rtx:pt:ptvol:raySky,bool,0,True,[],,(deprecated carb setting path: '/rtx/pathtracing/ptvol/raySky'),/home/dillonb/DEV/db/Omnivore-work/ovrtx/ovrtx-0.5.0/ovrtx/bin/usd_plugins/rtx_settings/generatedSchema.usda,2169,schema_declared_not_runtime_verified
RTX schema,OmniRtxDebugSettingsAPI_1,omni:rtx:pt:ptvol:raySkyDomelight,bool,0,True,[],,(deprecated carb setting path: '/rtx/pathtracing/ptvol/raySkyDomelight'),/home/dillonb/DEV/db/Omnivore-work/ovrtx/ovrtx-0.5.0/ovrtx/bin/usd_plugins/rtx_settings/generatedSchema.usda,2172,schema_declared_not_runtime_verified
RTX schema,OmniRtxDebugSettingsAPI_1,omni:rtx:pt:ptvol:raySkyScale,float,1,True,[],,(deprecated carb setting path: '/rtx/pathtracing/ptvol/raySkyScale'),/home/dillonb/DEV/db/Omnivore-work/ovrtx/ovrtx-0.5.0/ovrtx/bin/usd_plugins/rtx_settings/generatedSchema.usda,2175,schema_declared_not_runtime_verified
RTX schema,OmniRtxDebugSettingsAPI_1,omni:rtx:pt:reflectionFilterAOV,bool,0,True,[],,(deprecated carb setting path: '/rtx/pathtracing/reflectionFilterAOV'),/home/dillonb/DEV/db/Omnivore-work/ovrtx/ovrtx-0.5.0/ovrtx/bin/usd_plugins/rtx_settings/generatedSchema.usda,2178,schema_declared_not_runtime_verified
RTX schema,OmniRtxDebugSettingsAPI_1,omni:rtx:pt:reflectionsAOV,bool,0,True,[],,(deprecated carb setting path: '/rtx/pathtracing/reflectionsAOV'),/home/dillonb/DEV/db/Omnivore-work/ovrtx/ovrtx-0.5.0/ovrtx/bin/usd_plugins/rtx_settings/generatedSchema.usda,2181,schema_declared_not_runtime_verified
RTX schema,OmniRtxDebugSettingsAPI_1,omni:rtx:pt:refractionFilterAOV,bool,0,True,[],,(deprecated carb setting path: '/rtx/pathtracing/refractionFilterAOV'),/home/dillonb/DEV/db/Omnivore-work/ovrtx/ovrtx-0.5.0/ovrtx/bin/usd_plugins/rtx_settings/generatedSchema.usda,2184,schema_declared_not_runtime_verified
RTX schema,OmniRtxDebugSettingsAPI_1,omni:rtx:pt:refractionsAOV,bool,0,True,[],,(deprecated carb setting path: '/rtx/pathtracing/refractionsAOV'),/home/dillonb/DEV/db/Omnivore-work/ovrtx/ovrtx-0.5.0/ovrtx/bin/usd_plugins/rtx_settings/generatedSchema.usda,2187,schema_declared_not_runtime_verified
RTX schema,OmniRtxDebugSettingsAPI_1,omni:rtx:pt:ris:meshLights,bool,0,True,[],Enable PT mesh Light Sampling,(deprecated carb setting path: '/rtx/pathtracing/ris/meshLights'),/home/dillonb/DEV/db/Omnivore-work/ovrtx/ovrtx-0.5.0/ovrtx/bin/usd_plugins/rtx_settings/generatedSchema.usda,2190,schema_declared_not_runtime_verified
RTX schema,OmniRtxDebugSettingsAPI_1,omni:rtx:pt:meshLights:risCount,int,1,True,[],Ris samples per light sample,(deprecated carb setting path: '/rtx/pathtracing/meshLights/risCount'),/home/dillonb/DEV/db/Omnivore-work/ovrtx/ovrtx-0.5.0/ovrtx/bin/usd_plugins/rtx_settings/generatedSchema.usda,2194,schema_declared_not_runtime_verified
RTX schema,OmniRtxDebugSettingsAPI_1,omni:rtx:pt:roughnessClamp,float,0.15,True,[],,(deprecated carb setting path: '/rtx/pathtracing/roughnessClamp'),/home/dillonb/DEV/db/Omnivore-work/ovrtx/ovrtx-0.5.0/ovrtx/bin/usd_plugins/rtx_settings/generatedSchema.usda,2198,schema_declared_not_runtime_verified
RTX schema,OmniRtxDebugSettingsAPI_1,omni:rtx:pt:rrDepth,uint,1,True,[],,(deprecated carb setting path: '/rtx/pathtracing/rrDepth'),/home/dillonb/DEV/db/Omnivore-work/ovrtx/ovrtx-0.5.0/ovrtx/bin/usd_plugins/rtx_settings/generatedSchema.usda,2201,schema_declared_not_runtime_verified
RTX schema,OmniRtxDebugSettingsAPI_1,omni:rtx:pt:rrDepthVol,uint,1,True,[],,(deprecated carb setting path: '/rtx/pathtracing/rrDepthVol'),/home/dillonb/DEV/db/Omnivore-work/ovrtx/ovrtx-0.5.0/ovrtx/bin/usd_plugins/rtx_settings/generatedSchema.usda,2204,schema_declared_not_runtime_verified
RTX schema,OmniRtxDebugSettingsAPI_1,omni:rtx:pt:rtptEnabled,bool,0,True,[],,(deprecated carb setting path: '/rtx-transient/pathtracing/rtptEnabled'),/home/dillonb/DEV/db/Omnivore-work/ovrtx/ovrtx-0.5.0/ovrtx/bin/usd_plugins/rtx_settings/generatedSchema.usda,2207,schema_declared_not_runtime_verified
RTX schema,OmniRtxDebugSettingsAPI_1,omni:rtx:pt:selfIllumAOV,bool,0,True,[],,(deprecated carb setting path: '/rtx/pathtracing/selfIllumAOV'),/home/dillonb/DEV/db/Omnivore-work/ovrtx/ovrtx-0.5.0/ovrtx/bin/usd_plugins/rtx_settings/generatedSchema.usda,2210,schema_declared_not_runtime_verified
RTX schema,OmniRtxDebugSettingsAPI_1,omni:rtx:pt:showLights:enabled,bool,0,True,[],Show Lights,(deprecated carb setting path: '/rtx/pathtracing/showLights/enabled'),/home/dillonb/DEV/db/Omnivore-work/ovrtx/ovrtx-0.5.0/ovrtx/bin/usd_plugins/rtx_settings/generatedSchema.usda,2213,schema_declared_not_runtime_verified
RTX schema,OmniRtxDebugSettingsAPI_1,omni:rtx:pt:svgf:alpha,float,0.5,True,[],,(deprecated carb setting path: '/rtx/pathtracing/svgf/alpha'),/home/dillonb/DEV/db/Omnivore-work/ovrtx/ovrtx-0.5.0/ovrtx/bin/usd_plugins/rtx_settings/generatedSchema.usda,2217,schema_declared_not_runtime_verified
RTX schema,OmniRtxDebugSettingsAPI_1,omni:rtx:pt:svgf:enabled,bool,0,True,[],SVGF,(deprecated carb setting path: '/rtx/pathtracing/svgf/enabled'),/home/dillonb/DEV/db/Omnivore-work/ovrtx/ovrtx-0.5.0/ovrtx/bin/usd_plugins/rtx_settings/generatedSchema.usda,2220,schema_declared_not_runtime_verified
RTX schema,OmniRtxDebugSettingsAPI_1,omni:rtx:pt:svgf:momentsAlpha,float,0.5,True,[],,(deprecated carb setting path: '/rtx/pathtracing/svgf/momentsAlpha'),/home/dillonb/DEV/db/Omnivore-work/ovrtx/ovrtx-0.5.0/ovrtx/bin/usd_plugins/rtx_settings/generatedSchema.usda,2224,schema_declared_not_runtime_verified
RTX schema,OmniRtxDebugSettingsAPI_1,omni:rtx:pt:svgf:numIterations,uint,4,True,[],,(deprecated carb setting path: '/rtx/pathtracing/svgf/numIterations'),/home/dillonb/DEV/db/Omnivore-work/ovrtx/ovrtx-0.5.0/ovrtx/bin/usd_plugins/rtx_settings/generatedSchema.usda,2227,schema_declared_not_runtime_verified
RTX schema,OmniRtxDebugSettingsAPI_1,omni:rtx:pt:svgf:phiColor,float,100,True,[],,(deprecated carb setting path: '/rtx/pathtracing/svgf/phiColor'),/home/dillonb/DEV/db/Omnivore-work/ovrtx/ovrtx-0.5.0/ovrtx/bin/usd_plugins/rtx_settings/generatedSchema.usda,2230,schema_declared_not_runtime_verified
RTX schema,OmniRtxDebugSettingsAPI_1,omni:rtx:pt:svgf:phiNormal,float,128,True,[],,(deprecated carb setting path: '/rtx/pathtracing/svgf/phiNormal'),/home/dillonb/DEV/db/Omnivore-work/ovrtx/ovrtx-0.5.0/ovrtx/bin/usd_plugins/rtx_settings/generatedSchema.usda,2233,schema_declared_not_runtime_verified
RTX schema,OmniRtxDebugSettingsAPI_1,omni:rtx:pt:temporalAccumulation,bool,0,True,[],,(deprecated carb setting path: '/rtx/pathtracing/temporalAccumulation'),/home/dillonb/DEV/db/Omnivore-work/ovrtx/ovrtx-0.5.0/ovrtx/bin/usd_plugins/rtx_settings/generatedSchema.usda,2236,schema_declared_not_runtime_verified
RTX schema,OmniRtxDebugSettingsAPI_1,omni:rtx:pt:volumesAOV,bool,0,True,[],,(deprecated carb setting path: '/rtx/pathtracing/volumesAOV'),/home/dillonb/DEV/db/Omnivore-work/ovrtx/ovrtx-0.5.0/ovrtx/bin/usd_plugins/rtx_settings/generatedSchema.usda,2239,schema_declared_not_runtime_verified
RTX schema,OmniRtxDebugSettingsAPI_1,omni:rtx:pt:worldNormalsAOV,bool,0,True,[],,(deprecated carb setting path: '/rtx/pathtracing/worldNormalsAOV'),/home/dillonb/DEV/db/Omnivore-work/ovrtx/ovrtx-0.5.0/ovrtx/bin/usd_plugins/rtx_settings/generatedSchema.usda,2242,schema_declared_not_runtime_verified
RTX schema,OmniRtxDebugSettingsAPI_1,omni:rtx:pt:worldPosAOV,bool,0,True,[],,(deprecated carb setting path: '/rtx/pathtracing/worldPosAOV'),/home/dillonb/DEV/db/Omnivore-work/ovrtx/ovrtx-0.5.0/ovrtx/bin/usd_plugins/rtx_settings/generatedSchema.usda,2245,schema_declared_not_runtime_verified
RTX schema,OmniRtxDebugSettingsAPI_1,omni:rtx:pt:zDepthAOV,bool,0,True,[],,(deprecated carb setting path: '/rtx/pathtracing/zDepthAOV'),/home/dillonb/DEV/db/Omnivore-work/ovrtx/ovrtx-0.5.0/ovrtx/bin/usd_plugins/rtx_settings/generatedSchema.usda,2248,schema_declared_not_runtime_verified
RTX schema,OmniRtxDebugSettingsAPI_1,omni:rtx:pt:zDepthMax,float,10000,True,[],,(deprecated carb setting path: '/rtx/pathtracing/zDepthMax'),/home/dillonb/DEV/db/Omnivore-work/ovrtx/ovrtx-0.5.0/ovrtx/bin/usd_plugins/rtx_settings/generatedSchema.usda,2251,schema_declared_not_runtime_verified
RTX schema,OmniRtxDebugSettingsAPI_1,omni:rtx:pt:zDepthMin,float,0.1,True,[],,(deprecated carb setting path: '/rtx/pathtracing/zDepthMin'),/home/dillonb/DEV/db/Omnivore-work/ovrtx/ovrtx-0.5.0/ovrtx/bin/usd_plugins/rtx_settings/generatedSchema.usda,2254,schema_declared_not_runtime_verified
RTX schema,OmniRtxDebugSettingsAPI_1,omni:rtx:realtime:mgpu:autoTiling:enabled,bool,1,True,[],MultiGPU Auto-Tiling,(deprecated carb setting path: '/rtx/realtime/mgpu/autoTiling/enabled'),/home/dillonb/DEV/db/Omnivore-work/ovrtx/ovrtx-0.5.0/ovrtx/bin/usd_plugins/rtx_settings/generatedSchema.usda,2257,schema_declared_not_runtime_verified
RTX schema,OmniRtxDebugSettingsAPI_1,omni:rtx:realtime:mgpu:autoTiling:minMegaPixelsPerTile,float,0.4,True,[],,(deprecated carb setting path: '/rtx/realtime/mgpu/autoTiling/minMegaPixelsPerTile'),/home/dillonb/DEV/db/Omnivore-work/ovrtx/ovrtx-0.5.0/ovrtx/bin/usd_plugins/rtx_settings/generatedSchema.usda,2261,schema_declared_not_runtime_verified
RTX schema,OmniRtxDebugSettingsAPI_1,omni:rtx:realtime:mgpu:masterDeviceLoadBalancingWeight,float,0.5,True,[],,(deprecated carb setting path: '/rtx/realtime/mgpu/masterDeviceLoadBalancingWeight'),/home/dillonb/DEV/db/Omnivore-work/ovrtx/ovrtx-0.5.0/ovrtx/bin/usd_plugins/rtx_settings/generatedSchema.usda,2264,schema_declared_not_runtime_verified
RTX schema,OmniRtxDebugSettingsAPI_1,omni:rtx:realtime:mgpu:oversubscribe,bool,0,True,[],,(deprecated carb setting path: '/rtx/realtime/mgpu/oversubscribe'),/home/dillonb/DEV/db/Omnivore-work/ovrtx/ovrtx-0.5.0/ovrtx/bin/usd_plugins/rtx_settings/generatedSchema.usda,2267,schema_declared_not_runtime_verified
RTX schema,OmniRtxDebugSettingsAPI_1,omni:rtx:realtime:mgpu:tileCount,int,1,True,[],,(deprecated carb setting path: '/rtx/realtime/mgpu/tileCount'),/home/dillonb/DEV/db/Omnivore-work/ovrtx/ovrtx-0.5.0/ovrtx/bin/usd_plugins/rtx_settings/generatedSchema.usda,2270,schema_declared_not_runtime_verified
RTX schema,OmniRtxDebugSettingsAPI_1,omni:rtx:realtime:mgpu:tileOverlap,int,128,True,[],,(deprecated carb setting path: '/rtx/realtime/mgpu/tileOverlap'),/home/dillonb/DEV/db/Omnivore-work/ovrtx/ovrtx-0.5.0/ovrtx/bin/usd_plugins/rtx_settings/generatedSchema.usda,2273,schema_declared_not_runtime_verified
RTX schema,OmniRtxDebugSettingsAPI_1,omni:rtx:reflections:denoiser:enabled,bool,1,True,[],Reflection Denoising,(deprecated carb setting path: '/rtx/reflections/denoiser/enabled'),/home/dillonb/DEV/db/Omnivore-work/ovrtx/ovrtx-0.5.0/ovrtx/bin/usd_plugins/rtx_settings/generatedSchema.usda,2276,schema_declared_not_runtime_verified
RTX schema,OmniRtxDebugSettingsAPI_1,omni:rtx:reflections:giInReflections,bool,1,True,[],,(deprecated carb setting path: '/rtx/reflections/giInReflections'),/home/dillonb/DEV/db/Omnivore-work/ovrtx/ovrtx-0.5.0/ovrtx/bin/usd_plugins/rtx_settings/generatedSchema.usda,2280,schema_declared_not_runtime_verified
RTX schema,OmniRtxDebugSettingsAPI_1,omni:rtx:reflections:halfResolution,bool,0,True,[],,(deprecated carb setting path: '/rtx/reflections/halfResolution'),/home/dillonb/DEV/db/Omnivore-work/ovrtx/ovrtx-0.5.0/ovrtx/bin/usd_plugins/rtx_settings/generatedSchema.usda,2283,schema_declared_not_runtime_verified
RTX schema,OmniRtxDebugSettingsAPI_1,omni:rtx:reflections:importantLightsOnly,bool,0,True,[],,(deprecated carb setting path: '/rtx/reflections/importantLightsOnly'),/home/dillonb/DEV/db/Omnivore-work/ovrtx/ovrtx-0.5.0/ovrtx/bin/usd_plugins/rtx_settings/generatedSchema.usda,2286,schema_declared_not_runtime_verified
RTX schema,OmniRtxDebugSettingsAPI_1,omni:rtx:reflections:maxImportanceSamplingBias,float,0.5,True,[],,(deprecated carb setting path: '/rtx/reflections/maxImportanceSamplingBias'),/home/dillonb/DEV/db/Omnivore-work/ovrtx/ovrtx-0.5.0/ovrtx/bin/usd_plugins/rtx_settings/generatedSchema.usda,2289,schema_declared_not_runtime_verified
RTX schema,OmniRtxDebugSettingsAPI_1,omni:rtx:reflections:maxRoughnessForMinSamplingBias,float,0.25,True,[],,(deprecated carb setting path: '/rtx/reflections/maxRoughnessForMinSamplingBias'),/home/dillonb/DEV/db/Omnivore-work/ovrtx/ovrtx-0.5.0/ovrtx/bin/usd_plugins/rtx_settings/generatedSchema.usda,2292,schema_declared_not_runtime_verified
RTX schema,OmniRtxDebugSettingsAPI_1,omni:rtx:reflections:minImportanceSamplingBias,float,0.25,True,[],,(deprecated carb setting path: '/rtx/reflections/minImportanceSamplingBias'),/home/dillonb/DEV/db/Omnivore-work/ovrtx/ovrtx-0.5.0/ovrtx/bin/usd_plugins/rtx_settings/generatedSchema.usda,2295,schema_declared_not_runtime_verified
RTX schema,OmniRtxDebugSettingsAPI_1,omni:rtx:reflections:minRoughnessForMaxSamplingBias,float,0,True,[],,(deprecated carb setting path: '/rtx/reflections/minRoughnessForMaxSamplingBias'),/home/dillonb/DEV/db/Omnivore-work/ovrtx/ovrtx-0.5.0/ovrtx/bin/usd_plugins/rtx_settings/generatedSchema.usda,2298,schema_declared_not_runtime_verified
RTX schema,OmniRtxDebugSettingsAPI_1,omni:rtx:reflections:outputDefaultAlbedoOn1stBounceLowRoughness,bool,1,True,[],,(deprecated carb setting path: '/rtx/reflections/outputDefaultAlbedoOn1stBounceLowRoughness'),/home/dillonb/DEV/db/Omnivore-work/ovrtx/ovrtx-0.5.0/ovrtx/bin/usd_plugins/rtx_settings/generatedSchema.usda,2301,schema_declared_not_runtime_verified
RTX schema,OmniRtxDebugSettingsAPI_1,omni:rtx:reflections:sampledLighting:clampSamplesPerPixelToNumberOfLights,bool,0,True,[],,(deprecated carb setting path: '/rtx/reflections/sampledLighting/clampSamplesPerPixelToNumberOfLights'),/home/dillonb/DEV/db/Omnivore-work/ovrtx/ovrtx-0.5.0/ovrtx/bin/usd_plugins/rtx_settings/generatedSchema.usda,2304,schema_declared_not_runtime_verified
RTX schema,OmniRtxDebugSettingsAPI_1,omni:rtx:reflections:sampledLighting:enabled,bool,1,True,[],Reflection Sampled Lighting,(deprecated carb setting path: '/rtx/reflections/sampledLighting/enabled'),/home/dillonb/DEV/db/Omnivore-work/ovrtx/ovrtx-0.5.0/ovrtx/bin/usd_plugins/rtx_settings/generatedSchema.usda,2307,schema_declared_not_runtime_verified
RTX schema,OmniRtxDebugSettingsAPI_1,omni:rtx:reflections:sampledLighting:lightcache:spatialCache:enabled,bool,1,True,[],Reflection Sampled Lighting Spatial Cache,(deprecated carb setting path: '/rtx/reflections/sampledLighting/lightcache/spatialCache/enabled'),/home/dillonb/DEV/db/Omnivore-work/ovrtx/ovrtx-0.5.0/ovrtx/bin/usd_plugins/rtx_settings/generatedSchema.usda,2311,schema_declared_not_runtime_verified
RTX schema,OmniRtxDebugSettingsAPI_1,omni:rtx:reflections:sampledLighting:mis:enabled,bool,1,True,[],Reflection Sampled Lighting MIS,(deprecated carb setting path: '/rtx/reflections/sampledLighting/mis/enabled'),/home/dillonb/DEV/db/Omnivore-work/ovrtx/ovrtx-0.5.0/ovrtx/bin/usd_plugins/rtx_settings/generatedSchema.usda,2315,schema_declared_not_runtime_verified
RTX schema,OmniRtxDebugSettingsAPI_1,omni:rtx:reflections:sampledLighting:stochasticLCRefresh,bool,1,True,[],,(deprecated carb setting path: '/rtx/reflections/sampledLighting/stochasticLCRefresh'),/home/dillonb/DEV/db/Omnivore-work/ovrtx/ovrtx-0.5.0/ovrtx/bin/usd_plugins/rtx_settings/generatedSchema.usda,2319,schema_declared_not_runtime_verified
RTX schema,OmniRtxDebugSettingsAPI_1,omni:rtx:rt:accumulation:enabled,bool,0,True,[],Accumulation,(deprecated carb setting path: '/rtx/raytracing/enableAccumulation'),/home/dillonb/DEV/db/Omnivore-work/ovrtx/ovrtx-0.5.0/ovrtx/bin/usd_plugins/rtx_settings/generatedSchema.usda,2322,schema_declared_not_runtime_verified
RTX schema,OmniRtxDebugSettingsAPI_1,omni:rtx:rt:accumulationLimit,int,200,True,[],,(deprecated carb setting path: '/rtx/raytracing/accumulationLimit'),/home/dillonb/DEV/db/Omnivore-work/ovrtx/ovrtx-0.5.0/ovrtx/bin/usd_plugins/rtx_settings/generatedSchema.usda,2326,schema_declared_not_runtime_verified
RTX schema,OmniRtxDebugSettingsAPI_1,omni:rtx:rt:autoToggleDenoiserSettings,bool,1,True,[],,(deprecated carb setting path: '/rtx/raytracing/autoToggleDenoiserSettings'),/home/dillonb/DEV/db/Omnivore-work/ovrtx/ovrtx-0.5.0/ovrtx/bin/usd_plugins/rtx_settings/generatedSchema.usda,2329,schema_declared_not_runtime_verified
RTX schema,OmniRtxDebugSettingsAPI_1,omni:rtx:rt:cached:enabled,bool,1,True,[],Cached Raytracing,(deprecated carb setting path: '/rtx/raytracing/cached/enabled'),/home/dillonb/DEV/db/Omnivore-work/ovrtx/ovrtx-0.5.0/ovrtx/bin/usd_plugins/rtx_settings/generatedSchema.usda,2332,schema_declared_not_runtime_verified
RTX schema,OmniRtxDebugSettingsAPI_1,omni:rtx:rt:caustics:temporalFiltering:enabled,bool,0,True,[],Caustic Temporal Filtering,(deprecated carb setting path: '/rtx/raytracing/caustics/enableTemporalFiltering'),/home/dillonb/DEV/db/Omnivore-work/ovrtx/ovrtx-0.5.0/ovrtx/bin/usd_plugins/rtx_settings/generatedSchema.usda,2336,schema_declared_not_runtime_verified
RTX schema,OmniRtxDebugSettingsAPI_1,omni:rtx:rt:caustics:normalPhi,float,0.8,True,[],Normal Phi,(deprecated carb setting path: '/rtx/raytracing/caustics/normalPhi'),/home/dillonb/DEV/db/Omnivore-work/ovrtx/ovrtx-0.5.0/ovrtx/bin/usd_plugins/rtx_settings/generatedSchema.usda,2340,schema_declared_not_runtime_verified
RTX schema,OmniRtxDebugSettingsAPI_1,omni:rtx:rt:caustics:positionPhi,float,2,True,[],Position Phi,(deprecated carb setting path: '/rtx/raytracing/caustics/positionPhi'),/home/dillonb/DEV/db/Omnivore-work/ovrtx/ovrtx-0.5.0/ovrtx/bin/usd_plugins/rtx_settings/generatedSchema.usda,2344,schema_declared_not_runtime_verified
RTX schema,OmniRtxDebugSettingsAPI_1,omni:rtx:rt:caustics:useFrameSeed,bool,0,True,[],,(deprecated carb setting path: '/rtx/raytracing/caustics/useFrameSeed'),/home/dillonb/DEV/db/Omnivore-work/ovrtx/ovrtx-0.5.0/ovrtx/bin/usd_plugins/rtx_settings/generatedSchema.usda,2348,schema_declared_not_runtime_verified
RTX schema,OmniRtxDebugSettingsAPI_1,omni:rtx:rt:curve:radiusOffset,float,0,True,[],,(deprecated carb setting path: '/rtx/raytracing/curve/radiusOffset'),/home/dillonb/DEV/db/Omnivore-work/ovrtx/ovrtx-0.5.0/ovrtx/bin/usd_plugins/rtx_settings/generatedSchema.usda,2351,schema_declared_not_runtime_verified
RTX schema,OmniRtxDebugSettingsAPI_1,omni:rtx:rt:curve:radiusScale,float,1,True,[],,(deprecated carb setting path: '/rtx/raytracing/curve/radiusScale'),/home/dillonb/DEV/db/Omnivore-work/ovrtx/ovrtx-0.5.0/ovrtx/bin/usd_plugins/rtx_settings/generatedSchema.usda,2354,schema_declared_not_runtime_verified
RTX schema,OmniRtxDebugSettingsAPI_1,omni:rtx:rt:debug:oneUberPermutation,bool,0,True,[],,(deprecated carb setting path: '/rtx/raytracing/debug/oneUberPermutation'),/home/dillonb/DEV/db/Omnivore-work/ovrtx/ovrtx-0.5.0/ovrtx/bin/usd_plugins/rtx_settings/generatedSchema.usda,2357,schema_declared_not_runtime_verified
RTX schema,OmniRtxDebugSettingsAPI_1,omni:rtx:rt:demoire,bool,1,True,[],,(deprecated carb setting path: '/rtx/raytracing/demoire'),/home/dillonb/DEV/db/Omnivore-work/ovrtx/ovrtx-0.5.0/ovrtx/bin/usd_plugins/rtx_settings/generatedSchema.usda,2360,schema_declared_not_runtime_verified
RTX schema,OmniRtxDebugSettingsAPI_1,omni:rtx:rt:demoireStrength,float,1,True,[],,(deprecated carb setting path: '/rtx/raytracing/demoireStrength'),/home/dillonb/DEV/db/Omnivore-work/ovrtx/ovrtx-0.5.0/ovrtx/bin/usd_plugins/rtx_settings/generatedSchema.usda,2363,schema_declared_not_runtime_verified
RTX schema,OmniRtxDebugSettingsAPI_1,omni:rtx:rt:demoireStrengthBias,float,0,True,[],,(deprecated carb setting path: '/rtx/raytracing/demoireStrengthBias'),/home/dillonb/DEV/db/Omnivore-work/ovrtx/ovrtx-0.5.0/ovrtx/bin/usd_plugins/rtx_settings/generatedSchema.usda,2366,schema_declared_not_runtime_verified
RTX schema,OmniRtxDebugSettingsAPI_1,omni:rtx:rt:fp32Target,bool,0,True,[],,(deprecated carb setting path: '/rtx/raytracing/fp32Target'),/home/dillonb/DEV/db/Omnivore-work/ovrtx/ovrtx-0.5.0/ovrtx/bin/usd_plugins/rtx_settings/generatedSchema.usda,2369,schema_declared_not_runtime_verified
RTX schema,OmniRtxDebugSettingsAPI_1,omni:rtx:rt:globalVolumetricEffects:enabled,bool,0,True,[],Global Volumetric Effects,(deprecated carb setting path: '/rtx/raytracing/globalVolumetricEffects/enabled'),/home/dillonb/DEV/db/Omnivore-work/ovrtx/ovrtx-0.5.0/ovrtx/bin/usd_plugins/rtx_settings/generatedSchema.usda,2372,schema_declared_not_runtime_verified
RTX schema,OmniRtxDebugSettingsAPI_1,omni:rtx:rt:globalVolumetricEffectsFullRes:enabled,bool,0,True,[],Full Resolution,(deprecated carb setting path: '/rtx/raytracing/globalVolumetricEffectsFullRes/enabled'),/home/dillonb/DEV/db/Omnivore-work/ovrtx/ovrtx-0.5.0/ovrtx/bin/usd_plugins/rtx_settings/generatedSchema.usda,2376,schema_declared_not_runtime_verified
RTX schema,OmniRtxDebugSettingsAPI_1,omni:rtx:rt:groundTruth:enabled,bool,0,True,[],Raytracing Ground Truth,(deprecated carb setting path: '/rtx/raytracing/groundTruth/enabled'),/home/dillonb/DEV/db/Omnivore-work/ovrtx/ovrtx-0.5.0/ovrtx/bin/usd_plugins/rtx_settings/generatedSchema.usda,2380,schema_declared_not_runtime_verified
RTX schema,OmniRtxDebugSettingsAPI_1,omni:rtx:rt:groundTruth:loopingFunc,int,0,True,[],,(deprecated carb setting path: '/rtx/raytracing/groundTruth/loopingFunc'),/home/dillonb/DEV/db/Omnivore-work/ovrtx/ovrtx-0.5.0/ovrtx/bin/usd_plugins/rtx_settings/generatedSchema.usda,2384,schema_declared_not_runtime_verified
RTX schema,OmniRtxDebugSettingsAPI_1,omni:rtx:rt:groundTruth:loopingHybridMax,int,8192,True,[],,(deprecated carb setting path: '/rtx/raytracing/groundTruth/loopingHybridMax'),/home/dillonb/DEV/db/Omnivore-work/ovrtx/ovrtx-0.5.0/ovrtx/bin/usd_plugins/rtx_settings/generatedSchema.usda,2387,schema_declared_not_runtime_verified
RTX schema,OmniRtxDebugSettingsAPI_1,omni:rtx:rt:groundTruth:resolution:width,int,1920,True,[],,(deprecated carb setting path: '/rtx/raytracing/groundTruth/resolution/width'),/home/dillonb/DEV/db/Omnivore-work/ovrtx/ovrtx-0.5.0/ovrtx/bin/usd_plugins/rtx_settings/generatedSchema.usda,2391,schema_declared_not_runtime_verified
RTX schema,OmniRtxDebugSettingsAPI_1,omni:rtx:rt:groundTruth:resolution:height,int,1080,True,[],,(deprecated carb setting path: '/rtx/raytracing/groundTruth/resolution/height'),/home/dillonb/DEV/db/Omnivore-work/ovrtx/ovrtx-0.5.0/ovrtx/bin/usd_plugins/rtx_settings/generatedSchema.usda,2394,schema_declared_not_runtime_verified
RTX schema,OmniRtxDebugSettingsAPI_1,omni:rtx:rt:groundTruth:accumulateInEvenHigherRes,bool,0,True,[],,(deprecated carb setting path: '/rtx/raytracing/groundTruth/accumulateInEvenHigherRes'),/home/dillonb/DEV/db/Omnivore-work/ovrtx/ovrtx-0.5.0/ovrtx/bin/usd_plugins/rtx_settings/generatedSchema.usda,2402,schema_declared_not_runtime_verified
RTX schema,OmniRtxDebugSettingsAPI_1,omni:rtx:rt:groundTruth:exportInEvenHigherRes,bool,0,True,[],,(deprecated carb setting path: '/rtx/raytracing/groundTruth/exportInEvenHigherRes'),/home/dillonb/DEV/db/Omnivore-work/ovrtx/ovrtx-0.5.0/ovrtx/bin/usd_plugins/rtx_settings/generatedSchema.usda,2405,schema_declared_not_runtime_verified
RTX schema,OmniRtxDebugSettingsAPI_1,omni:rtx:rt:iesTextureRes,int,1024,True,[],,(deprecated carb setting path: '/rtx/raytracing/iesTextureRes'),/home/dillonb/DEV/db/Omnivore-work/ovrtx/ovrtx-0.5.0/ovrtx/bin/usd_plugins/rtx_settings/generatedSchema.usda,2408,schema_declared_not_runtime_verified
RTX schema,OmniRtxDebugSettingsAPI_1,omni:rtx:rt:indexdirect:enabled,bool,1,True,[],,(deprecated carb setting path: '/rtx/raytracing/indexdirect/enabled'),/home/dillonb/DEV/db/Omnivore-work/ovrtx/ovrtx-0.5.0/ovrtx/bin/usd_plugins/rtx_settings/generatedSchema.usda,2411,schema_declared_not_runtime_verified
RTX schema,OmniRtxDebugSettingsAPI_1,omni:rtx:rt:indexdirect:NanoVDBCompression,token,"""None""",True,"[""None"", ""Fp4"", ""Fp8"", ""Fp16"", ""FpN""]",NanoVDBCompression,(deprecated carb setting path: '/rtx/raytracing/indexdirect/NanoVDBCompression'),/home/dillonb/DEV/db/Omnivore-work/ovrtx/ovrtx-0.5.0/ovrtx/bin/usd_plugins/rtx_settings/generatedSchema.usda,2414,schema_declared_not_runtime_verified
RTX schema,OmniRtxDebugSettingsAPI_1,omni:rtx:rt:indexdirect:NanoVDBCompressionDither,bool,1,True,[],,(deprecated carb setting path: '/rtx/raytracing/indexdirect/NanoVDBCompressionDither'),/home/dillonb/DEV/db/Omnivore-work/ovrtx/ovrtx-0.5.0/ovrtx/bin/usd_plugins/rtx_settings/generatedSchema.usda,2419,schema_declared_not_runtime_verified
RTX schema,OmniRtxDebugSettingsAPI_1,omni:rtx:rt:indexdirect:showDetailledMemoryInfo,bool,0,True,[],,(deprecated carb setting path: '/rtx/raytracing/indexdirect/showDetailledMemoryInfo'),/home/dillonb/DEV/db/Omnivore-work/ovrtx/ovrtx-0.5.0/ovrtx/bin/usd_plugins/rtx_settings/generatedSchema.usda,2422,schema_declared_not_runtime_verified
RTX schema,OmniRtxDebugSettingsAPI_1,omni:rtx:rt:indexdirect:svo:brickBorder,int,0,True,[],,(deprecated carb setting path: '/rtx/raytracing/indexdirect/svoBrickBorder'),/home/dillonb/DEV/db/Omnivore-work/ovrtx/ovrtx-0.5.0/ovrtx/bin/usd_plugins/rtx_settings/generatedSchema.usda,2425,schema_declared_not_runtime_verified
RTX schema,OmniRtxDebugSettingsAPI_1,omni:rtx:rt:indexdirect:svo:brickSize,int3,"(32, 32, 32)",True,[],,(deprecated carb setting path: '/rtx/raytracing/indexdirect/svoBrickSize'),/home/dillonb/DEV/db/Omnivore-work/ovrtx/ovrtx-0.5.0/ovrtx/bin/usd_plugins/rtx_settings/generatedSchema.usda,2428,schema_declared_not_runtime_verified
RTX schema,OmniRtxDebugSettingsAPI_1,omni:rtx:rt:indexdirect:volumeType,token,"""IndeXSVO""",True,"[""IndeXSVO"", ""NanoVDB""]",,(deprecated carb setting path: '/rtx/raytracing/indexdirect/volumeType'),/home/dillonb/DEV/db/Omnivore-work/ovrtx/ovrtx-0.5.0/ovrtx/bin/usd_plugins/rtx_settings/generatedSchema.usda,2431,schema_declared_not_runtime_verified
RTX schema,OmniRtxDebugSettingsAPI_1,omni:rtx:rt:inscattering:anisotropyFactor,float,0,True,[],Anisotropy Factor (g),(deprecated carb setting path: '/rtx/raytracing/inscattering/anisotropyFactor'),/home/dillonb/DEV/db/Omnivore-work/ovrtx/ovrtx-0.5.0/ovrtx/bin/usd_plugins/rtx_settings/generatedSchema.usda,2435,schema_declared_not_runtime_verified
RTX schema,OmniRtxDebugSettingsAPI_1,omni:rtx:rt:inscattering:atmosphereHeight,float,1000,True,[],Fog Height,(deprecated carb setting path: '/rtx/raytracing/inscattering/atmosphereHeight'),/home/dillonb/DEV/db/Omnivore-work/ovrtx/ovrtx-0.5.0/ovrtx/bin/usd_plugins/rtx_settings/generatedSchema.usda,2439,schema_declared_not_runtime_verified
RTX schema,OmniRtxDebugSettingsAPI_1,omni:rtx:rt:inscattering:blurSigma,float,1.2,True,[],Inscatter Blur Sigma,(deprecated carb setting path: '/rtx/raytracing/inscattering/blurSigma'),/home/dillonb/DEV/db/Omnivore-work/ovrtx/ovrtx-0.5.0/ovrtx/bin/usd_plugins/rtx_settings/generatedSchema.usda,2443,schema_declared_not_runtime_verified
RTX schema,OmniRtxDebugSettingsAPI_1,omni:rtx:rt:inscattering:debugMode,int,0,True,[],,(deprecated carb setting path: '/rtx/raytracing/inscattering/debugMode'),/home/dillonb/DEV/db/Omnivore-work/ovrtx/ovrtx-0.5.0/ovrtx/bin/usd_plugins/rtx_settings/generatedSchema.usda,2447,schema_declared_not_runtime_verified
RTX schema,OmniRtxDebugSettingsAPI_1,omni:rtx:rt:inscattering:debugProbeScale,float,0.1,True,[],,(deprecated carb setting path: '/rtx/raytracing/inscattering/debugProbeScale'),/home/dillonb/DEV/db/Omnivore-work/ovrtx/ovrtx-0.5.0/ovrtx/bin/usd_plugins/rtx_settings/generatedSchema.usda,2450,schema_declared_not_runtime_verified
RTX schema,OmniRtxDebugSettingsAPI_1,omni:rtx:rt:inscattering:debugVoxelIdxX,uint,0,True,[],,(deprecated carb setting path: '/rtx/raytracing/inscattering/debugVoxelIdxX'),/home/dillonb/DEV/db/Omnivore-work/ovrtx/ovrtx-0.5.0/ovrtx/bin/usd_plugins/rtx_settings/generatedSchema.usda,2453,schema_declared_not_runtime_verified
RTX schema,OmniRtxDebugSettingsAPI_1,omni:rtx:rt:inscattering:debugVoxelIdxY,uint,0,True,[],,(deprecated carb setting path: '/rtx/raytracing/inscattering/debugVoxelIdxY'),/home/dillonb/DEV/db/Omnivore-work/ovrtx/ovrtx-0.5.0/ovrtx/bin/usd_plugins/rtx_settings/generatedSchema.usda,2456,schema_declared_not_runtime_verified
RTX schema,OmniRtxDebugSettingsAPI_1,omni:rtx:rt:inscattering:debugVoxelIdxZ,uint,0,True,[],,(deprecated carb setting path: '/rtx/raytracing/inscattering/debugVoxelIdxZ'),/home/dillonb/DEV/db/Omnivore-work/ovrtx/ovrtx-0.5.0/ovrtx/bin/usd_plugins/rtx_settings/generatedSchema.usda,2459,schema_declared_not_runtime_verified
RTX schema,OmniRtxDebugSettingsAPI_1,omni:rtx:rt:inscattering:densityMult,float,1,True,[],Density Multiplier,(deprecated carb setting path: '/rtx/raytracing/inscattering/densityMult'),/home/dillonb/DEV/db/Omnivore-work/ovrtx/ovrtx-0.5.0/ovrtx/bin/usd_plugins/rtx_settings/generatedSchema.usda,2462,schema_declared_not_runtime_verified
RTX schema,OmniRtxDebugSettingsAPI_1,omni:rtx:rt:inscattering:depthSlices,int,96,True,[],Depth Slices Count,(deprecated carb setting path: '/rtx/raytracing/inscattering/depthSlices'),/home/dillonb/DEV/db/Omnivore-work/ovrtx/ovrtx-0.5.0/ovrtx/bin/usd_plugins/rtx_settings/generatedSchema.usda,2466,schema_declared_not_runtime_verified
RTX schema,OmniRtxDebugSettingsAPI_1,omni:rtx:rt:inscattering:detailNoiseScale,float,0.002,True,[],,(deprecated carb setting path: '/rtx/raytracing/inscattering/detailNoiseScale'),/home/dillonb/DEV/db/Omnivore-work/ovrtx/ovrtx-0.5.0/ovrtx/bin/usd_plugins/rtx_settings/generatedSchema.usda,2470,schema_declared_not_runtime_verified
RTX schema,OmniRtxDebugSettingsAPI_1,omni:rtx:rt:inscattering:ditheringScale,float,10,True,[],Inscatter Dithering Scale,(deprecated carb setting path: '/rtx/raytracing/inscattering/ditheringScale'),/home/dillonb/DEV/db/Omnivore-work/ovrtx/ovrtx-0.5.0/ovrtx/bin/usd_plugins/rtx_settings/generatedSchema.usda,2473,schema_declared_not_runtime_verified
RTX schema,OmniRtxDebugSettingsAPI_1,omni:rtx:rt:inscattering:flowDensityOffset,float,1,True,[],   Density Offset,(deprecated carb setting path: '/rtx/raytracing/inscattering/flowDensityOffset'),/home/dillonb/DEV/db/Omnivore-work/ovrtx/ovrtx-0.5.0/ovrtx/bin/usd_plugins/rtx_settings/generatedSchema.usda,2477,schema_declared_not_runtime_verified
RTX schema,OmniRtxDebugSettingsAPI_1,omni:rtx:rt:inscattering:flowDensityScale,float,250,True,[],   Density Scale,(deprecated carb setting path: '/rtx/raytracing/inscattering/flowDensityScale'),/home/dillonb/DEV/db/Omnivore-work/ovrtx/ovrtx-0.5.0/ovrtx/bin/usd_plugins/rtx_settings/generatedSchema.usda,2481,schema_declared_not_runtime_verified
RTX schema,OmniRtxDebugSettingsAPI_1,omni:rtx:rt:inscattering:flowSampling:enabled,int,0,True,[],Flow Sampling,(deprecated carb setting path: '/rtx/raytracing/inscattering/enableFlowSampling'),/home/dillonb/DEV/db/Omnivore-work/ovrtx/ovrtx-0.5.0/ovrtx/bin/usd_plugins/rtx_settings/generatedSchema.usda,2485,schema_declared_not_runtime_verified
RTX schema,OmniRtxDebugSettingsAPI_1,omni:rtx:rt:inscattering:inscatterUpsample,int,1,True,[],Inscatter Upsample,(deprecated carb setting path: '/rtx/raytracing/inscattering/inscatterUpsample'),/home/dillonb/DEV/db/Omnivore-work/ovrtx/ovrtx-0.5.0/ovrtx/bin/usd_plugins/rtx_settings/generatedSchema.usda,2489,schema_declared_not_runtime_verified
RTX schema,OmniRtxDebugSettingsAPI_1,omni:rtx:rt:inscattering:lowPassFilter:enabled,bool,1,True,[],Inscattering LowPass Filter,(deprecated carb setting path: '/rtx/raytracing/inscattering/enableLowPassFilter'),/home/dillonb/DEV/db/Omnivore-work/ovrtx/ovrtx-0.5.0/ovrtx/bin/usd_plugins/rtx_settings/generatedSchema.usda,2493,schema_declared_not_runtime_verified
RTX schema,OmniRtxDebugSettingsAPI_1,omni:rtx:rt:inscattering:maxAccumulationFrames,int,128,True,[],Accumulation Frames,(deprecated carb setting path: '/rtx/raytracing/inscattering/maxAccumulationFrames'),/home/dillonb/DEV/db/Omnivore-work/ovrtx/ovrtx-0.5.0/ovrtx/bin/usd_plugins/rtx_settings/generatedSchema.usda,2497,schema_declared_not_runtime_verified
RTX schema,OmniRtxDebugSettingsAPI_1,omni:rtx:rt:inscattering:maxDistance,float,50000,True,[],Maximum inscattering Distance,(deprecated carb setting path: '/rtx/raytracing/inscattering/maxDistance'),/home/dillonb/DEV/db/Omnivore-work/ovrtx/ovrtx-0.5.0/ovrtx/bin/usd_plugins/rtx_settings/generatedSchema.usda,2501,schema_declared_not_runtime_verified
RTX schema,OmniRtxDebugSettingsAPI_1,omni:rtx:rt:inscattering:maxFlowLayer,int,100,True,[],   Max Layer,(deprecated carb setting path: '/rtx/raytracing/inscattering/maxFlowLayer'),/home/dillonb/DEV/db/Omnivore-work/ovrtx/ovrtx-0.5.0/ovrtx/bin/usd_plugins/rtx_settings/generatedSchema.usda,2505,schema_declared_not_runtime_verified
RTX schema,OmniRtxDebugSettingsAPI_1,omni:rtx:rt:inscattering:maxRTSampleUnexposedIntensity,float,204800,True,[],,(deprecated carb setting path: '/rtx/raytracing/inscattering/maxRTSampleUnexposedIntensity'),/home/dillonb/DEV/db/Omnivore-work/ovrtx/ovrtx-0.5.0/ovrtx/bin/usd_plugins/rtx_settings/generatedSchema.usda,2509,schema_declared_not_runtime_verified
RTX schema,OmniRtxDebugSettingsAPI_1,omni:rtx:rt:inscattering:minFlowLayer,int,0,True,[],   Min Layer,(deprecated carb setting path: '/rtx/raytracing/inscattering/minFlowLayer'),/home/dillonb/DEV/db/Omnivore-work/ovrtx/ovrtx-0.5.0/ovrtx/bin/usd_plugins/rtx_settings/generatedSchema.usda,2512,schema_declared_not_runtime_verified
RTX schema,OmniRtxDebugSettingsAPI_1,omni:rtx:rt:inscattering:noiseAnimationSpeedX,float,0,True,[],,(deprecated carb setting path: '/rtx/raytracing/inscattering/noiseAnimationSpeedX'),/home/dillonb/DEV/db/Omnivore-work/ovrtx/ovrtx-0.5.0/ovrtx/bin/usd_plugins/rtx_settings/generatedSchema.usda,2516,schema_declared_not_runtime_verified
RTX schema,OmniRtxDebugSettingsAPI_1,omni:rtx:rt:inscattering:noiseAnimationSpeedY,float,0,True,[],,(deprecated carb setting path: '/rtx/raytracing/inscattering/noiseAnimationSpeedY'),/home/dillonb/DEV/db/Omnivore-work/ovrtx/ovrtx-0.5.0/ovrtx/bin/usd_plugins/rtx_settings/generatedSchema.usda,2519,schema_declared_not_runtime_verified
RTX schema,OmniRtxDebugSettingsAPI_1,omni:rtx:rt:inscattering:noiseAnimationSpeedZ,float,0,True,[],,(deprecated carb setting path: '/rtx/raytracing/inscattering/noiseAnimationSpeedZ'),/home/dillonb/DEV/db/Omnivore-work/ovrtx/ovrtx-0.5.0/ovrtx/bin/usd_plugins/rtx_settings/generatedSchema.usda,2522,schema_declared_not_runtime_verified
RTX schema,OmniRtxDebugSettingsAPI_1,omni:rtx:rt:inscattering:noiseNumOctaves,uint,4,True,[],,(deprecated carb setting path: '/rtx/raytracing/inscattering/noiseNumOctaves'),/home/dillonb/DEV/db/Omnivore-work/ovrtx/ovrtx-0.5.0/ovrtx/bin/usd_plugins/rtx_settings/generatedSchema.usda,2525,schema_declared_not_runtime_verified
RTX schema,OmniRtxDebugSettingsAPI_1,omni:rtx:rt:inscattering:noiseScaleRangeMax,float,1,True,[],,(deprecated carb setting path: '/rtx/raytracing/inscattering/noiseScaleRangeMax'),/home/dillonb/DEV/db/Omnivore-work/ovrtx/ovrtx-0.5.0/ovrtx/bin/usd_plugins/rtx_settings/generatedSchema.usda,2528,schema_declared_not_runtime_verified
RTX schema,OmniRtxDebugSettingsAPI_1,omni:rtx:rt:inscattering:noiseScaleRangeMin,float,0,True,[],,(deprecated carb setting path: '/rtx/raytracing/inscattering/noiseScaleRangeMin'),/home/dillonb/DEV/db/Omnivore-work/ovrtx/ovrtx-0.5.0/ovrtx/bin/usd_plugins/rtx_settings/generatedSchema.usda,2531,schema_declared_not_runtime_verified
RTX schema,OmniRtxDebugSettingsAPI_1,omni:rtx:rt:inscattering:pixelRatio,int,8,True,[],Pixel Density,(deprecated carb setting path: '/rtx/raytracing/inscattering/pixelRatio'),/home/dillonb/DEV/db/Omnivore-work/ovrtx/ovrtx-0.5.0/ovrtx/bin/usd_plugins/rtx_settings/generatedSchema.usda,2534,schema_declared_not_runtime_verified
RTX schema,OmniRtxDebugSettingsAPI_1,omni:rtx:rt:inscattering:singleScatteringAlbedo,color3f,"(0.9, 0.9, 0.9)",True,[],Single Scattering Albedo,(deprecated carb setting path: '/rtx/raytracing/inscattering/singleScatteringAlbedo'),/home/dillonb/DEV/db/Omnivore-work/ovrtx/ovrtx-0.5.0/ovrtx/bin/usd_plugins/rtx_settings/generatedSchema.usda,2538,schema_declared_not_runtime_verified
RTX schema,OmniRtxDebugSettingsAPI_1,omni:rtx:rt:inscattering:sliceDistributionExponent,float,3,True,[],Slice Distribution Exponent,(deprecated carb setting path: '/rtx/raytracing/inscattering/sliceDistributionExponent'),/home/dillonb/DEV/db/Omnivore-work/ovrtx/ovrtx-0.5.0/ovrtx/bin/usd_plugins/rtx_settings/generatedSchema.usda,2542,schema_declared_not_runtime_verified
RTX schema,OmniRtxDebugSettingsAPI_1,omni:rtx:rt:inscattering:spatialJitterScale,float,1,True,[],Spatial Sample Jittering Scale,(deprecated carb setting path: '/rtx/raytracing/inscattering/spatialJitterScale'),/home/dillonb/DEV/db/Omnivore-work/ovrtx/ovrtx-0.5.0/ovrtx/bin/usd_plugins/rtx_settings/generatedSchema.usda,2546,schema_declared_not_runtime_verified
RTX schema,OmniRtxDebugSettingsAPI_1,omni:rtx:rt:inscattering:temporalJitterScale,float,0.5,True,[],Temporal Reprojection Jittering Scale,(deprecated carb setting path: '/rtx/raytracing/inscattering/temporalJitterScale'),/home/dillonb/DEV/db/Omnivore-work/ovrtx/ovrtx-0.5.0/ovrtx/bin/usd_plugins/rtx_settings/generatedSchema.usda,2550,schema_declared_not_runtime_verified
RTX schema,OmniRtxDebugSettingsAPI_1,omni:rtx:rt:inscattering:transmittanceColor,color3f,"(0.5, 0.5, 0.5)",True,[],Transmittance Color,(deprecated carb setting path: '/rtx/raytracing/inscattering/transmittanceColor'),/home/dillonb/DEV/db/Omnivore-work/ovrtx/ovrtx-0.5.0/ovrtx/bin/usd_plugins/rtx_settings/generatedSchema.usda,2554,schema_declared_not_runtime_verified
RTX schema,OmniRtxDebugSettingsAPI_1,omni:rtx:rt:inscattering:transmittanceMeasurementDistance,float,10000,True,[],Transmittance Measurment Distance,(deprecated carb setting path: '/rtx/raytracing/inscattering/transmittanceMeasurementDistance'),/home/dillonb/DEV/db/Omnivore-work/ovrtx/ovrtx-0.5.0/ovrtx/bin/usd_plugins/rtx_settings/generatedSchema.usda,2558,schema_declared_not_runtime_verified
RTX schema,OmniRtxDebugSettingsAPI_1,omni:rtx:rt:inscattering:use32bitPrecision,int,0,True,[],Use 32-bit Precision,(deprecated carb setting path: '/rtx/raytracing/inscattering/use32bitPrecision'),/home/dillonb/DEV/db/Omnivore-work/ovrtx/ovrtx-0.5.0/ovrtx/bin/usd_plugins/rtx_settings/generatedSchema.usda,2562,schema_declared_not_runtime_verified
RTX schema,OmniRtxDebugSettingsAPI_1,omni:rtx:rt:inscattering:useDetailNoise,bool,0,True,[],Apply Density Noise,(deprecated carb setting path: '/rtx/raytracing/inscattering/useDetailNoise'),/home/dillonb/DEV/db/Omnivore-work/ovrtx/ovrtx-0.5.0/ovrtx/bin/usd_plugins/rtx_settings/generatedSchema.usda,2566,schema_declared_not_runtime_verified
RTX schema,OmniRtxDebugSettingsAPI_1,omni:rtx:rt:picking:minExtent,int,5,True,[],,(deprecated carb setting path: '/rtx/raytracing/picking/minExtent'),/home/dillonb/DEV/db/Omnivore-work/ovrtx/ovrtx-0.5.0/ovrtx/bin/usd_plugins/rtx_settings/generatedSchema.usda,2570,schema_declared_not_runtime_verified
RTX schema,OmniRtxDebugSettingsAPI_1,omni:rtx:rt:procedural:binderIntersector,bool,0,True,[],,(deprecated carb setting path: '/rtx/raytracing/procedural/binderIntersector'),/home/dillonb/DEV/db/Omnivore-work/ovrtx/ovrtx-0.5.0/ovrtx/bin/usd_plugins/rtx_settings/generatedSchema.usda,2573,schema_declared_not_runtime_verified
RTX schema,OmniRtxDebugSettingsAPI_1,omni:rtx:rt:radianceClamp,float,0,True,[],,(deprecated carb setting path: '/rtx/lightspeed/lighting/radianceClamp'),/home/dillonb/DEV/db/Omnivore-work/ovrtx/ovrtx-0.5.0/ovrtx/bin/usd_plugins/rtx_settings/generatedSchema.usda,2576,schema_declared_not_runtime_verified
RTX schema,OmniRtxDebugSettingsAPI_1,omni:rtx:rt:subpixel:filterRadius,float,0.5,True,[],,(deprecated carb setting path: '/rtx/raytracing/subpixel/filterRadius'),/home/dillonb/DEV/db/Omnivore-work/ovrtx/ovrtx-0.5.0/ovrtx/bin/usd_plugins/rtx_settings/generatedSchema.usda,2579,schema_declared_not_runtime_verified
RTX schema,OmniRtxDebugSettingsAPI_1,omni:rtx:rt:subpixel:mode,token,"""box""",True,"[""box"", ""triangle"", ""gaussian""]",,(deprecated carb setting path: '/rtx/raytracing/subpixel/mode'),/home/dillonb/DEV/db/Omnivore-work/ovrtx/ovrtx-0.5.0/ovrtx/bin/usd_plugins/rtx_settings/generatedSchema.usda,2582,schema_declared_not_runtime_verified
RTX schema,OmniRtxDebugSettingsAPI_1,omni:rtx:rt:subpixel:modulateRndSequence,bool,1,True,[],,(deprecated carb setting path: '/rtx/raytracing/subpixel/modulateRndSequence'),/home/dillonb/DEV/db/Omnivore-work/ovrtx/ovrtx-0.5.0/ovrtx/bin/usd_plugins/rtx_settings/generatedSchema.usda,2586,schema_declared_not_runtime_verified
RTX schema,OmniRtxDebugSettingsAPI_1,omni:rtx:rt:subpixel:uniformSubpixelJittering,bool,1,True,[],,(deprecated carb setting path: '/rtx/raytracing/subpixel/uniformSubpixelJittering'),/home/dillonb/DEV/db/Omnivore-work/ovrtx/ovrtx-0.5.0/ovrtx/bin/usd_plugins/rtx_settings/generatedSchema.usda,2589,schema_declared_not_runtime_verified
RTX schema,OmniRtxDebugSettingsAPI_1,omni:rtx:rt:subsurface:denoiser:enabled,bool,0,True,[],Subsurface Denoising,(deprecated carb setting path: '/rtx/raytracing/subsurface/denoiser/enabled'),/home/dillonb/DEV/db/Omnivore-work/ovrtx/ovrtx-0.5.0/ovrtx/bin/usd_plugins/rtx_settings/generatedSchema.usda,2592,schema_declared_not_runtime_verified
RTX schema,OmniRtxDebugSettingsAPI_1,omni:rtx:rt:subsurface:historyWeight,float,0.1,True,[],,(deprecated carb setting path: '/rtx/raytracing/subsurface/historyWeight'),/home/dillonb/DEV/db/Omnivore-work/ovrtx/ovrtx-0.5.0/ovrtx/bin/usd_plugins/rtx_settings/generatedSchema.usda,2596,schema_declared_not_runtime_verified
RTX schema,OmniRtxDebugSettingsAPI_1,omni:rtx:rt:subsurface:shadowRayThreshold,float,0,True,[],,(deprecated carb setting path: '/rtx/raytracing/subsurface/shadowRayThreshold'),/home/dillonb/DEV/db/Omnivore-work/ovrtx/ovrtx-0.5.0/ovrtx/bin/usd_plugins/rtx_settings/generatedSchema.usda,2599,schema_declared_not_runtime_verified
RTX schema,OmniRtxDebugSettingsAPI_1,omni:rtx:rt:subsurface:targetVariance,float,0.01,True,[],,(deprecated carb setting path: '/rtx/raytracing/subsurface/targetVariance'),/home/dillonb/DEV/db/Omnivore-work/ovrtx/ovrtx-0.5.0/ovrtx/bin/usd_plugins/rtx_settings/generatedSchema.usda,2602,schema_declared_not_runtime_verified
RTX schema,OmniRtxDebugSettingsAPI_1,omni:rtx:rt:subsurface:transmission:denoiser:enabled,bool,1,True,[],Subsurface Transmission Denoising,(deprecated carb setting path: '/rtx/raytracing/subsurface/transmission/denoiser/enabled'),/home/dillonb/DEV/db/Omnivore-work/ovrtx/ovrtx-0.5.0/ovrtx/bin/usd_plugins/rtx_settings/generatedSchema.usda,2605,schema_declared_not_runtime_verified
RTX schema,OmniRtxDebugSettingsAPI_1,omni:rtx:rt:subsurface:transmission:halfResolutionBackfaceLighting,bool,1,True,[],Half-Resolution Rendering,Enables rendering transmission in half-resolution to improve performance at the expense of quality. (deprecated carb setting path: '/rtx/raytracing/subsurface/transmission/halfResolutionBackfaceLighting'),/home/dillonb/DEV/db/Omnivore-work/ovrtx/ovrtx-0.5.0/ovrtx/bin/usd_plugins/rtx_settings/generatedSchema.usda,2609,schema_declared_not_runtime_verified
RTX schema,OmniRtxDebugSettingsAPI_1,omni:rtx:rt:subsurface:transmission:ReSTIR:enabled,bool,0,True,[],Sample Guiding,"Enables transmission sample guiding, which may help with complex lighting scenarios. (deprecated carb setting path: '/rtx/raytracing/subsurface/transmission/ReSTIR/enabled')",/home/dillonb/DEV/db/Omnivore-work/ovrtx/ovrtx-0.5.0/ovrtx/bin/usd_plugins/rtx_settings/generatedSchema.usda,2614,schema_declared_not_runtime_verified
RTX schema,OmniRtxDebugSettingsAPI_1,omni:rtx:rt:subsurface:transmission:screenSpaceFallbackThresholdScale,float,0.1,True,[],Screen-Space Fallback Threshold,Transmission threshold for screen-space fallback. (deprecated carb setting path: '/rtx/raytracing/subsurface/transmission/screenSpaceFallbackThresholdScale'),/home/dillonb/DEV/db/Omnivore-work/ovrtx/ovrtx-0.5.0/ovrtx/bin/usd_plugins/rtx_settings/generatedSchema.usda,2619,schema_declared_not_runtime_verified
RTX schema,OmniRtxDebugSettingsAPI_1,omni:rtx:rtpt:ris:meshLights,bool,0,True,[],Enable RTPT mesh light sampling,(deprecated carb setting path: '/rtx/rtpt/ris/meshLights'),/home/dillonb/DEV/db/Omnivore-work/ovrtx/ovrtx-0.5.0/ovrtx/bin/usd_plugins/rtx_settings/generatedSchema.usda,2624,schema_declared_not_runtime_verified
RTX schema,OmniRtxDebugSettingsAPI_1,omni:rtx:rtpt:meshLights:risCount,int,1,True,[],Ris samples per light sample,(deprecated carb setting path: '/rtx/rtpt/meshLights/risCount'),/home/dillonb/DEV/db/Omnivore-work/ovrtx/ovrtx-0.5.0/ovrtx/bin/usd_plugins/rtx_settings/generatedSchema.usda,2628,schema_declared_not_runtime_verified
RTX schema,OmniRtxDebugSettingsAPI_1,omni:rtx:rtpt:subsurface:indirectHitInfo:enabled,bool,1,True,[],,(deprecated carb setting path: '/rtx/rtpt/subsurface/indirectHitInfo/enabled'),/home/dillonb/DEV/db/Omnivore-work/ovrtx/ovrtx-0.5.0/ovrtx/bin/usd_plugins/rtx_settings/generatedSchema.usda,2632,schema_declared_not_runtime_verified
RTX schema,OmniRtxDebugSettingsAPI_1,omni:rtx:rtpt:splitGlass,bool,1,True,[],,(deprecated carb setting path: '/rtx/rtpt/splitGlass'),/home/dillonb/DEV/db/Omnivore-work/ovrtx/ovrtx-0.5.0/ovrtx/bin/usd_plugins/rtx_settings/generatedSchema.usda,2635,schema_declared_not_runtime_verified
RTX schema,OmniRtxDebugSettingsAPI_1,omni:rtx:rtpt:splitClearcoat,bool,1,True,[],,(deprecated carb setting path: '/rtx/rtpt/splitClearcoat'),/home/dillonb/DEV/db/Omnivore-work/ovrtx/ovrtx-0.5.0/ovrtx/bin/usd_plugins/rtx_settings/generatedSchema.usda,2638,schema_declared_not_runtime_verified
RTX schema,OmniRtxDebugSettingsAPI_1,omni:rtx:rtpt:splitRoughReflection,bool,1,True,[],,(deprecated carb setting path: '/rtx/rtpt/splitRoughReflection'),/home/dillonb/DEV/db/Omnivore-work/ovrtx/ovrtx-0.5.0/ovrtx/bin/usd_plugins/rtx_settings/generatedSchema.usda,2641,schema_declared_not_runtime_verified
RTX schema,OmniRtxDebugSettingsAPI_1,omni:rtx:rtpt:translucency:virtualMotion:enabled,bool,1,True,[],,(deprecated carb setting path: '/rtx/rtpt/translucency/virtualMotion/enabled'),/home/dillonb/DEV/db/Omnivore-work/ovrtx/ovrtx-0.5.0/ovrtx/bin/usd_plugins/rtx_settings/generatedSchema.usda,2644,schema_declared_not_runtime_verified
RTX schema,OmniRtxDebugSettingsAPI_1,omni:rtx:rtpt:fireflyFilter:enabled,bool,1,True,[],,(deprecated carb setting path: '/rtx/rtpt/fireflyFilter/enabled'),/home/dillonb/DEV/db/Omnivore-work/ovrtx/ovrtx-0.5.0/ovrtx/bin/usd_plugins/rtx_settings/generatedSchema.usda,2649,schema_declared_not_runtime_verified
RTX schema,OmniRtxDebugSettingsAPI_1,omni:rtx:rtpt:fireflyFilter:maxUnexposedIntensityPerSample,float,3200,True,[],,(deprecated carb setting path: '/rtx/rtpt/fireflyFilter/maxUnexposedIntensityPerSample'),/home/dillonb/DEV/db/Omnivore-work/ovrtx/ovrtx-0.5.0/ovrtx/bin/usd_plugins/rtx_settings/generatedSchema.usda,2652,schema_declared_not_runtime_verified
RTX schema,OmniRtxDebugSettingsAPI_1,omni:rtx:rtpt:fireflyFilter:maxUnexposedIntensityPerSampleDiffuse,float,3200,True,[],,(deprecated carb setting path: '/rtx/rtpt/fireflyFilter/maxUnexposedIntensityPerSampleDiffuse'),/home/dillonb/DEV/db/Omnivore-work/ovrtx/ovrtx-0.5.0/ovrtx/bin/usd_plugins/rtx_settings/generatedSchema.usda,2655,schema_declared_not_runtime_verified
RTX schema,OmniRtxDebugSettingsAPI_1,omni:rtx:rtpt:fireflyFilter:maxPerEmissiveUnexposedIntensity,float,3200,True,[],,(deprecated carb setting path: '/rtx/rtpt/fireflyFilter/maxPerEmissiveUnexposedIntensity'),/home/dillonb/DEV/db/Omnivore-work/ovrtx/ovrtx-0.5.0/ovrtx/bin/usd_plugins/rtx_settings/generatedSchema.usda,2658,schema_declared_not_runtime_verified
RTX schema,OmniRtxDebugSettingsAPI_1,omni:rtx:rtpt:splittingRoughnessThreshold,float,0.3,True,[],,(deprecated carb setting path: '/rtx/rtpt/splittingRoughnessThreshold'),/home/dillonb/DEV/db/Omnivore-work/ovrtx/ovrtx-0.5.0/ovrtx/bin/usd_plugins/rtx_settings/generatedSchema.usda,2663,schema_declared_not_runtime_verified
RTX schema,OmniRtxDebugSettingsAPI_1,omni:rtx:rtpt:splitRateRoughReflection,float,0.75,True,[],,(deprecated carb setting path: '/rtx/rtpt/splitRateRoughReflection'),/home/dillonb/DEV/db/Omnivore-work/ovrtx/ovrtx-0.5.0/ovrtx/bin/usd_plugins/rtx_settings/generatedSchema.usda,2666,schema_declared_not_runtime_verified
RTX schema,OmniRtxDebugSettingsAPI_1,omni:rtx:rtpt:modulatingRoughnessThreshold,float,0.04,True,[],,(deprecated carb setting path: '/rtx/rtpt/modulatingRoughnessThreshold'),/home/dillonb/DEV/db/Omnivore-work/ovrtx/ovrtx-0.5.0/ovrtx/bin/usd_plugins/rtx_settings/generatedSchema.usda,2669,schema_declared_not_runtime_verified
RTX schema,OmniRtxDebugSettingsAPI_1,omni:rtx:rtpt:spp,int,1,True,[],,(deprecated carb setting path: '/rtx/rtpt/spp'),/home/dillonb/DEV/db/Omnivore-work/ovrtx/ovrtx-0.5.0/ovrtx/bin/usd_plugins/rtx_settings/generatedSchema.usda,2673,schema_declared_not_runtime_verified
RTX schema,OmniRtxDebugSettingsAPI_1,omni:rtx:rtpt:maxBounces,uint,3,True,[],,(deprecated carb setting path: '/rtx/rtpt/maxBounces'),/home/dillonb/DEV/db/Omnivore-work/ovrtx/ovrtx-0.5.0/ovrtx/bin/usd_plugins/rtx_settings/generatedSchema.usda,2676,schema_declared_not_runtime_verified
RTX schema,OmniRtxDebugSettingsAPI_1,omni:rtx:rtpt:extraSpecularAndTransmissiveBounces,uint,0,True,[],Extra specular and transmissive bounces,Additional bounce budget available to specular reflections and any transmissive paths. (deprecated carb setting path: '/rtx/rtpt/extraSpecularAndTransmissiveBounces'),/home/dillonb/DEV/db/Omnivore-work/ovrtx/ovrtx-0.5.0/ovrtx/bin/usd_plugins/rtx_settings/generatedSchema.usda,2679,schema_declared_not_runtime_verified
RTX schema,OmniRtxDebugSettingsAPI_1,omni:rtx:rtpt:maxVolumeBounces,uint,3,True,[],,(deprecated carb setting path: '/rtx/rtpt/maxVolumeBounces'),/home/dillonb/DEV/db/Omnivore-work/ovrtx/ovrtx-0.5.0/ovrtx/bin/usd_plugins/rtx_settings/generatedSchema.usda,2684,schema_declared_not_runtime_verified
RTX schema,OmniRtxDebugSettingsAPI_1,omni:rtx:rtpt:usePathSplitting,bool,1,True,[],,(deprecated carb setting path: '/rtx/rtpt/usePathSplitting'),/home/dillonb/DEV/db/Omnivore-work/ovrtx/ovrtx-0.5.0/ovrtx/bin/usd_plugins/rtx_settings/generatedSchema.usda,2688,schema_declared_not_runtime_verified
RTX schema,OmniRtxDebugSettingsAPI_1,omni:rtx:rtpt:cached:jitterScale,float,2,True,[],,(deprecated carb setting path: '/rtx/rtpt/cached/jitterScale'),/home/dillonb/DEV/db/Omnivore-work/ovrtx/ovrtx-0.5.0/ovrtx/bin/usd_plugins/rtx_settings/generatedSchema.usda,2691,schema_declared_not_runtime_verified
RTX schema,OmniRtxDebugSettingsAPI_1,omni:rtx:rtpt:cached:maxBounces,int,4,True,[],,(deprecated carb setting path: '/rtx/rtpt/cached/maxBounces'),/home/dillonb/DEV/db/Omnivore-work/ovrtx/ovrtx-0.5.0/ovrtx/bin/usd_plugins/rtx_settings/generatedSchema.usda,2694,schema_declared_not_runtime_verified
RTX schema,OmniRtxDebugSettingsAPI_1,omni:rtx:rtpt:cached:pstf:tileSize,int,5,True,[],,(deprecated carb setting path: '/rtx/rtpt/cached/pstfTileSize'),/home/dillonb/DEV/db/Omnivore-work/ovrtx/ovrtx-0.5.0/ovrtx/bin/usd_plugins/rtx_settings/generatedSchema.usda,2697,schema_declared_not_runtime_verified
RTX schema,OmniRtxDebugSettingsAPI_1,omni:rtx:rtpt:cached:separateCacheUpdate,bool,1,True,[],,(deprecated carb setting path: '/rtx/rtpt/cached/separateCacheUpdate'),/home/dillonb/DEV/db/Omnivore-work/ovrtx/ovrtx-0.5.0/ovrtx/bin/usd_plugins/rtx_settings/generatedSchema.usda,2700,schema_declared_not_runtime_verified
RTX schema,OmniRtxDebugSettingsAPI_1,omni:rtx:rtpt:cached:separatePassCacheUpdate,bool,1,True,[],,(deprecated carb setting path: '/rtx/rtpt/cached/separatePassCacheUpdate'),/home/dillonb/DEV/db/Omnivore-work/ovrtx/ovrtx-0.5.0/ovrtx/bin/usd_plugins/rtx_settings/generatedSchema.usda,2703,schema_declared_not_runtime_verified
RTX schema,OmniRtxDebugSettingsAPI_1,omni:rtx:rtpt:cached:terminatePathOnFirstDiffuseHit,bool,1,True,[],,(deprecated carb setting path: '/rtx/rtpt/cached/terminatePathOnFirstDiffuseHit'),/home/dillonb/DEV/db/Omnivore-work/ovrtx/ovrtx-0.5.0/ovrtx/bin/usd_plugins/rtx_settings/generatedSchema.usda,2706,schema_declared_not_runtime_verified
RTX schema,OmniRtxDebugSettingsAPI_1,omni:rtx:rtpt:cached:updateSampleCount,int,1,True,[],,(deprecated carb setting path: '/rtx/rtpt/cached/updateSampleCount'),/home/dillonb/DEV/db/Omnivore-work/ovrtx/ovrtx-0.5.0/ovrtx/bin/usd_plugins/rtx_settings/generatedSchema.usda,2709,schema_declared_not_runtime_verified
RTX schema,OmniRtxDebugSettingsAPI_1,omni:rtx:rtpt:cached:useDirectionalBinningHash,bool,0,True,[],,(deprecated carb setting path: '/rtx/rtpt/cached/useDirectionalBinningHash'),/home/dillonb/DEV/db/Omnivore-work/ovrtx/ovrtx-0.5.0/ovrtx/bin/usd_plugins/rtx_settings/generatedSchema.usda,2712,schema_declared_not_runtime_verified
RTX schema,OmniRtxDebugSettingsAPI_1,omni:rtx:rtpt:maxRoughness,float,0.3,True,[],,(deprecated carb setting path: '/rtx/rtpt/maxRoughness'),/home/dillonb/DEV/db/Omnivore-work/ovrtx/ovrtx-0.5.0/ovrtx/bin/usd_plugins/rtx_settings/generatedSchema.usda,2715,schema_declared_not_runtime_verified
RTX schema,OmniRtxDebugSettingsAPI_1,omni:rtx:rtpt:rtCompatibility,bool,0,True,[],,(deprecated carb setting path: '/rtx/rtpt/rtCompatibility'),/home/dillonb/DEV/db/Omnivore-work/ovrtx/ovrtx-0.5.0/ovrtx/bin/usd_plugins/rtx_settings/generatedSchema.usda,2718,schema_declared_not_runtime_verified
RTX schema,OmniRtxDebugSettingsAPI_1,omni:rtx:rtpt:subsurface:randomWalk:enabled,bool,0,True,[],Enable Random Walk SSS,(deprecated carb setting path: '/rtx/rtpt/subsurface/randomWalk/enabled'),/home/dillonb/DEV/db/Omnivore-work/ovrtx/ovrtx-0.5.0/ovrtx/bin/usd_plugins/rtx_settings/generatedSchema.usda,2721,schema_declared_not_runtime_verified
RTX schema,OmniRtxDebugSettingsAPI_1,omni:rtx:rtpt:cfgpuCameraJitter,bool,1,True,[],Enable CFGPU Camera Jitter for RTPT,,/home/dillonb/DEV/db/Omnivore-work/ovrtx/ovrtx-0.5.0/ovrtx/bin/usd_plugins/rtx_settings/generatedSchema.usda,2725,schema_declared_not_runtime_verified
RTX schema,OmniRtxDebugSettingsAPI_1,omni:rtx:sampledLighting:maxShadowRays,int,8,True,[],,(deprecated carb setting path: '/rtx/sampledLighting/maxShadowRays'),/home/dillonb/DEV/db/Omnivore-work/ovrtx/ovrtx-0.5.0/ovrtx/bin/usd_plugins/rtx_settings/generatedSchema.usda,2728,schema_declared_not_runtime_verified
RTX schema,OmniRtxDebugSettingsAPI_1,omni:rtx:scene:compaction:enabled,bool,1,True,[],SceneDB Compaction,(deprecated carb setting path: '/rtx/scenedb/compaction/enabled'),/home/dillonb/DEV/db/Omnivore-work/ovrtx/ovrtx-0.5.0/ovrtx/bin/usd_plugins/rtx_settings/generatedSchema.usda,2731,schema_declared_not_runtime_verified
RTX schema,OmniRtxDebugSettingsAPI_1,omni:rtx:scene:cudaInterop:enabled,bool,0,True,[],Cuda Interop,(deprecated carb setting path: '/rtx/scenedb/cudaInterop/enabled'),/home/dillonb/DEV/db/Omnivore-work/ovrtx/ovrtx-0.5.0/ovrtx/bin/usd_plugins/rtx_settings/generatedSchema.usda,2735,schema_declared_not_runtime_verified
RTX schema,OmniRtxDebugSettingsAPI_1,omni:rtx:scene:domeLight:sdiio:enabled,bool,0,True,[],DomeLight SDIIO,(deprecated carb setting path: '/rtx/scenedb/domeLight/sdiio/enabled'),/home/dillonb/DEV/db/Omnivore-work/ovrtx/ovrtx-0.5.0/ovrtx/bin/usd_plugins/rtx_settings/generatedSchema.usda,2739,schema_declared_not_runtime_verified
RTX schema,OmniRtxDebugSettingsAPI_1,omni:rtx:scene:forceSingleDomeLight,bool,0,True,[],Force Single Dome Light,(deprecated carb setting path: '/rtx/scenedb/forceSingleDomeLight'),/home/dillonb/DEV/db/Omnivore-work/ovrtx/ovrtx-0.5.0/ovrtx/bin/usd_plugins/rtx_settings/generatedSchema.usda,2743,schema_declared_not_runtime_verified
RTX schema,OmniRtxDebugSettingsAPI_1,omni:rtx:scene:enableUpdateBufferResizing,bool,1,True,[],,(deprecated carb setting path: '/rtx/scenedb/enableUpdateBufferResizing'),/home/dillonb/DEV/db/Omnivore-work/ovrtx/ovrtx-0.5.0/ovrtx/bin/usd_plugins/rtx_settings/generatedSchema.usda,2747,schema_declared_not_runtime_verified
RTX schema,OmniRtxDebugSettingsAPI_1,omni:rtx:scene:enableXformUpdateLogging,bool,0,True,[],,(deprecated carb setting path: '/rtx/scenedb/enableXformUpdateLogging'),/home/dillonb/DEV/db/Omnivore-work/ovrtx/ovrtx-0.5.0/ovrtx/bin/usd_plugins/rtx_settings/generatedSchema.usda,2750,schema_declared_not_runtime_verified
RTX schema,OmniRtxDebugSettingsAPI_1,omni:rtx:scene:gatherColorToDisplayDevice,bool,0,True,[],,(deprecated carb setting path: '/rtx/gatherColorToDisplayDevice'),/home/dillonb/DEV/db/Omnivore-work/ovrtx/ovrtx-0.5.0/ovrtx/bin/usd_plugins/rtx_settings/generatedSchema.usda,2753,schema_declared_not_runtime_verified
RTX schema,OmniRtxDebugSettingsAPI_1,omni:rtx:scene:GPUProceduralAABB:enabled,bool,1,True,[],GPU Procedural AABB,(deprecated carb setting path: '/rtx/scenedb/GPUProceduralAABB/enabled'),/home/dillonb/DEV/db/Omnivore-work/ovrtx/ovrtx-0.5.0/ovrtx/bin/usd_plugins/rtx_settings/generatedSchema.usda,2756,schema_declared_not_runtime_verified
RTX schema,OmniRtxDebugSettingsAPI_1,omni:rtx:scene:gpuSkinning:enabled,bool,1,True,[],GPU Skinning,(deprecated carb setting path: '/rtx/sceneDb/gpuSkinning/enabled'),/home/dillonb/DEV/db/Omnivore-work/ovrtx/ovrtx-0.5.0/ovrtx/bin/usd_plugins/rtx_settings/generatedSchema.usda,2760,schema_declared_not_runtime_verified
RTX schema,OmniRtxDebugSettingsAPI_1,omni:rtx:scene:hydra:alwaysTickRenderer,bool,0,True,[],,(deprecated carb setting path: '/rtx/hydra/alwaysTickRenderer'),/home/dillonb/DEV/db/Omnivore-work/ovrtx/ovrtx-0.5.0/ovrtx/bin/usd_plugins/rtx_settings/generatedSchema.usda,2764,schema_declared_not_runtime_verified
RTX schema,OmniRtxDebugSettingsAPI_1,omni:rtx:scene:hydra:geometrySyncLoads,bool,0,True,[],,(deprecated carb setting path: '/rtx/hydra/geometrySyncLoads'),/home/dillonb/DEV/db/Omnivore-work/ovrtx/ovrtx-0.5.0/ovrtx/bin/usd_plugins/rtx_settings/generatedSchema.usda,2767,schema_declared_not_runtime_verified
RTX schema,OmniRtxDebugSettingsAPI_1,omni:rtx:scene:hydra:instancePickingEnabled,bool,1,True,[],Instance Selection,(deprecated carb setting path: '/rtx/hydra/instancePickingEnabled'),/home/dillonb/DEV/db/Omnivore-work/ovrtx/ovrtx-0.5.0/ovrtx/bin/usd_plugins/rtx_settings/generatedSchema.usda,2770,schema_declared_not_runtime_verified
RTX schema,OmniRtxDebugSettingsAPI_1,omni:rtx:scene:hydra:materialSyncLoads,bool,0,True,[],,(deprecated carb setting path: '/rtx/hydra/materialSyncLoads'),/home/dillonb/DEV/db/Omnivore-work/ovrtx/ovrtx-0.5.0/ovrtx/bin/usd_plugins/rtx_settings/generatedSchema.usda,2774,schema_declared_not_runtime_verified
RTX schema,OmniRtxDebugSettingsAPI_1,omni:rtx:scene:hydra:mdlMaterialWarmup,bool,0,True,[],,(deprecated carb setting path: '/rtx/hydra/mdlMaterialWarmup'),/home/dillonb/DEV/db/Omnivore-work/ovrtx/ovrtx-0.5.0/ovrtx/bin/usd_plugins/rtx_settings/generatedSchema.usda,2777,schema_declared_not_runtime_verified
RTX schema,OmniRtxDebugSettingsAPI_1,omni:rtx:scene:hydra:minFreeDeviceMemory,int,1024,True,[],,(deprecated carb setting path: '/rtx/hydra/minFreeDeviceMemory'),/home/dillonb/DEV/db/Omnivore-work/ovrtx/ovrtx-0.5.0/ovrtx/bin/usd_plugins/rtx_settings/generatedSchema.usda,2780,schema_declared_not_runtime_verified
RTX schema,OmniRtxDebugSettingsAPI_1,omni:rtx:scene:hydra:minFreeSystemMemory,int,3072,True,[],,(deprecated carb setting path: '/rtx/hydra/minFreeSystemMemory'),/home/dillonb/DEV/db/Omnivore-work/ovrtx/ovrtx-0.5.0/ovrtx/bin/usd_plugins/rtx_settings/generatedSchema.usda,2783,schema_declared_not_runtime_verified
RTX schema,OmniRtxDebugSettingsAPI_1,omni:rtx:scene:hydra:perMaterialSyncLoads,bool,0,True,[],,(deprecated carb setting path: '/rtx/hydra/perMaterialSyncLoads'),/home/dillonb/DEV/db/Omnivore-work/ovrtx/ovrtx-0.5.0/ovrtx/bin/usd_plugins/rtx_settings/generatedSchema.usda,2786,schema_declared_not_runtime_verified
RTX schema,OmniRtxDebugSettingsAPI_1,omni:rtx:scene:hydra:primvars:silenceSizeWarnings,bool,0,True,[],,(deprecated carb setting path: '/rtx/hydra/primvars/silenceSizeWarnings'),/home/dillonb/DEV/db/Omnivore-work/ovrtx/ovrtx-0.5.0/ovrtx/bin/usd_plugins/rtx_settings/generatedSchema.usda,2789,schema_declared_not_runtime_verified
RTX schema,OmniRtxDebugSettingsAPI_1,omni:rtx:scene:hydra:releaseUnusedInstanceTransformMemory,bool,1,True,[],,(deprecated carb setting path: '/rtx/hydra/releaseUnusedInstanceTransformMemory'),/home/dillonb/DEV/db/Omnivore-work/ovrtx/ovrtx-0.5.0/ovrtx/bin/usd_plugins/rtx_settings/generatedSchema.usda,2792,schema_declared_not_runtime_verified
RTX schema,OmniRtxDebugSettingsAPI_1,omni:rtx:scene:hydra:subdivision:refinementLevel,int,0,True,[],Global Refinement Level,(deprecated carb setting path: '/rtx/hydra/subdivision/refinementLevel'),/home/dillonb/DEV/db/Omnivore-work/ovrtx/ovrtx-0.5.0/ovrtx/bin/usd_plugins/rtx_settings/generatedSchema.usda,2795,schema_declared_not_runtime_verified
RTX schema,OmniRtxDebugSettingsAPI_1,omni:rtx:scene:hydra:TBNFrameMode,int,0,True,[],Normal & Tangent Space Generation Mode,(deprecated carb setting path: '/rtx/hydra/TBNFrameMode'),/home/dillonb/DEV/db/Omnivore-work/ovrtx/ovrtx-0.5.0/ovrtx/bin/usd_plugins/rtx_settings/generatedSchema.usda,2799,schema_declared_not_runtime_verified
RTX schema,OmniRtxDebugSettingsAPI_1,omni:rtx:scene:hydra:uvsets:stIsDefaultUvSet,bool,1,True,[],USD ST Main Texcoord as Default UV Set,(deprecated carb setting path: '/rtx/hydra/uvsets/stIsDefaultUvSet'),/home/dillonb/DEV/db/Omnivore-work/ovrtx/ovrtx-0.5.0/ovrtx/bin/usd_plugins/rtx_settings/generatedSchema.usda,2803,schema_declared_not_runtime_verified
RTX schema,OmniRtxDebugSettingsAPI_1,omni:rtx:scene:hydra:weldVertex,bool,1,True,[],,(deprecated carb setting path: '/rtx/hydra/weldVertex'),/home/dillonb/DEV/db/Omnivore-work/ovrtx/ovrtx-0.5.0/ovrtx/bin/usd_plugins/rtx_settings/generatedSchema.usda,2807,schema_declared_not_runtime_verified
RTX schema,OmniRtxDebugSettingsAPI_1,omni:rtx:scene:instanceMaxScaleFilter,float,0,True,[],,(deprecated carb setting path: '/rtx/scenedb/instanceMaxScaleFilter'),/home/dillonb/DEV/db/Omnivore-work/ovrtx/ovrtx-0.5.0/ovrtx/bin/usd_plugins/rtx_settings/generatedSchema.usda,2810,schema_declared_not_runtime_verified
RTX schema,OmniRtxDebugSettingsAPI_1,omni:rtx:scene:minPickPdf,float,0.0001,True,[],,(deprecated carb setting path: '/rtx/lightcache/minPickPdf'),/home/dillonb/DEV/db/Omnivore-work/ovrtx/ovrtx-0.5.0/ovrtx/bin/usd_plugins/rtx_settings/generatedSchema.usda,2813,schema_declared_not_runtime_verified
RTX schema,OmniRtxDebugSettingsAPI_1,omni:rtx:scene:multiview:viewGridSize,int,1,True,[],,(deprecated carb setting path: '/rtx/multiview/viewGridSize'),/home/dillonb/DEV/db/Omnivore-work/ovrtx/ovrtx-0.5.0/ovrtx/bin/usd_plugins/rtx_settings/generatedSchema.usda,2816,schema_declared_not_runtime_verified
RTX schema,OmniRtxDebugSettingsAPI_1,omni:rtx:scene:renderMeterPerUnit,float,-1,True,[],Renderer-Internal Meters Per Unit,(deprecated carb setting path: '/rtx/scene/renderMeterPerUnit'),/home/dillonb/DEV/db/Omnivore-work/ovrtx/ovrtx-0.5.0/ovrtx/bin/usd_plugins/rtx_settings/generatedSchema.usda,2819,schema_declared_not_runtime_verified
RTX schema,OmniRtxDebugSettingsAPI_1,omni:rtx:scene:reprojection:motionDifference,bool,1,True,[],,(deprecated carb setting path: '/rtx/reprojection/motionDifference'),/home/dillonb/DEV/db/Omnivore-work/ovrtx/ovrtx-0.5.0/ovrtx/bin/usd_plugins/rtx_settings/generatedSchema.usda,2823,schema_declared_not_runtime_verified
RTX schema,OmniRtxDebugSettingsAPI_1,omni:rtx:scene:reprojection:positionDifferenceConstant,float,0.1,True,[],,(deprecated carb setting path: '/rtx/reprojection/positionDifferenceConstant'),/home/dillonb/DEV/db/Omnivore-work/ovrtx/ovrtx-0.5.0/ovrtx/bin/usd_plugins/rtx_settings/generatedSchema.usda,2826,schema_declared_not_runtime_verified
RTX schema,OmniRtxDebugSettingsAPI_1,omni:rtx:scene:reservedInstances,int,16384,True,[],,(deprecated carb setting path: '/rtx/sceneDb/reservedInstances'),/home/dillonb/DEV/db/Omnivore-work/ovrtx/ovrtx-0.5.0/ovrtx/bin/usd_plugins/rtx_settings/generatedSchema.usda,2829,schema_declared_not_runtime_verified
RTX schema,OmniRtxDebugSettingsAPI_1,omni:rtx:scene:resetPtAccumOnAnimTimeChange,bool,0,True,[],,(deprecated carb setting path: '/rtx/resetPtAccumOnAnimTimeChange'),/home/dillonb/DEV/db/Omnivore-work/ovrtx/ovrtx-0.5.0/ovrtx/bin/usd_plugins/rtx_settings/generatedSchema.usda,2832,schema_declared_not_runtime_verified
RTX schema,OmniRtxDebugSettingsAPI_1,omni:rtx:scene:sectionPlane:enabled,bool,0,True,[],Scetion Plane,(deprecated carb setting path: '/rtx/sectionPlane/enabled'),/home/dillonb/DEV/db/Omnivore-work/ovrtx/ovrtx-0.5.0/ovrtx/bin/usd_plugins/rtx_settings/generatedSchema.usda,2835,schema_declared_not_runtime_verified
RTX schema,OmniRtxDebugSettingsAPI_1,omni:rtx:scene:sectionPlane:plane,float[],"[0, 0, 0, 0, 0]",True,[],,(deprecated carb setting path: '/rtx/sectionPlane/plane'),/home/dillonb/DEV/db/Omnivore-work/ovrtx/ovrtx-0.5.0/ovrtx/bin/usd_plugins/rtx_settings/generatedSchema.usda,2839,schema_declared_not_runtime_verified
RTX schema,OmniRtxDebugSettingsAPI_1,omni:rtx:scene:sectionPlane:sectionLight,bool,1,True,[],,(deprecated carb setting path: '/rtx/sectionPlane/sectionLight'),/home/dillonb/DEV/db/Omnivore-work/ovrtx/ovrtx-0.5.0/ovrtx/bin/usd_plugins/rtx_settings/generatedSchema.usda,2842,schema_declared_not_runtime_verified
RTX schema,OmniRtxDebugSettingsAPI_1,omni:rtx:scene:selectionRaster:enabled,bool,0,True,[],Selection Raster,(deprecated carb setting path: '/rtx/selectionRaster/enabled'),/home/dillonb/DEV/db/Omnivore-work/ovrtx/ovrtx-0.5.0/ovrtx/bin/usd_plugins/rtx_settings/generatedSchema.usda,2845,schema_declared_not_runtime_verified
RTX schema,OmniRtxDebugSettingsAPI_1,omni:rtx:scene:selectionRaster:initialize,bool,0,True,[],,(deprecated carb setting path: '/rtx/selectionRaster/initialize'),/home/dillonb/DEV/db/Omnivore-work/ovrtx/ovrtx-0.5.0/ovrtx/bin/usd_plugins/rtx_settings/generatedSchema.usda,2849,schema_declared_not_runtime_verified
RTX schema,OmniRtxDebugSettingsAPI_1,omni:rtx:scene:skipCmdListMangerDestroy,bool,0,True,[],,(deprecated carb setting path: '/rtx/sceneDb/skipCmdListMangerDestroy'),/home/dillonb/DEV/db/Omnivore-work/ovrtx/ovrtx-0.5.0/ovrtx/bin/usd_plugins/rtx_settings/generatedSchema.usda,2852,schema_declared_not_runtime_verified
RTX schema,OmniRtxDebugSettingsAPI_1,omni:rtx:scene:skipMostLights,bool,0,True,[],Use First Distant Light & First Dome Light Only,(deprecated carb setting path: '/rtx/scenedb/skipMostLights'),/home/dillonb/DEV/db/Omnivore-work/ovrtx/ovrtx-0.5.0/ovrtx/bin/usd_plugins/rtx_settings/generatedSchema.usda,2855,schema_declared_not_runtime_verified
RTX schema,OmniRtxDebugSettingsAPI_1,omni:rtx:scene:tlasInstanceList:useElementArray,bool,0,True,[],,(deprecated carb setting path: '/rtx/sceneDb/tlasInstanceList/useElementArray'),/home/dillonb/DEV/db/Omnivore-work/ovrtx/ovrtx-0.5.0/ovrtx/bin/usd_plugins/rtx_settings/generatedSchema.usda,2859,schema_declared_not_runtime_verified
RTX schema,OmniRtxDebugSettingsAPI_1,omni:rtx:scene:translatedWorldSpace:enabled,bool,1,True,[],Translated World-Space,(deprecated carb setting path: '/rtx/translatedWorldSpace/enabled'),/home/dillonb/DEV/db/Omnivore-work/ovrtx/ovrtx-0.5.0/ovrtx/bin/usd_plugins/rtx_settings/generatedSchema.usda,2862,schema_declared_not_runtime_verified
RTX schema,OmniRtxDebugSettingsAPI_1,omni:rtx:scene:translucencyAsOpacity,bool,0,True,[],,(deprecated carb setting path: '/rtx/sceneDb/translucencyAsOpacity'),/home/dillonb/DEV/db/Omnivore-work/ovrtx/ovrtx-0.5.0/ovrtx/bin/usd_plugins/rtx_settings/generatedSchema.usda,2866,schema_declared_not_runtime_verified
RTX schema,OmniRtxDebugSettingsAPI_1,omni:rtx:scene:useDataDeduplication,bool,1,True,[],,(deprecated carb setting path: '/rtx/scenedb/useDataDeduplication'),/home/dillonb/DEV/db/Omnivore-work/ovrtx/ovrtx-0.5.0/ovrtx/bin/usd_plugins/rtx_settings/generatedSchema.usda,2869,schema_declared_not_runtime_verified
RTX schema,OmniRtxDebugSettingsAPI_1,omni:rtx:scene:useGeometryValidation,bool,0,True,[],,(deprecated carb setting path: '/rtx/scenedb/useGeometryValidation'),/home/dillonb/DEV/db/Omnivore-work/ovrtx/ovrtx-0.5.0/ovrtx/bin/usd_plugins/rtx_settings/generatedSchema.usda,2872,schema_declared_not_runtime_verified
RTX schema,OmniRtxDebugSettingsAPI_1,omni:rtx:scene:useSimulationTime,bool,0,True,[],,(deprecated carb setting path: '/rtx/rendering/useSimulationTime'),/home/dillonb/DEV/db/Omnivore-work/ovrtx/ovrtx-0.5.0/ovrtx/bin/usd_plugins/rtx_settings/generatedSchema.usda,2875,schema_declared_not_runtime_verified
RTX schema,OmniRtxDebugSettingsAPI_1,omni:rtx:scene:useViewLightingMode,bool,0,True,[],,(deprecated carb setting path: '/rtx/useViewLightingMode'),/home/dillonb/DEV/db/Omnivore-work/ovrtx/ovrtx-0.5.0/ovrtx/bin/usd_plugins/rtx_settings/generatedSchema.usda,2878,schema_declared_not_runtime_verified
RTX schema,OmniRtxDebugSettingsAPI_1,omni:rtx:sdg:crossCamera:bilateral:normal:sigmaExponent,float,16,True,[],,(deprecated carb setting path: '/rtx/sdg/crossCamera/bilateral/normalSigmaExponent'),/home/dillonb/DEV/db/Omnivore-work/ovrtx/ovrtx-0.5.0/ovrtx/bin/usd_plugins/rtx_settings/generatedSchema.usda,2881,schema_declared_not_runtime_verified
RTX schema,OmniRtxDebugSettingsAPI_1,omni:rtx:sdg:crossCamera:bilateral:normal:weightCutoff,float,0.1,True,[],,(deprecated carb setting path: '/rtx/sdg/crossCamera/bilateral/normalWeightCutoff'),/home/dillonb/DEV/db/Omnivore-work/ovrtx/ovrtx-0.5.0/ovrtx/bin/usd_plugins/rtx_settings/generatedSchema.usda,2884,schema_declared_not_runtime_verified
RTX schema,OmniRtxDebugSettingsAPI_1,omni:rtx:sdg:crossCamera:bilateral:position:sigma,float,0.001,True,[],,(deprecated carb setting path: '/rtx/sdg/crossCamera/bilateral/positionSigma'),/home/dillonb/DEV/db/Omnivore-work/ovrtx/ovrtx-0.5.0/ovrtx/bin/usd_plugins/rtx_settings/generatedSchema.usda,2887,schema_declared_not_runtime_verified
RTX schema,OmniRtxDebugSettingsAPI_1,omni:rtx:sdg:crossCamera:bilateral:position:sigmaExponent,float,1.5,True,[],,(deprecated carb setting path: '/rtx/sdg/crossCamera/bilateral/positionSigmaExponent'),/home/dillonb/DEV/db/Omnivore-work/ovrtx/ovrtx-0.5.0/ovrtx/bin/usd_plugins/rtx_settings/generatedSchema.usda,2890,schema_declared_not_runtime_verified
RTX schema,OmniRtxDebugSettingsAPI_1,omni:rtx:sdg:crossCamera:bilateral:position:sigmaScale,float,100,True,[],,(deprecated carb setting path: '/rtx/sdg/crossCamera/bilateral/positionSigmaScale'),/home/dillonb/DEV/db/Omnivore-work/ovrtx/ovrtx-0.5.0/ovrtx/bin/usd_plugins/rtx_settings/generatedSchema.usda,2893,schema_declared_not_runtime_verified
RTX schema,OmniRtxDebugSettingsAPI_1,omni:rtx:sdg:crossCamera:bilateral:position:weightCutoff,float,0.1,True,[],,(deprecated carb setting path: '/rtx/sdg/crossCamera/bilateral/positionWeightCutoff'),/home/dillonb/DEV/db/Omnivore-work/ovrtx/ovrtx-0.5.0/ovrtx/bin/usd_plugins/rtx_settings/generatedSchema.usda,2896,schema_declared_not_runtime_verified
RTX schema,OmniRtxDebugSettingsAPI_1,omni:rtx:sdg:crossCamera:debugOutput:reprojectedNormals,bool,0,True,[],,(deprecated carb setting path: '/rtx/sdg/crossCamera/debugOutputReprojectedNormals'),/home/dillonb/DEV/db/Omnivore-work/ovrtx/ovrtx-0.5.0/ovrtx/bin/usd_plugins/rtx_settings/generatedSchema.usda,2899,schema_declared_not_runtime_verified
RTX schema,OmniRtxDebugSettingsAPI_1,omni:rtx:sdg:crossCamera:occlusion:checkRange,float,300,True,[],,(deprecated carb setting path: '/rtx/sdg/crossCamera/occlusionCheckRange'),/home/dillonb/DEV/db/Omnivore-work/ovrtx/ovrtx-0.5.0/ovrtx/bin/usd_plugins/rtx_settings/generatedSchema.usda,2902,schema_declared_not_runtime_verified
RTX schema,OmniRtxDebugSettingsAPI_1,omni:rtx:sdg:crossCamera:occlusion:weightCutoff,float,0.1,True,[],,(deprecated carb setting path: '/rtx/sdg/crossCamera/occlusionWeightCutoff'),/home/dillonb/DEV/db/Omnivore-work/ovrtx/ovrtx-0.5.0/ovrtx/bin/usd_plugins/rtx_settings/generatedSchema.usda,2905,schema_declared_not_runtime_verified
RTX schema,OmniRtxDebugSettingsAPI_1,omni:rtx:shadows:constantSeed,bool,1,True,[],,(deprecated carb setting path: '/rtx/shadows/constantSeed'),/home/dillonb/DEV/db/Omnivore-work/ovrtx/ovrtx-0.5.0/ovrtx/bin/usd_plugins/rtx_settings/generatedSchema.usda,2908,schema_declared_not_runtime_verified
RTX schema,OmniRtxDebugSettingsAPI_1,omni:rtx:shadows:denoiser:enabled,bool,1,True,[],Shadow Denoising,(deprecated carb setting path: '/rtx/shadows/denoiser/enable'),/home/dillonb/DEV/db/Omnivore-work/ovrtx/ovrtx-0.5.0/ovrtx/bin/usd_plugins/rtx_settings/generatedSchema.usda,2911,schema_declared_not_runtime_verified
RTX schema,OmniRtxDebugSettingsAPI_1,omni:rtx:shadows:denoiser:quarterRes,bool,1,True,[],,(deprecated carb setting path: '/rtx/shadows/denoiser/quarterRes'),/home/dillonb/DEV/db/Omnivore-work/ovrtx/ovrtx-0.5.0/ovrtx/bin/usd_plugins/rtx_settings/generatedSchema.usda,2915,schema_declared_not_runtime_verified
RTX schema,OmniRtxDebugSettingsAPI_1,omni:rtx:shadows:enabled,bool,1,True,[],Shadows Enabled,(deprecated carb setting path: '/rtx/shadows/enabled'),/home/dillonb/DEV/db/Omnivore-work/ovrtx/ovrtx-0.5.0/ovrtx/bin/usd_plugins/rtx_settings/generatedSchema.usda,2918,schema_declared_not_runtime_verified
RTX schema,OmniRtxDebugSettingsAPI_1,omni:rtx:shadows:fractionalCutoutOpacity,bool,1,True,[],,(deprecated carb setting path: '/rtx/shadows/fractionalCutoutOpacity'),/home/dillonb/DEV/db/Omnivore-work/ovrtx/ovrtx-0.5.0/ovrtx/bin/usd_plugins/rtx_settings/generatedSchema.usda,2922,schema_declared_not_runtime_verified
RTX schema,OmniRtxDebugSettingsAPI_1,omni:rtx:shadows:sampleCount,int,1,True,[],,(deprecated carb setting path: '/rtx/shadows/sampleCount'),/home/dillonb/DEV/db/Omnivore-work/ovrtx/ovrtx-0.5.0/ovrtx/bin/usd_plugins/rtx_settings/generatedSchema.usda,2925,schema_declared_not_runtime_verified
RTX schema,OmniRtxDebugSettingsAPI_1,omni:rtx:shadows:spatialFiltering:enabled,bool,1,True,[],Shadow Sptial Filtering,(deprecated carb setting path: '/rtx/shadows/enableSpatialFiltering'),/home/dillonb/DEV/db/Omnivore-work/ovrtx/ovrtx-0.5.0/ovrtx/bin/usd_plugins/rtx_settings/generatedSchema.usda,2928,schema_declared_not_runtime_verified
RTX schema,OmniRtxDebugSettingsAPI_1,omni:rtx:shadows:stratifySamples,bool,1,True,[],,(deprecated carb setting path: '/rtx/shadows/stratifySamples'),/home/dillonb/DEV/db/Omnivore-work/ovrtx/ovrtx-0.5.0/ovrtx/bin/usd_plugins/rtx_settings/generatedSchema.usda,2932,schema_declared_not_runtime_verified
RTX schema,OmniRtxDebugSettingsAPI_1,omni:rtx:translucency:magnificationGbufferThreshold,float,0,True,[],,(deprecated carb setting path: '/rtx/translucency/magnificationGbufferThreshold'),/home/dillonb/DEV/db/Omnivore-work/ovrtx/ovrtx-0.5.0/ovrtx/bin/usd_plugins/rtx_settings/generatedSchema.usda,2935,schema_declared_not_runtime_verified
RTX schema,OmniRtxDebugSettingsAPI_1,omni:rtx:translucency:randomisedSamplingScale,float,2,True,[],,(deprecated carb setting path: '/rtx/translucency/randomisedSamplingScale'),/home/dillonb/DEV/db/Omnivore-work/ovrtx/ovrtx-0.5.0/ovrtx/bin/usd_plugins/rtx_settings/generatedSchema.usda,2938,schema_declared_not_runtime_verified
RTX schema,OmniRtxDebugSettingsAPI_1,omni:rtx:translucency:reflectionThroughputThreshold,float,0.1,True,[],Secondary Bounce Reflection Throughput Threshold,Threshold below which reflection paths due to fresnel are no longer traced. Lower values result in higher quality at the cost of performance. (deprecated carb setting path: '/rtx/translucency/reflectionThroughputThreshold'),/home/dillonb/DEV/db/Omnivore-work/ovrtx/ovrtx-0.5.0/ovrtx/bin/usd_plugins/rtx_settings/generatedSchema.usda,2941,schema_declared_not_runtime_verified
RTX schema,OmniRtxDebugSettingsAPI_1,omni:rtx:translucency:worldEps,float,1,True,[],World Epsilon Threshold,Treshold below which image-based reprojection is used to compute refractions. Lower values result in higher quality at the cost performance. (deprecated carb setting path: '/rtx/translucency/worldEps'),/home/dillonb/DEV/db/Omnivore-work/ovrtx/ovrtx-0.5.0/ovrtx/bin/usd_plugins/rtx_settings/generatedSchema.usda,2946,schema_declared_not_runtime_verified
RTX schema,OmniRtxDebugSettingsAPI_1,omni:rtx:viewLighting:lightType,token,"""distant""",True,"[""distant"", ""spot""]",Light Type,Type of the light used for View Lighting Mode (camera light). distant: a headlight aligned with the view direction. spot: a spot light positioned at the camera. (deprecated carb setting path: '/rtx/viewLighting/lightType'),/home/dillonb/DEV/db/Omnivore-work/ovrtx/ovrtx-0.5.0/ovrtx/bin/usd_plugins/rtx_settings/generatedSchema.usda,2951,schema_declared_not_runtime_verified
RTX schema,OmniRtxDebugSettingsAPI_1,omni:rtx:viewLighting:color,color3f,"(1, 1, 1)",True,[],Color,Color of the camera light. (deprecated carb setting path: '/rtx/viewLighting/color'),/home/dillonb/DEV/db/Omnivore-work/ovrtx/ovrtx-0.5.0/ovrtx/bin/usd_plugins/rtx_settings/generatedSchema.usda,2958,schema_declared_not_runtime_verified
RTX schema,OmniRtxDebugSettingsAPI_1,omni:rtx:viewLighting:intensity,float,3000,True,[],Intensity,Intensity of the camera light. (deprecated carb setting path: '/rtx/viewLighting/intensity'),/home/dillonb/DEV/db/Omnivore-work/ovrtx/ovrtx-0.5.0/ovrtx/bin/usd_plugins/rtx_settings/generatedSchema.usda,2963,schema_declared_not_runtime_verified
RTX schema,OmniRtxDebugSettingsAPI_1,omni:rtx:viewLighting:angle,float,0,True,[],Angle,Angular diameter of the distant camera light in degrees. Only used when the light type is distant. (deprecated carb setting path: '/rtx/viewLighting/angle'),/home/dillonb/DEV/db/Omnivore-work/ovrtx/ovrtx-0.5.0/ovrtx/bin/usd_plugins/rtx_settings/generatedSchema.usda,2968,schema_declared_not_runtime_verified
RTX schema,OmniRtxDebugSettingsAPI_1,omni:rtx:viewLighting:radius,float,0.05,True,[],Radius,Radius of the spot camera light in world units; larger radii soften its specular highlights. Only used when the light type is spot. (deprecated carb setting path: '/rtx/viewLighting/radius'),/home/dillonb/DEV/db/Omnivore-work/ovrtx/ovrtx-0.5.0/ovrtx/bin/usd_plugins/rtx_settings/generatedSchema.usda,2973,schema_declared_not_runtime_verified
RTX schema,OmniRtxDebugSettingsAPI_1,omni:rtx:viewLighting:coneAngle,float,90,True,[],Cone Angle,Angle in degrees from the view direction to the edge of the spot camera light cone (UsdLux shaping:cone:angle semantics; 90 is a hemispherical cutoff). Only used when the light type is spot. (deprecated carb setting path: '/rtx/viewLighting/coneAngle'),/home/dillonb/DEV/db/Omnivore-work/ovrtx/ovrtx-0.5.0/ovrtx/bin/usd_plugins/rtx_settings/generatedSchema.usda,2979,schema_declared_not_runtime_verified
RTX schema,OmniRtxDebugSettingsAPI_1,omni:rtx:viewLighting:coneSoftness,float,0,True,[],Cone Softness,Softness of the spot camera light cone falloff (0 = hard edge). Only used when the light type is spot. (deprecated carb setting path: '/rtx/viewLighting/coneSoftness'),/home/dillonb/DEV/db/Omnivore-work/ovrtx/ovrtx-0.5.0/ovrtx/bin/usd_plugins/rtx_settings/generatedSchema.usda,2985,schema_declared_not_runtime_verified
RTX schema,OmniRtxDebugSettingsAPI_1,omni:rtx:viewLighting:normalize,bool,1,True,[],Normalize,"Normalize the camera light intensity by the light size (UsdLux inputs:normalize semantics): the received light is independent of the spot radius and of the distant angle, so those controls only shape the specular highlights and falloff. Disable to treat intensity as surface radiance, which grows with the light size. (deprecated carb setting path: '/rtx/viewLighting/normalize')",/home/dillonb/DEV/db/Omnivore-work/ovrtx/ovrtx-0.5.0/ovrtx/bin/usd_plugins/rtx_settings/generatedSchema.usda,2990,schema_declared_not_runtime_verified
RTX schema,OmniRtxPostDebugSettingsAPI_1,omni:rtx:post:aa:autoExposureMode,token,"""prioritizePPAutoexposure""",True,"[""internal"", ""prioritizePPAutoexposure"", ""fixed""]",,(deprecated carb setting path: '/rtx/post/aa/autoExposureMode'),/home/dillonb/DEV/db/Omnivore-work/ovrtx/ovrtx-0.5.0/ovrtx/bin/usd_plugins/rtx_settings/generatedSchema.usda,3002,schema_declared_not_runtime_verified
RTX schema,OmniRtxPostDebugSettingsAPI_1,omni:rtx:post:aa:exposure,float,1,True,[],,(deprecated carb setting path: '/rtx/post/aa/exposure'),/home/dillonb/DEV/db/Omnivore-work/ovrtx/ovrtx-0.5.0/ovrtx/bin/usd_plugins/rtx_settings/generatedSchema.usda,3006,schema_declared_not_runtime_verified
RTX schema,OmniRtxPostDebugSettingsAPI_1,omni:rtx:post:aa:exposureMultiplier,float,0.1,True,[],,(deprecated carb setting path: '/rtx/post/aa/exposureMultiplier'),/home/dillonb/DEV/db/Omnivore-work/ovrtx/ovrtx-0.5.0/ovrtx/bin/usd_plugins/rtx_settings/generatedSchema.usda,3009,schema_declared_not_runtime_verified
RTX schema,OmniRtxPostDebugSettingsAPI_1,omni:rtx:post:aa:limitedOps,bool,1,True,[],Limits AA Ops,(deprecated carb setting path: '/rtx-transient/post/aa/limitedOps'),/home/dillonb/DEV/db/Omnivore-work/ovrtx/ovrtx-0.5.0/ovrtx/bin/usd_plugins/rtx_settings/generatedSchema.usda,3012,schema_declared_not_runtime_verified
RTX schema,OmniRtxPostDebugSettingsAPI_1,omni:rtx:post:aa:op,token,"""dlss""",True,"[""none"", ""taa"", ""fxaa"", ""dlss"", ""rtxaa""]",Super Resolution,DLSS Super Resolution boosts performance by using AI to output higher resolution frames from a lower resolution input. DLSS samples multiple lower resolution images and uses motion data and feedback from prior frames to reconstruct native quality images. (deprecated carb setting path: '/rtx/post/aa/op'),/home/dillonb/DEV/db/Omnivore-work/ovrtx/ovrtx-0.5.0/ovrtx/bin/usd_plugins/rtx_settings/generatedSchema.usda,3016,schema_declared_not_runtime_verified
RTX schema,OmniRtxPostDebugSettingsAPI_1,omni:rtx:post:aa:sharpness,float,0.5,True,[],,(deprecated carb setting path: '/rtx/post/aa/sharpness'),/home/dillonb/DEV/db/Omnivore-work/ovrtx/ovrtx-0.5.0/ovrtx/bin/usd_plugins/rtx_settings/generatedSchema.usda,3023,schema_declared_not_runtime_verified
RTX schema,OmniRtxPostDebugSettingsAPI_1,omni:rtx:post:aovConverter:linearizeDepthFilterBackground,bool,1,True,[],,(deprecated carb setting path: '/rtx/aovConverter/linearizeDepthFilterBackground'),/home/dillonb/DEV/db/Omnivore-work/ovrtx/ovrtx-0.5.0/ovrtx/bin/usd_plugins/rtx_settings/generatedSchema.usda,3026,schema_declared_not_runtime_verified
RTX schema,OmniRtxPostDebugSettingsAPI_1,omni:rtx:post:backgroundZeroAlpha:backplateLuminanceScale,float,1000,True,[],,(deprecated carb setting path: '/rtx/post/backgroundZeroAlpha/backplateLuminanceScale'),/home/dillonb/DEV/db/Omnivore-work/ovrtx/ovrtx-0.5.0/ovrtx/bin/usd_plugins/rtx_settings/generatedSchema.usda,3029,schema_declared_not_runtime_verified
RTX schema,OmniRtxPostDebugSettingsAPI_1,omni:rtx:post:backgroundZeroAlpha:lensDistortionCorrection:enabled,bool,0,True,[],Lens Distortion,"Enables distortion of the rendered image using a set of lens distortion and undistortion maps. Each of these should refer to a <UDIM> EXR texture set, containing one image for each of the discrete focal length values specified in the array of float settings under /rtx/post/lensDistortion/lensFocalLengthArray (not currently exposed). (deprecated carb setting path: '/rtx/post/backgroundZeroAlpha/enableLensDistortionCorrection')",/home/dillonb/DEV/db/Omnivore-work/ovrtx/ovrtx-0.5.0/ovrtx/bin/usd_plugins/rtx_settings/generatedSchema.usda,3032,schema_declared_not_runtime_verified
RTX schema,OmniRtxPostDebugSettingsAPI_1,omni:rtx:post:backgroundZeroAlpha:sdiio:enabled,int,0,True,[],,(deprecated carb setting path: '/rtx/post/backgroundZeroAlpha/sdiio/enabled'),/home/dillonb/DEV/db/Omnivore-work/ovrtx/ovrtx-0.5.0/ovrtx/bin/usd_plugins/rtx_settings/generatedSchema.usda,3040,schema_declared_not_runtime_verified
RTX schema,OmniRtxPostDebugSettingsAPI_1,omni:rtx:post:backgroundZeroAlpha:sdiio:streamIndex,int,1,True,[],,(deprecated carb setting path: '/rtx/post/backgroundZeroAlpha/sdiio/streamIndex'),/home/dillonb/DEV/db/Omnivore-work/ovrtx/ovrtx-0.5.0/ovrtx/bin/usd_plugins/rtx_settings/generatedSchema.usda,3043,schema_declared_not_runtime_verified
RTX schema,OmniRtxPostDebugSettingsAPI_1,omni:rtx:post:chromab:modeB,token,"""radial""",True,"[""radial"", ""barrel""]",Algorithm Blue,Selects between Radial and Barrel distortion for the Blue channel. (deprecated carb setting path: '/rtx/post/chromaticAberration/modeB'),/home/dillonb/DEV/db/Omnivore-work/ovrtx/ovrtx-0.5.0/ovrtx/bin/usd_plugins/rtx_settings/generatedSchema.usda,3046,schema_declared_not_runtime_verified
RTX schema,OmniRtxPostDebugSettingsAPI_1,omni:rtx:post:chromab:modeG,token,"""radial""",True,"[""radial"", ""barrel""]",Algorithm Green,Selects between Radial and Barrel distortion for the Green channel. (deprecated carb setting path: '/rtx/post/chromaticAberration/modeG'),/home/dillonb/DEV/db/Omnivore-work/ovrtx/ovrtx-0.5.0/ovrtx/bin/usd_plugins/rtx_settings/generatedSchema.usda,3052,schema_declared_not_runtime_verified
RTX schema,OmniRtxPostDebugSettingsAPI_1,omni:rtx:post:colorcorr:contrast,color3f,"(1, 1, 1)",True,[],Contrast,(deprecated carb setting path: '/rtx/post/colorcorr/contrast'),/home/dillonb/DEV/db/Omnivore-work/ovrtx/ovrtx-0.5.0/ovrtx/bin/usd_plugins/rtx_settings/generatedSchema.usda,3058,schema_declared_not_runtime_verified
RTX schema,OmniRtxPostDebugSettingsAPI_1,omni:rtx:post:colorcorr:enabled,bool,0,True,[],Color Correction,(deprecated carb setting path: '/rtx/post/colorcorr/enabled'),/home/dillonb/DEV/db/Omnivore-work/ovrtx/ovrtx-0.5.0/ovrtx/bin/usd_plugins/rtx_settings/generatedSchema.usda,3062,schema_declared_not_runtime_verified
RTX schema,OmniRtxPostDebugSettingsAPI_1,omni:rtx:post:colorcorr:gain,color3f,"(1, 1, 1)",True,[],Gain,(deprecated carb setting path: '/rtx/post/colorcorr/gain'),/home/dillonb/DEV/db/Omnivore-work/ovrtx/ovrtx-0.5.0/ovrtx/bin/usd_plugins/rtx_settings/generatedSchema.usda,3066,schema_declared_not_runtime_verified
RTX schema,OmniRtxPostDebugSettingsAPI_1,omni:rtx:post:colorcorr:gamma,color3f,"(1, 1, 1)",True,[],Gamma,(deprecated carb setting path: '/rtx/post/colorcorr/gamma'),/home/dillonb/DEV/db/Omnivore-work/ovrtx/ovrtx-0.5.0/ovrtx/bin/usd_plugins/rtx_settings/generatedSchema.usda,3070,schema_declared_not_runtime_verified
RTX schema,OmniRtxPostDebugSettingsAPI_1,omni:rtx:post:colorcorr:mode,int,0,True,[],Mode,(deprecated carb setting path: '/rtx/post/colorcorr/mode'),/home/dillonb/DEV/db/Omnivore-work/ovrtx/ovrtx-0.5.0/ovrtx/bin/usd_plugins/rtx_settings/generatedSchema.usda,3074,schema_declared_not_runtime_verified
RTX schema,OmniRtxPostDebugSettingsAPI_1,omni:rtx:post:colorcorr:offset,color3f,"(0, 0, 0)",True,[],Offset,(deprecated carb setting path: '/rtx/post/colorcorr/offset'),/home/dillonb/DEV/db/Omnivore-work/ovrtx/ovrtx-0.5.0/ovrtx/bin/usd_plugins/rtx_settings/generatedSchema.usda,3078,schema_declared_not_runtime_verified
RTX schema,OmniRtxPostDebugSettingsAPI_1,omni:rtx:post:colorcorr:outputMode,token,"""sRGBLinear""",True,"[""sRGBLinear"", ""ACEScg""]",Output Color Space,(deprecated carb setting path: '/rtx/post/colorcorr/outputMode'),/home/dillonb/DEV/db/Omnivore-work/ovrtx/ovrtx-0.5.0/ovrtx/bin/usd_plugins/rtx_settings/generatedSchema.usda,3082,schema_declared_not_runtime_verified
RTX schema,OmniRtxPostDebugSettingsAPI_1,omni:rtx:post:colorgrade:mode,int,0,True,[],Mode,(deprecated carb setting path: '/rtx/post/colorgrad/mode'),/home/dillonb/DEV/db/Omnivore-work/ovrtx/ovrtx-0.5.0/ovrtx/bin/usd_plugins/rtx_settings/generatedSchema.usda,3087,schema_declared_not_runtime_verified
RTX schema,OmniRtxPostDebugSettingsAPI_1,omni:rtx:post:colorgrade:outputMode,token,"""sRGBLinear""",True,"[""sRGBLinear"", ""ACEScg""]",Output Color Space,(deprecated carb setting path: '/rtx/post/colorgrad/outputMode'),/home/dillonb/DEV/db/Omnivore-work/ovrtx/ovrtx-0.5.0/ovrtx/bin/usd_plugins/rtx_settings/generatedSchema.usda,3091,schema_declared_not_runtime_verified
RTX schema,OmniRtxPostDebugSettingsAPI_1,omni:rtx:post:dlss:manualScaling,float,1,True,[],,(deprecated carb setting path: '/rtx/post/dlss/manualScaling'),/home/dillonb/DEV/db/Omnivore-work/ovrtx/ovrtx-0.5.0/ovrtx/bin/usd_plugins/rtx_settings/generatedSchema.usda,3096,schema_declared_not_runtime_verified
RTX schema,OmniRtxPostDebugSettingsAPI_1,omni:rtx:post:dof:eightResThreshold,float,64,True,[],,(deprecated carb setting path: '/rtx/post/dof/eightResThreshold'),/home/dillonb/DEV/db/Omnivore-work/ovrtx/ovrtx-0.5.0/ovrtx/bin/usd_plugins/rtx_settings/generatedSchema.usda,3099,schema_declared_not_runtime_verified
RTX schema,OmniRtxPostDebugSettingsAPI_1,omni:rtx:post:dof:halfResThreshold,float,4,True,[],,(deprecated carb setting path: '/rtx/post/dof/halfResThreshold'),/home/dillonb/DEV/db/Omnivore-work/ovrtx/ovrtx-0.5.0/ovrtx/bin/usd_plugins/rtx_settings/generatedSchema.usda,3102,schema_declared_not_runtime_verified
RTX schema,OmniRtxPostDebugSettingsAPI_1,omni:rtx:post:dof:overrideEnabled,bool,0,True,[],,(deprecated carb setting path: '/rtx/post/dof/overrideEnabled'),/home/dillonb/DEV/db/Omnivore-work/ovrtx/ovrtx-0.5.0/ovrtx/bin/usd_plugins/rtx_settings/generatedSchema.usda,3105,schema_declared_not_runtime_verified
RTX schema,OmniRtxPostDebugSettingsAPI_1,omni:rtx:post:dof:quarterResThreshold,float,32,True,[],,(deprecated carb setting path: '/rtx/post/dof/quarterResThreshold'),/home/dillonb/DEV/db/Omnivore-work/ovrtx/ovrtx-0.5.0/ovrtx/bin/usd_plugins/rtx_settings/generatedSchema.usda,3108,schema_declared_not_runtime_verified
RTX schema,OmniRtxPostDebugSettingsAPI_1,omni:rtx:post:fxaa:quality:edgeThreshold,float,0.166,True,[],,(deprecated carb setting path: '/rtx/post/fxaa/qualityEdgeThreshold'),/home/dillonb/DEV/db/Omnivore-work/ovrtx/ovrtx-0.5.0/ovrtx/bin/usd_plugins/rtx_settings/generatedSchema.usda,3111,schema_declared_not_runtime_verified
RTX schema,OmniRtxPostDebugSettingsAPI_1,omni:rtx:post:fxaa:quality:edgeThresholdMin,float,0.0833,True,[],,(deprecated carb setting path: '/rtx/post/fxaa/qualityEdgeThresholdMin'),/home/dillonb/DEV/db/Omnivore-work/ovrtx/ovrtx-0.5.0/ovrtx/bin/usd_plugins/rtx_settings/generatedSchema.usda,3114,schema_declared_not_runtime_verified
RTX schema,OmniRtxPostDebugSettingsAPI_1,omni:rtx:post:fxaa:quality:subPixel,float,0.75,True,[],,(deprecated carb setting path: '/rtx/post/fxaa/qualitySubPix'),/home/dillonb/DEV/db/Omnivore-work/ovrtx/ovrtx-0.5.0/ovrtx/bin/usd_plugins/rtx_settings/generatedSchema.usda,3117,schema_declared_not_runtime_verified
RTX schema,OmniRtxPostDebugSettingsAPI_1,omni:rtx:post:histogram:loglumrange,float,26,True,[],Logarithmic Luminance Range,(deprecated carb setting path: '/rtx/post/histogram/loglumrange'),/home/dillonb/DEV/db/Omnivore-work/ovrtx/ovrtx-0.5.0/ovrtx/bin/usd_plugins/rtx_settings/generatedSchema.usda,3120,schema_declared_not_runtime_verified
RTX schema,OmniRtxPostDebugSettingsAPI_1,omni:rtx:post:histogram:minloglum,float,-10,True,[],Minimum Logarithmic Luminance,(deprecated carb setting path: '/rtx/post/histogram/minloglum'),/home/dillonb/DEV/db/Omnivore-work/ovrtx/ovrtx-0.5.0/ovrtx/bin/usd_plugins/rtx_settings/generatedSchema.usda,3124,schema_declared_not_runtime_verified
RTX schema,OmniRtxPostDebugSettingsAPI_1,omni:rtx:post:lensDistortion:cameraFocalLength,float,100,True,[],,(deprecated carb setting path: '/rtx/post/lensDistortion/cameraFocalLength'),/home/dillonb/DEV/db/Omnivore-work/ovrtx/ovrtx-0.5.0/ovrtx/bin/usd_plugins/rtx_settings/generatedSchema.usda,3128,schema_declared_not_runtime_verified
RTX schema,OmniRtxPostDebugSettingsAPI_1,omni:rtx:post:lensDistortion:distortionMap,asset,@@,True,[],Distortion Map,<UDIM> EXR texture path to store the distortion maps for specified focal lengths. (deprecated carb setting path: '/rtx/post/lensDistortion/distortionMap'),/home/dillonb/DEV/db/Omnivore-work/ovrtx/ovrtx-0.5.0/ovrtx/bin/usd_plugins/rtx_settings/generatedSchema.usda,3131,schema_declared_not_runtime_verified
RTX schema,OmniRtxPostDebugSettingsAPI_1,omni:rtx:post:lensDistortion:enabled,bool,0,True,[],Lens Distortion,(deprecated carb setting path: '/rtx/post/lensDistortion/enabled'),/home/dillonb/DEV/db/Omnivore-work/ovrtx/ovrtx-0.5.0/ovrtx/bin/usd_plugins/rtx_settings/generatedSchema.usda,3136,schema_declared_not_runtime_verified
RTX schema,OmniRtxPostDebugSettingsAPI_1,omni:rtx:post:lensDistortion:lensFocalLengthArray,float3,"(10, 30, 50)",True,[],,(deprecated carb setting path: '/rtx/post/lensDistortion/lensFocalLengthArray'),/home/dillonb/DEV/db/Omnivore-work/ovrtx/ovrtx-0.5.0/ovrtx/bin/usd_plugins/rtx_settings/generatedSchema.usda,3140,schema_declared_not_runtime_verified
RTX schema,OmniRtxPostDebugSettingsAPI_1,omni:rtx:post:lensDistortion:overrideEnabled,bool,0,True,[],,(deprecated carb setting path: '/rtx/post/lensDistortion/overrideEnabled'),/home/dillonb/DEV/db/Omnivore-work/ovrtx/ovrtx-0.5.0/ovrtx/bin/usd_plugins/rtx_settings/generatedSchema.usda,3143,schema_declared_not_runtime_verified
RTX schema,OmniRtxPostDebugSettingsAPI_1,omni:rtx:post:lensDistortion:undistortionMap,asset,@@,True,[],Undistortion Map,<UDIM> EXR texture path to store the un-distortion maps for specified focal lengths. (deprecated carb setting path: '/rtx/post/lensDistortion/undistortionMap'),/home/dillonb/DEV/db/Omnivore-work/ovrtx/ovrtx-0.5.0/ovrtx/bin/usd_plugins/rtx_settings/generatedSchema.usda,3146,schema_declared_not_runtime_verified
RTX schema,OmniRtxPostDebugSettingsAPI_1,omni:rtx:post:lensFlares:anisoFlareFalloffX,float3,"(450, 475, 500)",True,[],   Aniso Falloff X,(deprecated carb setting path: '/rtx/post/lensFlares/anisoFlareFalloffX'),/home/dillonb/DEV/db/Omnivore-work/ovrtx/ovrtx-0.5.0/ovrtx/bin/usd_plugins/rtx_settings/generatedSchema.usda,3151,schema_declared_not_runtime_verified
RTX schema,OmniRtxPostDebugSettingsAPI_1,omni:rtx:post:lensFlares:anisoFlareFalloffY,float3,"(10, 10, 10)",True,[],   Aniso Falloff Y,(deprecated carb setting path: '/rtx/post/lensFlares/anisoFlareFalloffY'),/home/dillonb/DEV/db/Omnivore-work/ovrtx/ovrtx-0.5.0/ovrtx/bin/usd_plugins/rtx_settings/generatedSchema.usda,3155,schema_declared_not_runtime_verified
RTX schema,OmniRtxPostDebugSettingsAPI_1,omni:rtx:post:lensFlares:anisoFlareWeight,float,0.6,True,[],   Aniso Flare Weight,(deprecated carb setting path: '/rtx/post/lensFlares/anisoFlareWeight'),/home/dillonb/DEV/db/Omnivore-work/ovrtx/ovrtx-0.5.0/ovrtx/bin/usd_plugins/rtx_settings/generatedSchema.usda,3159,schema_declared_not_runtime_verified
RTX schema,OmniRtxPostDebugSettingsAPI_1,omni:rtx:post:lensFlares:haloFlareFalloff,float3,"(10, 10, 10)",True,[],   Halo Flare Falloff,(deprecated carb setting path: '/rtx/post/lensFlares/haloFlareFalloff'),/home/dillonb/DEV/db/Omnivore-work/ovrtx/ovrtx-0.5.0/ovrtx/bin/usd_plugins/rtx_settings/generatedSchema.usda,3163,schema_declared_not_runtime_verified
RTX schema,OmniRtxPostDebugSettingsAPI_1,omni:rtx:post:lensFlares:haloFlareRadius,float3,"(75, 75, 75)",True,[],   Halo Radius,(deprecated carb setting path: '/rtx/post/lensFlares/haloFlareRadius'),/home/dillonb/DEV/db/Omnivore-work/ovrtx/ovrtx-0.5.0/ovrtx/bin/usd_plugins/rtx_settings/generatedSchema.usda,3167,schema_declared_not_runtime_verified
RTX schema,OmniRtxPostDebugSettingsAPI_1,omni:rtx:post:lensFlares:haloFlareWeight,float,0.01,True,[],   Halo Flare Weight,(deprecated carb setting path: '/rtx/post/lensFlares/haloFlareWeight'),/home/dillonb/DEV/db/Omnivore-work/ovrtx/ovrtx-0.5.0/ovrtx/bin/usd_plugins/rtx_settings/generatedSchema.usda,3171,schema_declared_not_runtime_verified
RTX schema,OmniRtxPostDebugSettingsAPI_1,omni:rtx:post:lensFlares:isotropicFlareFalloff,float3,"(50, 50, 50)",True,[],   Isotropic Flare Falloff,(deprecated carb setting path: '/rtx/post/lensFlares/isotropicFlareFalloff'),/home/dillonb/DEV/db/Omnivore-work/ovrtx/ovrtx-0.5.0/ovrtx/bin/usd_plugins/rtx_settings/generatedSchema.usda,3175,schema_declared_not_runtime_verified
RTX schema,OmniRtxPostDebugSettingsAPI_1,omni:rtx:post:lensFlares:isotropicFlareWeight,float,0.4,True,[],   Isotropic Flare Weight,(deprecated carb setting path: '/rtx/post/lensFlares/isotropicFlareWeight'),/home/dillonb/DEV/db/Omnivore-work/ovrtx/ovrtx-0.5.0/ovrtx/bin/usd_plugins/rtx_settings/generatedSchema.usda,3179,schema_declared_not_runtime_verified
RTX schema,OmniRtxPostDebugSettingsAPI_1,omni:rtx:post:lensFlares:physicalSettings,bool,1,True,[],Physical Model,(deprecated carb setting path: '/rtx/post/lensFlares/physicalSettings'),/home/dillonb/DEV/db/Omnivore-work/ovrtx/ovrtx-0.5.0/ovrtx/bin/usd_plugins/rtx_settings/generatedSchema.usda,3183,schema_declared_not_runtime_verified
RTX schema,OmniRtxPostDebugSettingsAPI_1,omni:rtx:post:lensFlares:use2KFFT,bool,0,True,[],,(deprecated carb setting path: '/rtx/post/lensFlares/use2KFFT'),/home/dillonb/DEV/db/Omnivore-work/ovrtx/ovrtx-0.5.0/ovrtx/bin/usd_plugins/rtx_settings/generatedSchema.usda,3187,schema_declared_not_runtime_verified
RTX schema,OmniRtxPostDebugSettingsAPI_1,omni:rtx:post:registeredCompositing:enabled,bool,1,True,[],Use Registered Compositing,(deprecated carb setting path: '/rtx/post/registeredCompositing/enabled'),/home/dillonb/DEV/db/Omnivore-work/ovrtx/ovrtx-0.5.0/ovrtx/bin/usd_plugins/rtx_settings/generatedSchema.usda,3190,schema_declared_not_runtime_verified
RTX schema,OmniRtxPostDebugSettingsAPI_1,omni:rtx:post:registeredCompositing:invertColorCorrection,bool,0,True,[],,(deprecated carb setting path: '/rtx/post/registeredCompositing/invertColorCorrection'),/home/dillonb/DEV/db/Omnivore-work/ovrtx/ovrtx-0.5.0/ovrtx/bin/usd_plugins/rtx_settings/generatedSchema.usda,3194,schema_declared_not_runtime_verified
RTX schema,OmniRtxPostDebugSettingsAPI_1,omni:rtx:post:registeredCompositing:invertToneMap,bool,0,True,[],,(deprecated carb setting path: '/rtx/post/registeredCompositing/invertToneMap'),/home/dillonb/DEV/db/Omnivore-work/ovrtx/ovrtx-0.5.0/ovrtx/bin/usd_plugins/rtx_settings/generatedSchema.usda,3197,schema_declared_not_runtime_verified
RTX schema,OmniRtxPostDebugSettingsAPI_1,omni:rtx:post:scaling:staticRatio,float,1,True,[],,(deprecated carb setting path: '/rtx/post/scaling/staticRatio'),/home/dillonb/DEV/db/Omnivore-work/ovrtx/ovrtx-0.5.0/ovrtx/bin/usd_plugins/rtx_settings/generatedSchema.usda,3200,schema_declared_not_runtime_verified
RTX schema,OmniRtxPostDebugSettingsAPI_1,omni:rtx:post:taa:alpha,float,1,True,[],,(deprecated carb setting path: '/rtx/post/taa/alpha'),/home/dillonb/DEV/db/Omnivore-work/ovrtx/ovrtx-0.5.0/ovrtx/bin/usd_plugins/rtx_settings/generatedSchema.usda,3203,schema_declared_not_runtime_verified
RTX schema,OmniRtxPostDebugSettingsAPI_1,omni:rtx:post:taa:colorBoxSigma,float,2,True,[],,(deprecated carb setting path: '/rtx/post/taa/colorBoxSigma'),/home/dillonb/DEV/db/Omnivore-work/ovrtx/ovrtx-0.5.0/ovrtx/bin/usd_plugins/rtx_settings/generatedSchema.usda,3206,schema_declared_not_runtime_verified
RTX schema,OmniRtxPostDebugSettingsAPI_1,omni:rtx:post:taa:samples,int,8,True,[],,(deprecated carb setting path: '/rtx/post/taa/samples'),/home/dillonb/DEV/db/Omnivore-work/ovrtx/ovrtx-0.5.0/ovrtx/bin/usd_plugins/rtx_settings/generatedSchema.usda,3209,schema_declared_not_runtime_verified
RTX schema,OmniRtxPostDebugSettingsAPI_1,omni:rtx:post:tonemap:colorMode,token,"""sRGBLinear""",True,"[""sRGBLinear"", ""ACEScg""]",Output Color Space,(deprecated carb setting path: '/rtx/post/tonemap/colorMode'),/home/dillonb/DEV/db/Omnivore-work/ovrtx/ovrtx-0.5.0/ovrtx/bin/usd_plugins/rtx_settings/generatedSchema.usda,3212,schema_declared_not_runtime_verified
RTX schema,OmniRtxPostDebugSettingsAPI_1,omni:rtx:post:tonemap:enableSrgbToGamma,bool,1,True,[],SRGB To Gamma Conversion,(deprecated carb setting path: '/rtx/post/tonemap/enableSrgbToGamma'),/home/dillonb/DEV/db/Omnivore-work/ovrtx/ovrtx-0.5.0/ovrtx/bin/usd_plugins/rtx_settings/generatedSchema.usda,3217,schema_declared_not_runtime_verified
RTX schema,OmniRtxPostDebugSettingsAPI_1,omni:rtx:post:tonemap:exposureKey,float,0.25,True,[],,(deprecated carb setting path: '/rtx/post/tonemap/exposureKey'),/home/dillonb/DEV/db/Omnivore-work/ovrtx/ovrtx-0.5.0/ovrtx/bin/usd_plugins/rtx_settings/generatedSchema.usda,3221,schema_declared_not_runtime_verified
RTX schema,OmniRtxPostDebugSettingsAPI_1,omni:rtx:post:tonemap:maxWhiteLuminance,float,10,True,[],Max White Luminance,(deprecated carb setting path: '/rtx/post/tonemap/maxWhiteLuminance'),/home/dillonb/DEV/db/Omnivore-work/ovrtx/ovrtx-0.5.0/ovrtx/bin/usd_plugins/rtx_settings/generatedSchema.usda,3224,schema_declared_not_runtime_verified
RTX schema,OmniRtxPostDebugSettingsAPI_1,omni:rtx:post:tonemap:whitepoint,color3f,"(1, 1, 1)",True,[],White Point,(deprecated carb setting path: '/rtx/post/tonemap/whitepoint'),/home/dillonb/DEV/db/Omnivore-work/ovrtx/ovrtx-0.5.0/ovrtx/bin/usd_plugins/rtx_settings/generatedSchema.usda,3228,schema_declared_not_runtime_verified
RTX schema,OmniRtxPostDebugSettingsAPI_1,omni:rtx:post:tonemap:whiteScale,float,40.2,True,[],White Scale Value,(deprecated carb setting path: '/rtx/post/tonemap/whiteScale'),/home/dillonb/DEV/db/Omnivore-work/ovrtx/ovrtx-0.5.0/ovrtx/bin/usd_plugins/rtx_settings/generatedSchema.usda,3232,schema_declared_not_runtime_verified
RTX schema,OmniRtxPostDebugSettingsAPI_1,omni:rtx:post:tonemap:wrapValue,float,0,True,[],Wrap Value,(deprecated carb setting path: '/rtx/post/tonemap/wrapValue'),/home/dillonb/DEV/db/Omnivore-work/ovrtx/ovrtx-0.5.0/ovrtx/bin/usd_plugins/rtx_settings/generatedSchema.usda,3236,schema_declared_not_runtime_verified
RTX schema,OmniRtxPostDebugSettingsAPI_1,omni:rtx:viewTile:limit,uint,0,True,[],Limit the number of view-tiles to this number,(deprecated carb default value: 4294967295) (deprecated carb setting path: '/rtx/viewTile/limit'),/home/dillonb/DEV/db/Omnivore-work/ovrtx/ovrtx-0.5.0/ovrtx/bin/usd_plugins/rtx_settings/generatedSchema.usda,3241,schema_declared_not_runtime_verified
RTX schema,OmniRtxPostDebugSettingsAPI_1,omni:rtx:viewTile:resolution,int2,"(0, 0)",True,[],The resolution of an individual view-tile,(deprecated carb setting path: '/rtx/viewTile/resolution'),/home/dillonb/DEV/db/Omnivore-work/ovrtx/ovrtx-0.5.0/ovrtx/bin/usd_plugins/rtx_settings/generatedSchema.usda,3246,schema_declared_not_runtime_verified
RTX schema,OmniRtxPostDebugSettingsAPI_1,omni:rtx:viewTile:renderHistoryReset:requestId,int,0,True,[],Render history reset request ID,One-shot request token for resetting tiled render history. Increment after writing tileIndices. (deprecated carb setting path: '/rtx/viewTile/renderHistoryReset/requestId'),/home/dillonb/DEV/db/Omnivore-work/ovrtx/ovrtx-0.5.0/ovrtx/bin/usd_plugins/rtx_settings/generatedSchema.usda,3250,schema_declared_not_runtime_verified
RTX schema,OmniRtxPostDebugSettingsAPI_1,omni:rtx:viewTile:renderHistoryReset:tileIndices,float[],"[-2, -2, -2, -2, -2]",True,[],Render history reset tile indices,"Tile indices to reset. Use [-1] to reset all valid tiles, [-2] for no-op padding/default, and, e.g., [0, 2, 5] to reset selected tiles. (deprecated carb setting path: '/rtx/viewTile/renderHistoryReset/tileIndices')",/home/dillonb/DEV/db/Omnivore-work/ovrtx/ovrtx-0.5.0/ovrtx/bin/usd_plugins/rtx_settings/generatedSchema.usda,3255,schema_declared_not_runtime_verified
RTX schema,OmniRtxXrAPI_1,omni:rtx:xr:xrdepth:hitType,token,"""Opaque""",True,"[""Opaque"", ""First"", ""Refracted""]",Hit Type,Select the type of depth hit to store in XRDepth. (deprecated carb setting path: '/rtx/xr/xrdepth/hitType'),/home/dillonb/DEV/db/Omnivore-work/ovrtx/ovrtx-0.5.0/ovrtx/bin/usd_plugins/rtx_settings/generatedSchema.usda,3264,schema_declared_not_runtime_verified
RTX schema,OmniRtxXrAPI_1,omni:rtx:xr:xrdepth:refraction:mask:enabled,bool,1,True,[],Refraction Mask,Use geometric information from the scene to mask areas of the image that result in poor depth values when using refracted depth rays. For these parts of the image fallback to non-refracted depth rays. (deprecated carb setting path: '/rtx/xr/xrdepth/refraction/mask/enabled'),/home/dillonb/DEV/db/Omnivore-work/ovrtx/ovrtx-0.5.0/ovrtx/bin/usd_plugins/rtx_settings/generatedSchema.usda,3270,schema_declared_not_runtime_verified
RTX schema,OmniRtxXrAPI_1,omni:rtx:xr:xrdepth:refraction:mask:maxCurvature,float,0.01,True,[],Max Curvature,"When computing XRDepth for refracted depth rays, fallback to non-refracted depth rays if the normal curvature of the first hit exceeds this amount. (deprecated carb setting path: '/rtx/xr/xrdepth/refraction/mask/maxCurvature')",/home/dillonb/DEV/db/Omnivore-work/ovrtx/ovrtx-0.5.0/ovrtx/bin/usd_plugins/rtx_settings/generatedSchema.usda,3275,schema_declared_not_runtime_verified
RTX schema,OmniRtxXrAPI_1,omni:rtx:xr:xrdepth:refraction:mask:maxRefractionAngle,float,1.0,True,[],Max Refraction Angle,"When computing XRDepth for refracted depth rays, fallback to non-refracted depth rays if the difference in angle between the rays entering and exiting the translucent object differ by more than this amount. (deprecated carb setting path: '/rtx/xr/xrdepth/refraction/mask/maxRefractionAngle')",/home/dillonb/DEV/db/Omnivore-work/ovrtx/ovrtx-0.5.0/ovrtx/bin/usd_plugins/rtx_settings/generatedSchema.usda,3280,schema_declared_not_runtime_verified
RTX schema,OmniRtxXrFoveationAPI_1,omni:rtx:xr:foveation:unwarp,bool,0,True,[],Unwarp Output,Unwarp the final color output and XR depth AOV to omni:rtx:xr:foveation:unwarpedResolution. (deprecated carb setting path: '/rtx/xr/foveation/unwarp'),/home/dillonb/DEV/db/Omnivore-work/ovrtx/ovrtx-0.5.0/ovrtx/bin/usd_plugins/rtx_settings/generatedSchema.usda,3292,schema_declared_not_runtime_verified
RTX schema,OmniRtxXrFoveationAPI_1,omni:rtx:xr:foveation:unwarpedResolution,int2,"(0, 0)",True,[],Unwarped Resolution,"Positive output resolution before foveation. The RenderProduct resolution specifies the warped resolution and must not exceed this value on either axis. (0, 0) disables foveation. (deprecated carb setting path: '/rtx/xr/foveation/unwarpedResolution')",/home/dillonb/DEV/db/Omnivore-work/ovrtx/ovrtx-0.5.0/ovrtx/bin/usd_plugins/rtx_settings/generatedSchema.usda,3297,schema_declared_not_runtime_verified
RTX schema,OmniRtxXrFoveationAPI_1,omni:rtx:xr:foveation:center,float2,"(0.5, 0.5)",True,[],Center,"Normalized center of the full-resolution foveated region. Each component must be in [0, 1]. (deprecated carb setting path: '/rtx/xr/foveation/center')",/home/dillonb/DEV/db/Omnivore-work/ovrtx/ovrtx-0.5.0/ovrtx/bin/usd_plugins/rtx_settings/generatedSchema.usda,3302,schema_declared_not_runtime_verified
RTX schema,OmniRtxXrFoveationAPI_1,omni:rtx:xr:foveation:radius,float2,"(0.2, 0.2)",True,[],Radius,"Normalized per-axis radius of the full-resolution foveated region. Each component must be in (0, 1]. (deprecated carb setting path: '/rtx/xr/foveation/radius')",/home/dillonb/DEV/db/Omnivore-work/ovrtx/ovrtx-0.5.0/ovrtx/bin/usd_plugins/rtx_settings/generatedSchema.usda,3307,schema_declared_not_runtime_verified
RTX schema,OmniRtxSettingsParticleFieldAPI_1,omni:rtx:rtpt:gaussian:accumulatedDepth:enabled,bool,1,True,[],Accumulate depth,"When enabled, gaussian hit depth is opacity-weighted across up to maxGaussiansToAccumulate hits, producing a more stable depth than the stochastic single-hit depth. Useful for reducing ghosting in DLSS-RR. (deprecated carb setting path: '/rtx/rtpt/gaussian/accumulatedDepth/enabled')",/home/dillonb/DEV/db/Omnivore-work/ovrtx/ovrtx-0.5.0/ovrtx/bin/usd_plugins/rtx_settings/generatedSchema.usda,3317,schema_declared_not_runtime_verified
RTX schema,OmniRtxSettingsParticleFieldAPI_1,omni:rtx:rtpt:gaussian:accumulatedAlbedo:enabled,bool,1,True,[],Accumulate albedo,"When enabled, gaussian SH0 albedo is opacity-weighted across up to maxGaussiansToAccumulate hits and the result overrides the GBuffer diffuse albedo. (deprecated carb setting path: '/rtx/rtpt/gaussian/accumulatedAlbedo/enabled')",/home/dillonb/DEV/db/Omnivore-work/ovrtx/ovrtx-0.5.0/ovrtx/bin/usd_plugins/rtx_settings/generatedSchema.usda,3322,schema_declared_not_runtime_verified
RTX schema,OmniRtxSettingsParticleFieldAPI_1,omni:rtx:rtpt:gaussian:maxGaussiansToAccumulate,int,48,True,[],Max gaussians to accumulate,"Total hit budget for gaussian depth/albedo accumulation. Values up to 48 use a single pass over the closest N hits. Values above 48 enable a multi-batch traversal that continues until the budget is reached, the 95% opacity threshold is hit, or no more candidates are found. Set to -1 for unlimited accumulation (stops only on opacity threshold or BVH exhaust). Set to 0 to disable accumulation entirely (Accumulate Depth/Albedo are ignored). Higher values reduce ghosting in dense gaussian regions at proportional perf cost. (deprecated carb setting path: '/rtx/rtpt/gaussian/maxGaussiansToAccumulate')",/home/dillonb/DEV/db/Omnivore-work/ovrtx/ovrtx-0.5.0/ovrtx/bin/usd_plugins/rtx_settings/generatedSchema.usda,3327,schema_declared_not_runtime_verified
USD render schema,RenderSettingsBase,aspectRatioConformPolicy,token,"""expandAperture""",True,"[""expandAperture"", ""cropAperture"", ""adjustApertureWidth"", ""adjustApertureHeight"", ""adjustPixelAspectRatio""]",,,/home/dillonb/DEV/db/Omnivore-work/ovrtx/ovrtx-0.5.0/ovrtx/bin/plugins/usd/usdRender/resources/generatedSchema.usda,200,schema_declared_not_runtime_verified
USD render schema,RenderSettingsBase,camera,relationship,,False,[],,,/home/dillonb/DEV/db/Omnivore-work/ovrtx/ovrtx-0.5.0/ovrtx/bin/plugins/usd/usdRender/resources/generatedSchema.usda,208,schema_declared_not_runtime_verified
USD render schema,RenderSettingsBase,dataWindowNDC,float4,"(0, 0, 1, 1)",True,[],,,/home/dillonb/DEV/db/Omnivore-work/ovrtx/ovrtx-0.5.0/ovrtx/bin/plugins/usd/usdRender/resources/generatedSchema.usda,214,schema_declared_not_runtime_verified
USD render schema,RenderSettingsBase,disableDepthOfField,bool,0,True,[],,,/home/dillonb/DEV/db/Omnivore-work/ovrtx/ovrtx-0.5.0/ovrtx/bin/plugins/usd/usdRender/resources/generatedSchema.usda,222,schema_declared_not_runtime_verified
USD render schema,RenderSettingsBase,disableMotionBlur,bool,0,True,[],,,/home/dillonb/DEV/db/Omnivore-work/ovrtx/ovrtx-0.5.0/ovrtx/bin/plugins/usd/usdRender/resources/generatedSchema.usda,228,schema_declared_not_runtime_verified
USD render schema,RenderSettingsBase,instantaneousShutter,bool,0,True,[],,,/home/dillonb/DEV/db/Omnivore-work/ovrtx/ovrtx-0.5.0/ovrtx/bin/plugins/usd/usdRender/resources/generatedSchema.usda,235,schema_declared_not_runtime_verified
USD render schema,RenderSettingsBase,pixelAspectRatio,float,1,True,[],,,/home/dillonb/DEV/db/Omnivore-work/ovrtx/ovrtx-0.5.0/ovrtx/bin/plugins/usd/usdRender/resources/generatedSchema.usda,247,schema_declared_not_runtime_verified
USD render schema,RenderSettingsBase,resolution,int2,"(2048, 1080)",True,[],,,/home/dillonb/DEV/db/Omnivore-work/ovrtx/ovrtx-0.5.0/ovrtx/bin/plugins/usd/usdRender/resources/generatedSchema.usda,269,schema_declared_not_runtime_verified
USD render schema,RenderSettings,aspectRatioConformPolicy,token,,True,"[""expandAperture"", ""cropAperture"", ""adjustApertureWidth"", ""adjustApertureHeight"", ""adjustPixelAspectRatio""]",,,/home/dillonb/DEV/db/Omnivore-work/ovrtx/ovrtx-0.5.0/ovrtx/bin/plugins/usd/usdRender/resources/generatedSchema.usda,,schema_declared_not_runtime_verified
USD render schema,RenderSettings,camera,relationship,,False,[],,,/home/dillonb/DEV/db/Omnivore-work/ovrtx/ovrtx-0.5.0/ovrtx/bin/plugins/usd/usdRender/resources/generatedSchema.usda,,schema_declared_not_runtime_verified
USD render schema,RenderSettings,dataWindowNDC,float4,,True,[],,,/home/dillonb/DEV/db/Omnivore-work/ovrtx/ovrtx-0.5.0/ovrtx/bin/plugins/usd/usdRender/resources/generatedSchema.usda,,schema_declared_not_runtime_verified
USD render schema,RenderSettings,disableDepthOfField,bool,,True,[],,,/home/dillonb/DEV/db/Omnivore-work/ovrtx/ovrtx-0.5.0/ovrtx/bin/plugins/usd/usdRender/resources/generatedSchema.usda,,schema_declared_not_runtime_verified
USD render schema,RenderSettings,disableMotionBlur,bool,,True,[],,,/home/dillonb/DEV/db/Omnivore-work/ovrtx/ovrtx-0.5.0/ovrtx/bin/plugins/usd/usdRender/resources/generatedSchema.usda,,schema_declared_not_runtime_verified
USD render schema,RenderSettings,includedPurposes,token[],,True,[],,,/home/dillonb/DEV/db/Omnivore-work/ovrtx/ovrtx-0.5.0/ovrtx/bin/plugins/usd/usdRender/resources/generatedSchema.usda,,schema_declared_not_runtime_verified
USD render schema,RenderSettings,instantaneousShutter,bool,,True,[],,,/home/dillonb/DEV/db/Omnivore-work/ovrtx/ovrtx-0.5.0/ovrtx/bin/plugins/usd/usdRender/resources/generatedSchema.usda,,schema_declared_not_runtime_verified
USD render schema,RenderSettings,materialBindingPurposes,token[],,True,"[""full"", ""preview"", """"]",,,/home/dillonb/DEV/db/Omnivore-work/ovrtx/ovrtx-0.5.0/ovrtx/bin/plugins/usd/usdRender/resources/generatedSchema.usda,,schema_declared_not_runtime_verified
USD render schema,RenderSettings,pixelAspectRatio,float,,True,[],,,/home/dillonb/DEV/db/Omnivore-work/ovrtx/ovrtx-0.5.0/ovrtx/bin/plugins/usd/usdRender/resources/generatedSchema.usda,,schema_declared_not_runtime_verified
USD render schema,RenderSettings,products,relationship,,False,[],,,/home/dillonb/DEV/db/Omnivore-work/ovrtx/ovrtx-0.5.0/ovrtx/bin/plugins/usd/usdRender/resources/generatedSchema.usda,,schema_declared_not_runtime_verified
USD render schema,RenderSettings,renderingColorSpace,token,,False,[],,,/home/dillonb/DEV/db/Omnivore-work/ovrtx/ovrtx-0.5.0/ovrtx/bin/plugins/usd/usdRender/resources/generatedSchema.usda,,schema_declared_not_runtime_verified
USD render schema,RenderSettings,resolution,int2,,True,[],,,/home/dillonb/DEV/db/Omnivore-work/ovrtx/ovrtx-0.5.0/ovrtx/bin/plugins/usd/usdRender/resources/generatedSchema.usda,,schema_declared_not_runtime_verified
USD render schema,RenderVar,dataType,token,,True,[],,,/home/dillonb/DEV/db/Omnivore-work/ovrtx/ovrtx-0.5.0/ovrtx/bin/plugins/usd/usdRender/resources/generatedSchema.usda,,schema_declared_not_runtime_verified
USD render schema,RenderVar,sourceName,string,,True,[],,,/home/dillonb/DEV/db/Omnivore-work/ovrtx/ovrtx-0.5.0/ovrtx/bin/plugins/usd/usdRender/resources/generatedSchema.usda,,schema_declared_not_runtime_verified
USD render schema,RenderVar,sourceType,token,,True,"[""raw"", ""primvar"", ""lpe"", ""intrinsic""]",,,/home/dillonb/DEV/db/Omnivore-work/ovrtx/ovrtx-0.5.0/ovrtx/bin/plugins/usd/usdRender/resources/generatedSchema.usda,,schema_declared_not_runtime_verified
USD render schema,RenderProduct,aspectRatioConformPolicy,token,,True,"[""expandAperture"", ""cropAperture"", ""adjustApertureWidth"", ""adjustApertureHeight"", ""adjustPixelAspectRatio""]",,,/home/dillonb/DEV/db/Omnivore-work/ovrtx/ovrtx-0.5.0/ovrtx/bin/plugins/usd/usdRender/resources/generatedSchema.usda,,schema_declared_not_runtime_verified
USD render schema,RenderProduct,camera,relationship,,False,[],,,/home/dillonb/DEV/db/Omnivore-work/ovrtx/ovrtx-0.5.0/ovrtx/bin/plugins/usd/usdRender/resources/generatedSchema.usda,,schema_declared_not_runtime_verified
USD render schema,RenderProduct,dataWindowNDC,float4,,True,[],,,/home/dillonb/DEV/db/Omnivore-work/ovrtx/ovrtx-0.5.0/ovrtx/bin/plugins/usd/usdRender/resources/generatedSchema.usda,,schema_declared_not_runtime_verified
USD render schema,RenderProduct,disableDepthOfField,bool,,True,[],,,/home/dillonb/DEV/db/Omnivore-work/ovrtx/ovrtx-0.5.0/ovrtx/bin/plugins/usd/usdRender/resources/generatedSchema.usda,,schema_declared_not_runtime_verified
USD render schema,RenderProduct,disableMotionBlur,bool,,True,[],,,/home/dillonb/DEV/db/Omnivore-work/ovrtx/ovrtx-0.5.0/ovrtx/bin/plugins/usd/usdRender/resources/generatedSchema.usda,,schema_declared_not_runtime_verified
USD render schema,RenderProduct,instantaneousShutter,bool,,True,[],,,/home/dillonb/DEV/db/Omnivore-work/ovrtx/ovrtx-0.5.0/ovrtx/bin/plugins/usd/usdRender/resources/generatedSchema.usda,,schema_declared_not_runtime_verified
USD render schema,RenderProduct,orderedVars,relationship,,False,[],,,/home/dillonb/DEV/db/Omnivore-work/ovrtx/ovrtx-0.5.0/ovrtx/bin/plugins/usd/usdRender/resources/generatedSchema.usda,,schema_declared_not_runtime_verified
USD render schema,RenderProduct,pixelAspectRatio,float,,True,[],,,/home/dillonb/DEV/db/Omnivore-work/ovrtx/ovrtx-0.5.0/ovrtx/bin/plugins/usd/usdRender/resources/generatedSchema.usda,,schema_declared_not_runtime_verified
USD render schema,RenderProduct,productName,token,,True,[],,,/home/dillonb/DEV/db/Omnivore-work/ovrtx/ovrtx-0.5.0/ovrtx/bin/plugins/usd/usdRender/resources/generatedSchema.usda,,schema_declared_not_runtime_verified
USD render schema,RenderProduct,productType,token,,True,"[""raster"", ""deepRaster""]",,,/home/dillonb/DEV/db/Omnivore-work/ovrtx/ovrtx-0.5.0/ovrtx/bin/plugins/usd/usdRender/resources/generatedSchema.usda,,schema_declared_not_runtime_verified
USD render schema,RenderProduct,resolution,int2,,True,[],,,/home/dillonb/DEV/db/Omnivore-work/ovrtx/ovrtx-0.5.0/ovrtx/bin/plugins/usd/usdRender/resources/generatedSchema.usda,,schema_declared_not_runtime_verified
USD camera schema,Camera,clippingPlanes,float4[],,True,[],,,/home/dillonb/DEV/db/Omnivore-work/ovrtx/ovrtx-0.5.0/ovrtx/bin/plugins/usd/usdGeom/resources/generatedSchema.usda,,schema_declared_not_runtime_verified
USD camera schema,Camera,clippingRange,float2,,True,[],,,/home/dillonb/DEV/db/Omnivore-work/ovrtx/ovrtx-0.5.0/ovrtx/bin/plugins/usd/usdGeom/resources/generatedSchema.usda,,schema_declared_not_runtime_verified
USD camera schema,Camera,exposure,float,,True,[],,,/home/dillonb/DEV/db/Omnivore-work/ovrtx/ovrtx-0.5.0/ovrtx/bin/plugins/usd/usdGeom/resources/generatedSchema.usda,,schema_declared_not_runtime_verified
USD camera schema,Camera,exposure:fStop,float,,True,[],,,/home/dillonb/DEV/db/Omnivore-work/ovrtx/ovrtx-0.5.0/ovrtx/bin/plugins/usd/usdGeom/resources/generatedSchema.usda,,schema_declared_not_runtime_verified
USD camera schema,Camera,exposure:iso,float,,True,[],,,/home/dillonb/DEV/db/Omnivore-work/ovrtx/ovrtx-0.5.0/ovrtx/bin/plugins/usd/usdGeom/resources/generatedSchema.usda,,schema_declared_not_runtime_verified
USD camera schema,Camera,exposure:responsivity,float,,True,[],,,/home/dillonb/DEV/db/Omnivore-work/ovrtx/ovrtx-0.5.0/ovrtx/bin/plugins/usd/usdGeom/resources/generatedSchema.usda,,schema_declared_not_runtime_verified
USD camera schema,Camera,exposure:time,float,,True,[],,,/home/dillonb/DEV/db/Omnivore-work/ovrtx/ovrtx-0.5.0/ovrtx/bin/plugins/usd/usdGeom/resources/generatedSchema.usda,,schema_declared_not_runtime_verified
USD camera schema,Camera,focalLength,float,,True,[],,,/home/dillonb/DEV/db/Omnivore-work/ovrtx/ovrtx-0.5.0/ovrtx/bin/plugins/usd/usdGeom/resources/generatedSchema.usda,,schema_declared_not_runtime_verified
USD camera schema,Camera,focusDistance,float,,True,[],,,/home/dillonb/DEV/db/Omnivore-work/ovrtx/ovrtx-0.5.0/ovrtx/bin/plugins/usd/usdGeom/resources/generatedSchema.usda,,schema_declared_not_runtime_verified
USD camera schema,Camera,fStop,float,,True,[],,,/home/dillonb/DEV/db/Omnivore-work/ovrtx/ovrtx-0.5.0/ovrtx/bin/plugins/usd/usdGeom/resources/generatedSchema.usda,,schema_declared_not_runtime_verified
USD camera schema,Camera,horizontalAperture,float,,True,[],,,/home/dillonb/DEV/db/Omnivore-work/ovrtx/ovrtx-0.5.0/ovrtx/bin/plugins/usd/usdGeom/resources/generatedSchema.usda,,schema_declared_not_runtime_verified
USD camera schema,Camera,horizontalApertureOffset,float,,True,[],,,/home/dillonb/DEV/db/Omnivore-work/ovrtx/ovrtx-0.5.0/ovrtx/bin/plugins/usd/usdGeom/resources/generatedSchema.usda,,schema_declared_not_runtime_verified
USD camera schema,Camera,projection,token,,True,"[""perspective"", ""orthographic""]",,,/home/dillonb/DEV/db/Omnivore-work/ovrtx/ovrtx-0.5.0/ovrtx/bin/plugins/usd/usdGeom/resources/generatedSchema.usda,,schema_declared_not_runtime_verified
USD camera schema,Camera,proxyPrim,relationship,,False,[],,,/home/dillonb/DEV/db/Omnivore-work/ovrtx/ovrtx-0.5.0/ovrtx/bin/plugins/usd/usdGeom/resources/generatedSchema.usda,,schema_declared_not_runtime_verified
USD camera schema,Camera,purpose,token,,True,"[""default"", ""render"", ""proxy"", ""guide""]",,,/home/dillonb/DEV/db/Omnivore-work/ovrtx/ovrtx-0.5.0/ovrtx/bin/plugins/usd/usdGeom/resources/generatedSchema.usda,,schema_declared_not_runtime_verified
USD camera schema,Camera,shutter:close,double,,True,[],,,/home/dillonb/DEV/db/Omnivore-work/ovrtx/ovrtx-0.5.0/ovrtx/bin/plugins/usd/usdGeom/resources/generatedSchema.usda,,schema_declared_not_runtime_verified
USD camera schema,Camera,shutter:open,double,,True,[],,,/home/dillonb/DEV/db/Omnivore-work/ovrtx/ovrtx-0.5.0/ovrtx/bin/plugins/usd/usdGeom/resources/generatedSchema.usda,,schema_declared_not_runtime_verified
USD camera schema,Camera,stereoRole,token,,True,"[""mono"", ""left"", ""right""]",,,/home/dillonb/DEV/db/Omnivore-work/ovrtx/ovrtx-0.5.0/ovrtx/bin/plugins/usd/usdGeom/resources/generatedSchema.usda,,schema_declared_not_runtime_verified
USD camera schema,Camera,verticalAperture,float,,True,[],,,/home/dillonb/DEV/db/Omnivore-work/ovrtx/ovrtx-0.5.0/ovrtx/bin/plugins/usd/usdGeom/resources/generatedSchema.usda,,schema_declared_not_runtime_verified
USD camera schema,Camera,verticalApertureOffset,float,,True,[],,,/home/dillonb/DEV/db/Omnivore-work/ovrtx/ovrtx-0.5.0/ovrtx/bin/plugins/usd/usdGeom/resources/generatedSchema.usda,,schema_declared_not_runtime_verified
USD camera schema,Camera,visibility,token,,True,"[""inherited"", ""invisible""]",,,/home/dillonb/DEV/db/Omnivore-work/ovrtx/ovrtx-0.5.0/ovrtx/bin/plugins/usd/usdGeom/resources/generatedSchema.usda,,schema_declared_not_runtime_verified
USD camera schema,Camera,xformOpOrder,token[],,False,[],,,/home/dillonb/DEV/db/Omnivore-work/ovrtx/ovrtx-0.5.0/ovrtx/bin/plugins/usd/usdGeom/resources/generatedSchema.usda,,schema_declared_not_runtime_verified
Documented RenderProduct,Render Mode Selection,omni:rtx:rendermode,token,"""RealTimePathTracing""",True,[],,"Render mode: `""RealTimePathTracing""`, `""PathTracing""`, or `""MinimalRendering""`",/home/dillonb/DEV/skills-src/ovrtx/skills/render-settings/SKILL.md,101,documented_not_runtime_verified
Documented RenderProduct,Sampling and Caching,omni:rtx:rtpt:cached:enabled,bool,true,True,[],,,/home/dillonb/DEV/skills-src/ovrtx/skills/render-settings/SKILL.md,109,documented_not_runtime_verified
Documented RenderProduct,Sampling and Caching,omni:rtx:rtpt:lightcache:cached:enabled,bool,true,True,[],,,/home/dillonb/DEV/skills-src/ovrtx/skills/render-settings/SKILL.md,110,documented_not_runtime_verified
Documented RenderProduct,Sampling and Caching,omni:rtx:rtpt:ris:meshLights,bool,false,True,[],,,/home/dillonb/DEV/skills-src/ovrtx/skills/render-settings/SKILL.md,111,documented_not_runtime_verified
Documented RenderProduct,Ray Bounces and Shading,omni:rtx:rtpt:maxBounces,uint,3,True,[],,,/home/dillonb/DEV/skills-src/ovrtx/skills/render-settings/SKILL.md,117,documented_not_runtime_verified
Documented RenderProduct,Ray Bounces and Shading,omni:rtx:rtpt:extraSpecularAndTransmissiveBounces,uint,0,True,[],,,/home/dillonb/DEV/skills-src/ovrtx/skills/render-settings/SKILL.md,118,documented_not_runtime_verified
Documented RenderProduct,Ray Bounces and Shading,omni:rtx:rtpt:maxVolumeBounces,uint,3,True,[],,,/home/dillonb/DEV/skills-src/ovrtx/skills/render-settings/SKILL.md,119,documented_not_runtime_verified
Documented RenderProduct,Ray Bounces and Shading,omni:rtx:pt:fractionalCutoutOpacity,bool,true,True,[],,,/home/dillonb/DEV/skills-src/ovrtx/skills/render-settings/SKILL.md,120,documented_not_runtime_verified
Documented RenderProduct,Ray Bounces and Shading,omni:rtx:rtpt:maxRoughness,float,0.3,True,[],,,/home/dillonb/DEV/skills-src/ovrtx/skills/render-settings/SKILL.md,121,documented_not_runtime_verified
Documented RenderProduct,Ray Bounces and Shading,omni:rtx:rt:reflections:roughnessCacheThreshold,float,0.3,True,[],,,/home/dillonb/DEV/skills-src/ovrtx/skills/render-settings/SKILL.md,122,documented_not_runtime_verified
Documented RenderProduct,Ray Bounces and Shading,omni:rtx:rtpt:translucency:virtualMotion:enabled,bool,true,True,[],,,/home/dillonb/DEV/skills-src/ovrtx/skills/render-settings/SKILL.md,123,documented_not_runtime_verified
Documented RenderProduct,Firefly Filter,omni:rtx:rtpt:fireflyFilter:enabled,bool,true,True,[],,,/home/dillonb/DEV/skills-src/ovrtx/skills/render-settings/SKILL.md,129,documented_not_runtime_verified
Documented RenderProduct,Firefly Filter,omni:rtx:rtpt:fireflyFilter:maxUnexposedIntensityPerSample,float,3200.0,True,[],,,/home/dillonb/DEV/skills-src/ovrtx/skills/render-settings/SKILL.md,130,documented_not_runtime_verified
Documented RenderProduct,Firefly Filter,omni:rtx:rtpt:fireflyFilter:maxUnexposedIntensityPerSampleDiffuse,float,3200.0,True,[],,,/home/dillonb/DEV/skills-src/ovrtx/skills/render-settings/SKILL.md,131,documented_not_runtime_verified
Documented RenderProduct,Firefly Filter,omni:rtx:rtpt:fireflyFilter:maxPerEmissiveUnexposedIntensity,float,3200.0,True,[],,,/home/dillonb/DEV/skills-src/ovrtx/skills/render-settings/SKILL.md,132,documented_not_runtime_verified
Documented RenderProduct,Gaussian Splatting,omni:rtx:rtpt:gaussian:accumulatedDepth:enabled,bool,true,True,[],,,/home/dillonb/DEV/skills-src/ovrtx/skills/render-settings/SKILL.md,138,documented_not_runtime_verified
Documented RenderProduct,Gaussian Splatting,omni:rtx:rtpt:gaussian:accumulatedAlbedo:enabled,bool,true,True,[],,,/home/dillonb/DEV/skills-src/ovrtx/skills/render-settings/SKILL.md,139,documented_not_runtime_verified
Documented RenderProduct,Gaussian Splatting,omni:rtx:rtpt:gaussian:maxGaussiansToAccumulate,int,48,True,[],,,/home/dillonb/DEV/skills-src/ovrtx/skills/render-settings/SKILL.md,140,documented_not_runtime_verified
Documented RenderProduct,Path Tracing,omni:rtx:pt:samplesPerPixel,uint,512,True,[],,,/home/dillonb/DEV/skills-src/ovrtx/skills/render-settings/SKILL.md,148,documented_not_runtime_verified
Documented RenderProduct,Path Tracing,omni:rtx:pt:samplesPerIteration,int,1,True,[],,,/home/dillonb/DEV/skills-src/ovrtx/skills/render-settings/SKILL.md,149,documented_not_runtime_verified
Documented RenderProduct,Path Tracing,omni:rtx:pt:adaptiveSampling:enabled,bool,true,True,[],,,/home/dillonb/DEV/skills-src/ovrtx/skills/render-settings/SKILL.md,150,documented_not_runtime_verified
Documented RenderProduct,Path Tracing,omni:rtx:pt:limits:maxBounces,uint,4,True,[],,,/home/dillonb/DEV/skills-src/ovrtx/skills/render-settings/SKILL.md,151,documented_not_runtime_verified
Documented RenderProduct,Path Tracing,omni:rtx:pt:limits:extraSpecularAndTransmissiveBounces,uint,2,True,[],,,/home/dillonb/DEV/skills-src/ovrtx/skills/render-settings/SKILL.md,152,documented_not_runtime_verified
Documented RenderProduct,Path Tracing,omni:rtx:pt:maxVolumeBounces,uint,15,True,[],,,/home/dillonb/DEV/skills-src/ovrtx/skills/render-settings/SKILL.md,153,documented_not_runtime_verified
Documented RenderProduct,Path Tracing,omni:rtx:pt:limits:maxFogBounces,uint,2,True,[],,,/home/dillonb/DEV/skills-src/ovrtx/skills/render-settings/SKILL.md,154,documented_not_runtime_verified
Documented RenderProduct,Path Tracing,omni:rtx:pt:fractionalCutoutOpacity,bool,true,True,[],,,/home/dillonb/DEV/skills-src/ovrtx/skills/render-settings/SKILL.md,155,documented_not_runtime_verified
Documented RenderProduct,Denoising,omni:rtx:pt:denoising:enabled,bool,true,True,[],,,/home/dillonb/DEV/skills-src/ovrtx/skills/render-settings/SKILL.md,161,documented_not_runtime_verified
Documented RenderProduct,Denoising,omni:rtx:pt:denoising:optix:temporal,bool,false,True,[],,,/home/dillonb/DEV/skills-src/ovrtx/skills/render-settings/SKILL.md,162,documented_not_runtime_verified
Documented RenderProduct,Denoising,omni:rtx:pt:denoising:blendFactor,float,0.0,True,[],,,/home/dillonb/DEV/skills-src/ovrtx/skills/render-settings/SKILL.md,163,documented_not_runtime_verified
Documented RenderProduct,Denoising,omni:rtx:pt:denoising:optix:denoiseAOVs,bool,true,True,[],,,/home/dillonb/DEV/skills-src/ovrtx/skills/render-settings/SKILL.md,164,documented_not_runtime_verified
Documented RenderProduct,Sampling and Caching,omni:rtx:pt:radianceCache:enabled,bool,true,True,[],,,/home/dillonb/DEV/skills-src/ovrtx/skills/render-settings/SKILL.md,170,documented_not_runtime_verified
Documented RenderProduct,Sampling and Caching,omni:rtx:pt:lightCache:enabled,bool,true,True,[],,,/home/dillonb/DEV/skills-src/ovrtx/skills/render-settings/SKILL.md,171,documented_not_runtime_verified
Documented RenderProduct,Sampling and Caching,omni:rtx:pt:ris:meshLights,bool,false,True,[],,,/home/dillonb/DEV/skills-src/ovrtx/skills/render-settings/SKILL.md,172,documented_not_runtime_verified
Documented RenderProduct,Sampling and Caching,omni:rtx:pathtracing:rayguide:cached:enabled,bool,false,True,[],,,/home/dillonb/DEV/skills-src/ovrtx/skills/render-settings/SKILL.md,173,documented_not_runtime_verified
Documented RenderProduct,Firefly Filter,omni:rtx:pt:fireflyFilter:enabled,bool,true,True,[],,,/home/dillonb/DEV/skills-src/ovrtx/skills/render-settings/SKILL.md,179,documented_not_runtime_verified
Documented RenderProduct,Firefly Filter,omni:rtx:pt:fireflyFilter:maxUnexposedIntensityPerSample,float,3200.0,True,[],,,/home/dillonb/DEV/skills-src/ovrtx/skills/render-settings/SKILL.md,180,documented_not_runtime_verified
Documented RenderProduct,Firefly Filter,omni:rtx:pt:fireflyFilter:maxUnexposedIntensityPerSampleDiffuse,float,3200.0,True,[],,,/home/dillonb/DEV/skills-src/ovrtx/skills/render-settings/SKILL.md,181,documented_not_runtime_verified
Documented RenderProduct,Firefly Filter,omni:rtx:pt:fireflyFilter:maxPerEmissiveUnexposedIntensity,float,3200.0,True,[],,,/home/dillonb/DEV/skills-src/ovrtx/skills/render-settings/SKILL.md,182,documented_not_runtime_verified
Documented RenderProduct,Spectral Rendering,omni:rtx:pathtracing:spectral:enabled,bool,false,True,[],,,/home/dillonb/DEV/skills-src/ovrtx/skills/render-settings/SKILL.md,188,documented_not_runtime_verified
Documented RenderProduct,Spectral Rendering,omni:rtx:pathtracing:spectral:wavelengthMin,float,10.0,True,[],,,/home/dillonb/DEV/skills-src/ovrtx/skills/render-settings/SKILL.md,189,documented_not_runtime_verified
Documented RenderProduct,Spectral Rendering,omni:rtx:pathtracing:spectral:wavelengthMax,float,10000.0,True,[],,,/home/dillonb/DEV/skills-src/ovrtx/skills/render-settings/SKILL.md,190,documented_not_runtime_verified
Documented RenderProduct,Spectral Rendering,omni:rtx:renderingColorSpace,string,"""lin_rec709_scene""",True,[],,,/home/dillonb/DEV/skills-src/ovrtx/skills/render-settings/SKILL.md,191,documented_not_runtime_verified
Documented RenderProduct,Spectral Rendering,omni:rtx:pathtracing:spectral:responseCurve,uint,0,True,[],,,/home/dillonb/DEV/skills-src/ovrtx/skills/render-settings/SKILL.md,192,documented_not_runtime_verified
Documented RenderProduct,Non-Uniform Volumes,omni:rtx:pt:ptvol:enabled,bool,false,True,[],,,/home/dillonb/DEV/skills-src/ovrtx/skills/render-settings/SKILL.md,198,documented_not_runtime_verified
Documented RenderProduct,Non-Uniform Volumes,omni:rtx:pt:volumes:transmittanceMethod,token,"""biasedRayMarching""",True,[],,,/home/dillonb/DEV/skills-src/ovrtx/skills/render-settings/SKILL.md,199,documented_not_runtime_verified
Documented RenderProduct,Non-Uniform Volumes,omni:rtx:pt:volumes:tracking:maxScatteringSteps,int,1024,True,[],,,/home/dillonb/DEV/skills-src/ovrtx/skills/render-settings/SKILL.md,200,documented_not_runtime_verified
Documented RenderProduct,Non-Uniform Volumes,omni:rtx:pt:volumes:tracking:maxShadowSteps,int,32,True,[],,,/home/dillonb/DEV/skills-src/ovrtx/skills/render-settings/SKILL.md,201,documented_not_runtime_verified
Documented RenderProduct,Non-Uniform Volumes,omni:rtx:pt:limits:maxVolumeBounces,uint,2,True,[],,,/home/dillonb/DEV/skills-src/ovrtx/skills/render-settings/SKILL.md,202,documented_not_runtime_verified
Documented RenderProduct,Multi-GPU,omni:rtx:pt:multigpu:enabled,bool,true,True,[],,,/home/dillonb/DEV/skills-src/ovrtx/skills/render-settings/SKILL.md,208,documented_not_runtime_verified
Documented RenderProduct,Multi-GPU,omni:rtx:pt:mgpu:autoLoadBalancing:enabled,bool,true,True,[],,,/home/dillonb/DEV/skills-src/ovrtx/skills/render-settings/SKILL.md,209,documented_not_runtime_verified
Documented RenderProduct,Multi-GPU,omni:rtx:pt:mgpu:compressRadiance,bool,false,True,[],,,/home/dillonb/DEV/skills-src/ovrtx/skills/render-settings/SKILL.md,210,documented_not_runtime_verified
Documented RenderProduct,Multi-GPU,omni:rtx:pt:mgpu:compressAlbedo,bool,true,True,[],,,/home/dillonb/DEV/skills-src/ovrtx/skills/render-settings/SKILL.md,211,documented_not_runtime_verified
Documented RenderProduct,Multi-GPU,omni:rtx:pt:mgpu:compressNormals,bool,true,True,[],,,/home/dillonb/DEV/skills-src/ovrtx/skills/render-settings/SKILL.md,212,documented_not_runtime_verified
Documented RenderProduct,Multi-GPU,omni:rtx:multiThreading:enabled,bool,true,True,[],,,/home/dillonb/DEV/skills-src/ovrtx/skills/render-settings/SKILL.md,213,documented_not_runtime_verified
Documented RenderProduct,Global Volumetric Effects,omni:rtx:pt:ptvol:raySky,bool,false,True,[],,,/home/dillonb/DEV/skills-src/ovrtx/skills/render-settings/SKILL.md,219,documented_not_runtime_verified
Documented RenderProduct,Global Volumetric Effects,omni:rtx:pt:ptvol:raySkyScale,float,1.0,True,[],,,/home/dillonb/DEV/skills-src/ovrtx/skills/render-settings/SKILL.md,220,documented_not_runtime_verified
Documented RenderProduct,Global Volumetric Effects,omni:rtx:pt:ptvol:raySkyDomelight,bool,false,True,[],,,/home/dillonb/DEV/skills-src/ovrtx/skills/render-settings/SKILL.md,221,documented_not_runtime_verified
Documented RenderProduct,Anti-Aliasing,omni:rtx:pt:pixelFilter:filter,token,"""triangle""",True,[],,,/home/dillonb/DEV/skills-src/ovrtx/skills/render-settings/SKILL.md,227,documented_not_runtime_verified
Documented RenderProduct,Anti-Aliasing,omni:rtx:pt:pixelFilter:radius,float,1.0,True,[],,,/home/dillonb/DEV/skills-src/ovrtx/skills/render-settings/SKILL.md,228,documented_not_runtime_verified
Documented RenderProduct,View Lighting Mode (Camera Light),omni:rtx:scene:useViewLightingMode,bool,false,True,[],,Enable View Lighting Mode (camera light),/home/dillonb/DEV/skills-src/ovrtx/skills/render-settings/SKILL.md,238,documented_not_runtime_verified
Documented RenderProduct,View Lighting Mode (Camera Light),omni:rtx:viewLighting:lightType,token,"""distant""",True,[],,"Camera light type: `""distant""` or `""spot""`",/home/dillonb/DEV/skills-src/ovrtx/skills/render-settings/SKILL.md,239,documented_not_runtime_verified
Documented RenderProduct,View Lighting Mode (Camera Light),omni:rtx:viewLighting:color,color3f,"(1, 1, 1)",True,[],,Color of the camera light,/home/dillonb/DEV/skills-src/ovrtx/skills/render-settings/SKILL.md,240,documented_not_runtime_verified
Documented RenderProduct,View Lighting Mode (Camera Light),omni:rtx:viewLighting:intensity,float,3000.0,True,[],,Intensity of the camera light,/home/dillonb/DEV/skills-src/ovrtx/skills/render-settings/SKILL.md,241,documented_not_runtime_verified
Documented RenderProduct,View Lighting Mode (Camera Light),omni:rtx:viewLighting:normalize,bool,true,True,[],,"UsdLux `inputs:normalize` semantics: intensity independent of the spot radius / distant angle. Disable to treat intensity as surface radiance, which grows with the light size",/home/dillonb/DEV/skills-src/ovrtx/skills/render-settings/SKILL.md,242,documented_not_runtime_verified
Documented RenderProduct,View Lighting Mode (Camera Light),omni:rtx:viewLighting:angle,float,0.0,True,[],,Angular diameter in degrees (distant only),/home/dillonb/DEV/skills-src/ovrtx/skills/render-settings/SKILL.md,243,documented_not_runtime_verified
Documented RenderProduct,View Lighting Mode (Camera Light),omni:rtx:viewLighting:radius,float,0.05,True,[],,Sphere radius in world units; larger radii soften its specular highlights (spot only),/home/dillonb/DEV/skills-src/ovrtx/skills/render-settings/SKILL.md,244,documented_not_runtime_verified
Documented RenderProduct,View Lighting Mode (Camera Light),omni:rtx:viewLighting:coneAngle,float,90.0,True,[],,"Degrees from the view direction to the cone edge, UsdLux `shaping:cone:angle` semantics (spot only)",/home/dillonb/DEV/skills-src/ovrtx/skills/render-settings/SKILL.md,245,documented_not_runtime_verified
Documented RenderProduct,View Lighting Mode (Camera Light),omni:rtx:viewLighting:coneSoftness,float,0.0,True,[],,"Softness of the cone falloff, 0 = hard edge (spot only)",/home/dillonb/DEV/skills-src/ovrtx/skills/render-settings/SKILL.md,246,documented_not_runtime_verified
Documented RenderProduct,DomeLight MDL Material Baking,omni:rtx:lights:dome:baking:resolution,int,4096,True,[],,Texel width of the baked lat-long map; height is half the width,/home/dillonb/DEV/skills-src/ovrtx/skills/render-settings/SKILL.md,256,documented_not_runtime_verified
Documented RenderProduct,DomeLight MDL Material Baking,omni:rtx:domeLight:baking:spp,int,4,True,[],,Samples per texel,/home/dillonb/DEV/skills-src/ovrtx/skills/render-settings/SKILL.md,257,documented_not_runtime_verified
Documented RenderProduct,DomeLight MDL Material Baking,omni:rtx:lights:dome:baking:denoising:enabled,bool,false,True,[],,"Run the OptiX denoiser over the baked map, so a low `spp` still yields a clean texture",/home/dillonb/DEV/skills-src/ovrtx/skills/render-settings/SKILL.md,258,documented_not_runtime_verified
Documented RenderProduct,Minimal Settings,omni:rtx:minimal:mode,int,,False,[],,Minimal render mode variant,/home/dillonb/DEV/skills-src/ovrtx/skills/render-settings/SKILL.md,276,documented_not_runtime_verified
Documented RenderProduct,Minimal Settings,omni:rtx:minimal:constantColor,color3f,,False,[],,Constant color output,/home/dillonb/DEV/skills-src/ovrtx/skills/render-settings/SKILL.md,277,documented_not_runtime_verified
Documented RenderProduct,Minimal Settings,omni:rtx:minimal:castShadows,bool,,False,[],,Enable hard shadows from the first `DistantLight`,/home/dillonb/DEV/skills-src/ovrtx/skills/render-settings/SKILL.md,278,documented_not_runtime_verified
Documented RenderProduct,Minimal Settings,omni:rtx:rt:ambientLight:color,color3f,,False,[],,Ambient light color,/home/dillonb/DEV/skills-src/ovrtx/skills/render-settings/SKILL.md,279,documented_not_runtime_verified
Documented RenderProduct,Minimal Settings,omni:rtx:rt:ambientLight:intensity,float,,False,[],,Ambient light intensity,/home/dillonb/DEV/skills-src/ovrtx/skills/render-settings/SKILL.md,280,documented_not_runtime_verified
